pdb_id,chain,res_start,res_end,uniprot_id,target_length,mapped_length,uniprot_name,organism,gene_name,entry_status,belongs_to,mapped_class,mapped_superclass,binder,ligand
7EJL,A,1,180,A0A5H2UYS3,180,367,MHC class I antigen,Homo sapiens,HLA-A,Uniprotkb unreviewed (trembl),Belongs to the MHC class I family,HLA Class Ia,Classical MHC-I,no,yes
8RLV,A,1,179,P13747,179,358,"HLA class I histocompatibility antigen, alpha chain E",Homo sapiens,HLA-E,Uniprotkb reviewed (swiss-prot),Belongs to the MHC class I family,HLA Class Ib,Non-classical MHC-I,yes,yes
1QSE,A,1,180,P04439,180,365,"HLA class I histocompatibility antigen, A alpha chain",Homo sapiens,HLA-A,Uniprotkb reviewed (swiss-prot),Belongs to the MHC class I family,HLA Class Ia,Classical MHC-I,yes,yes
1P7Q,A,1,180,P04439,180,365,"HLA class I histocompatibility antigen, A alpha chain",Homo sapiens,HLA-A,Uniprotkb reviewed (swiss-prot),Belongs to the MHC class I family,HLA Class Ia,Classical MHC-I,no,yes
7P49,A,1,179,P13747,179,358,"HLA class I histocompatibility antigen, alpha chain E",Homo sapiens,HLA-E,Uniprotkb reviewed (swiss-prot),Belongs to the MHC class I family,HLA Class Ib,Non-classical MHC-I,no,yes
3X11,A,1,180,P01889,180,362,"HLA class I histocompatibility antigen, B alpha chain",Homo sapiens,HLA-B,Uniprotkb reviewed (swiss-prot),,HLA Class Ia,Classical MHC-I,no,yes
3X12,A,1,179,P01889,179,362,"HLA class I histocompatibility antigen, B alpha chain",Homo sapiens,HLA-B,Uniprotkb reviewed (swiss-prot),,HLA Class Ia,Classical MHC-I,no,yes
3VXU,A,1,180,P04439,180,365,"HLA class I histocompatibility antigen, A alpha chain",Homo sapiens,HLA-A,Uniprotkb reviewed (swiss-prot),Belongs to the MHC class I family,HLA Class Ia,Classical MHC-I,yes,yes
7BH8,A,1,179,P13747,179,358,"HLA class I histocompatibility antigen, alpha chain E",Homo sapiens,HLA-E,Uniprotkb reviewed (swiss-prot),Belongs to the MHC class I family,HLA Class Ib,Non-classical MHC-I,yes,yes
7NDT,AAA,1,177,P13747,177,358,"HLA class I histocompatibility antigen, alpha chain E",Homo sapiens,HLA-E,Uniprotkb reviewed (swiss-prot),Belongs to the MHC class I family,HLA Class Ib,Non-classical MHC-I,yes,yes
7LFZ,A,1,180,P01889,180,362,"HLA class I histocompatibility antigen, B alpha chain",Homo sapiens,HLA-B,Uniprotkb reviewed (swiss-prot),,HLA Class Ia,Classical MHC-I,no,yes
3BZF,A,1,179,P13747,179,358,"HLA class I histocompatibility antigen, alpha chain E",Homo sapiens,HLA-E,Uniprotkb reviewed (swiss-prot),Belongs to the MHC class I family,HLA Class Ib,Non-classical MHC-I,no,yes
7TUD,A,1,180,D5H3J5,180,362,HLA class I histocompatibility antigen B alpha chain,Homo sapiens,HLA-B,Uniprotkb unreviewed (trembl),Belongs to the MHC class I family,HLA Class Ia,Classical MHC-I,no,yes
6J1W,A,1,180,P04439,180,365,"HLA class I histocompatibility antigen, A alpha chain",Homo sapiens,HLA-A,Uniprotkb reviewed (swiss-prot),Belongs to the MHC class I family,HLA Class Ia,Classical MHC-I,no,yes
1BD2,A,1,180,P04439,180,365,"HLA class I histocompatibility antigen, A alpha chain",Homo sapiens,HLA-A,Uniprotkb reviewed (swiss-prot),Belongs to the MHC class I family,HLA Class Ia,Classical MHC-I,yes,yes
5JZI,A,1,180,P04439,180,365,"HLA class I histocompatibility antigen, A alpha chain",Homo sapiens,HLA-A,Uniprotkb reviewed (swiss-prot),Belongs to the MHC class I family,HLA Class Ia,Classical MHC-I,yes,yes
5EO1,A,1,179,P01889,179,362,"HLA class I histocompatibility antigen, B alpha chain",Homo sapiens,HLA-B,Uniprotkb reviewed (swiss-prot),,HLA Class Ia,Classical MHC-I,no,yes
6P27,A,1,179,P01889,179,362,"HLA class I histocompatibility antigen, B alpha chain",Homo sapiens,HLA-B,Uniprotkb reviewed (swiss-prot),,HLA Class Ia,Classical MHC-I,no,yes
2D31,A,1,180,P17693,180,338,"HLA class I histocompatibility antigen, alpha chain G",Homo sapiens,HLA-G,Uniprotkb reviewed (swiss-prot),Belongs to the MHC class I family,HLA Class Ib,Non-classical MHC-I,no,yes
3GSN,H,1,180,P04439,180,365,"HLA class I histocompatibility antigen, A alpha chain",Homo sapiens,HLA-A,Uniprotkb reviewed (swiss-prot),Belongs to the MHC class I family,HLA Class Ia,Classical MHC-I,yes,yes
1T22,A,1,180,P04439,180,365,"HLA class I histocompatibility antigen, A alpha chain",Homo sapiens,HLA-A,Uniprotkb reviewed (swiss-prot),Belongs to the MHC class I family,HLA Class Ia,Classical MHC-I,no,yes
7OW6,A,1,180,A0A583ZB34,180,371,MHC class I antigen,Homo sapiens,HLA-A,Uniprotkb unreviewed (trembl),Belongs to the MHC class I family,HLA Class Ia,Classical MHC-I,yes,yes
1T1Y,A,1,180,P04439,180,365,"HLA class I histocompatibility antigen, A alpha chain",Homo sapiens,HLA-A,Uniprotkb reviewed (swiss-prot),Belongs to the MHC class I family,HLA Class Ia,Classical MHC-I,no,yes
3FQU,A,1,180,P04439,180,365,"HLA class I histocompatibility antigen, A alpha chain",Homo sapiens,HLA-A,Uniprotkb reviewed (swiss-prot),Belongs to the MHC class I family,HLA Class Ia,Classical MHC-I,no,yes
7UM2,A,1,180,Q53Z42,180,365,HLA class I antigen,Homo sapiens,HLA-A,Uniprotkb unreviewed (trembl),Belongs to the MHC class I family,HLA Class Ia,Classical MHC-I,no,yes
8ZV9,A,5,183,A0A7T3RIT5,179,336,MHC class I antigen,Homo sapiens,HLA-A,Uniprotkb unreviewed (trembl),Belongs to the MHC class I family,HLA Class Ia,Classical MHC-I,no,yes
5VVP,A,1,180,I3ZN84,180,362,HLA-B alpha chain (B*5703GB),Homo sapiens,HLA-B,Uniprotkb unreviewed (trembl),Belongs to the MHC class I family,HLA Class Ia,Classical MHC-I,no,yes
6ZKW,A,1,178,P13747,178,358,"HLA class I histocompatibility antigen, alpha chain E",Homo sapiens,HLA-E,Uniprotkb reviewed (swiss-prot),Belongs to the MHC class I family,HLA Class Ib,Non-classical MHC-I,yes,yes
7LG0,A,1,180,P01889,180,362,"HLA class I histocompatibility antigen, B alpha chain",Homo sapiens,HLA-B,Uniprotkb reviewed (swiss-prot),,HLA Class Ia,Classical MHC-I,no,yes
1HHK,A,1,180,P04439,180,365,"HLA class I histocompatibility antigen, A alpha chain",Homo sapiens,HLA-A,Uniprotkb reviewed (swiss-prot),Belongs to the MHC class I family,HLA Class Ia,Classical MHC-I,no,yes
5XOV,A,1,180,P04439,180,365,"HLA class I histocompatibility antigen, A alpha chain",Homo sapiens,HLA-A,Uniprotkb reviewed (swiss-prot),Belongs to the MHC class I family,HLA Class Ia,Classical MHC-I,yes,yes
1T1Z,A,1,180,P04439,180,365,"HLA class I histocompatibility antigen, A alpha chain",Homo sapiens,HLA-A,Uniprotkb reviewed (swiss-prot),Belongs to the MHC class I family,HLA Class Ia,Classical MHC-I,no,yes
7ZUC,A,1,180,O78126,180,362,MHC class I HLA-A,Homo sapiens,HLA-A,Uniprotkb unreviewed (trembl),Belongs to the MHC class I family,HLA Class Ia,Classical MHC-I,no,yes
7SIS,A,1,180,Q861F7,180,341,MHC class I antigen,Homo sapiens,HLA-A,Uniprotkb unreviewed (trembl),Belongs to the MHC class I family,HLA Class Ia,Classical MHC-I,no,yes
5TXS,A,1,180,P01889,180,362,"HLA class I histocompatibility antigen, B alpha chain",Homo sapiens,HLA-B,Uniprotkb reviewed (swiss-prot),,HLA Class Ia,Classical MHC-I,no,yes
5VWD,A,1,180,P01889,180,362,"HLA class I histocompatibility antigen, B alpha chain",Homo sapiens,HLA-B,Uniprotkb reviewed (swiss-prot),,HLA Class Ia,Classical MHC-I,no,yes
6Z9W,A,1,180,A0A140T913,180,371,"Major histocompatibility complex, class I, A",Homo sapiens,HLA-A,Uniprotkb unreviewed (trembl),Belongs to the MHC class I family,HLA Class Ia,Classical MHC-I,no,yes
5WWU,A,1,180,P04439,180,365,"HLA class I histocompatibility antigen, A alpha chain",Homo sapiens,HLA-A,Uniprotkb reviewed (swiss-prot),Belongs to the MHC class I family,HLA Class Ia,Classical MHC-I,no,yes
8YE4,A,1,180,Q6IVJ7,180,299,MHC class I antigen precusor,Homo sapiens,HLA-A,Uniprotkb unreviewed (trembl),Belongs to the MHC class I family,HLA Class Ia,Classical MHC-I,yes,yes
7NME,A,1,180,A0A5H2UYS3,180,367,MHC class I antigen,Homo sapiens,HLA-A,Uniprotkb unreviewed (trembl),Belongs to the MHC class I family,HLA Class Ia,Classical MHC-I,yes,yes
3VXS,A,1,180,P04439,180,365,"HLA class I histocompatibility antigen, A alpha chain",Homo sapiens,HLA-A,Uniprotkb reviewed (swiss-prot),Belongs to the MHC class I family,HLA Class Ia,Classical MHC-I,yes,yes
5VWF,A,1,180,P01889,180,362,"HLA class I histocompatibility antigen, B alpha chain",Homo sapiens,HLA-B,Uniprotkb reviewed (swiss-prot),,HLA Class Ia,Classical MHC-I,no,yes
6P23,A,1,179,P01889,179,362,"HLA class I histocompatibility antigen, B alpha chain",Homo sapiens,HLA-B,Uniprotkb reviewed (swiss-prot),,HLA Class Ia,Classical MHC-I,no,yes
4F7P,A,1,180,P04439,180,365,"HLA class I histocompatibility antigen, A alpha chain",Homo sapiens,HLA-A,Uniprotkb reviewed (swiss-prot),Belongs to the MHC class I family,HLA Class Ia,Classical MHC-I,no,yes
5HHQ,A,1,180,P04439,180,365,"HLA class I histocompatibility antigen, A alpha chain",Homo sapiens,HLA-A,Uniprotkb reviewed (swiss-prot),Belongs to the MHC class I family,HLA Class Ia,Classical MHC-I,no,yes
7BBG,A,1,180,A0A140T913,180,371,"Major histocompatibility complex, class I, A",Homo sapiens,HLA-A,Uniprotkb unreviewed (trembl),Belongs to the MHC class I family,HLA Class Ia,Classical MHC-I,yes,yes
7RTD,A,1,180,Q53Z42,180,365,HLA class I antigen,Homo sapiens,HLA-A,Uniprotkb unreviewed (trembl),Belongs to the MHC class I family,HLA Class Ia,Classical MHC-I,no,yes
2ESV,A,1,179,P13747,179,358,"HLA class I histocompatibility antigen, alpha chain E",Homo sapiens,HLA-E,Uniprotkb reviewed (swiss-prot),Belongs to the MHC class I family,HLA Class Ib,Non-classical MHC-I,yes,yes
4NO0,A,1,180,P04439,180,365,"HLA class I histocompatibility antigen, A alpha chain",Homo sapiens,HLA-A,Uniprotkb reviewed (swiss-prot),Belongs to the MHC class I family,HLA Class Ia,Classical MHC-I,no,yes
5HGB,A,1,180,P04439,180,365,"HLA class I histocompatibility antigen, A alpha chain",Homo sapiens,HLA-A,Uniprotkb reviewed (swiss-prot),Belongs to the MHC class I family,HLA Class Ia,Classical MHC-I,no,yes
7NMD,A,1,180,A0A5H2UYS3,180,367,MHC class I antigen,Homo sapiens,HLA-A,Uniprotkb unreviewed (trembl),Belongs to the MHC class I family,HLA Class Ia,Classical MHC-I,no,yes
7N6E,A,1,180,A0A140T913,180,371,"Major histocompatibility complex, class I, A",Homo sapiens,HLA-A,Uniprotkb unreviewed (trembl),Belongs to the MHC class I family,HLA Class Ia,Classical MHC-I,yes,yes
1A9E,A,1,180,P01889,180,362,"HLA class I histocompatibility antigen, B alpha chain",Homo sapiens,HLA-B,Uniprotkb reviewed (swiss-prot),,HLA Class Ia,Classical MHC-I,no,yes
7U1R,A,1,180,Q53Z42,180,365,HLA class I antigen,Homo sapiens,HLA-A,Uniprotkb unreviewed (trembl),Belongs to the MHC class I family,HLA Class Ia,Classical MHC-I,no,yes
7JYX,A,1,180,A0A5H2UYS3,180,367,MHC class I antigen,Homo sapiens,HLA-A,Uniprotkb unreviewed (trembl),Belongs to the MHC class I family,HLA Class Ia,Classical MHC-I,no,yes
7P4B,A,1,179,P13747,179,358,"HLA class I histocompatibility antigen, alpha chain E",Homo sapiens,HLA-E,Uniprotkb reviewed (swiss-prot),Belongs to the MHC class I family,HLA Class Ib,Non-classical MHC-I,no,yes
1Q94,A,1,180,P04439,180,365,"HLA class I histocompatibility antigen, A alpha chain",Homo sapiens,HLA-A,Uniprotkb reviewed (swiss-prot),Belongs to the MHC class I family,HLA Class Ia,Classical MHC-I,no,yes
2F54,A,1,180,P04439,180,365,"HLA class I histocompatibility antigen, A alpha chain",Homo sapiens,HLA-A,Uniprotkb reviewed (swiss-prot),Belongs to the MHC class I family,HLA Class Ia,Classical MHC-I,yes,yes
5XOT,A,1,180,P01889,180,362,"HLA class I histocompatibility antigen, B alpha chain",Homo sapiens,HLA-B,Uniprotkb reviewed (swiss-prot),,HLA Class Ia,Classical MHC-I,yes,yes
4QOK,A,1,180,P04439,180,365,"HLA class I histocompatibility antigen, A alpha chain",Homo sapiens,HLA-A,Uniprotkb reviewed (swiss-prot),Belongs to the MHC class I family,HLA Class Ia,Classical MHC-I,yes,yes
1T21,A,1,180,P04439,180,365,"HLA class I histocompatibility antigen, A alpha chain",Homo sapiens,HLA-A,Uniprotkb reviewed (swiss-prot),Belongs to the MHC class I family,HLA Class Ia,Classical MHC-I,no,yes
3RL2,A,1,180,P04439,180,365,"HLA class I histocompatibility antigen, A alpha chain",Homo sapiens,HLA-A,Uniprotkb reviewed (swiss-prot),Belongs to the MHC class I family,HLA Class Ia,Classical MHC-I,no,yes
7TR4,A,1,180,A0A140T9X5,180,371,"Major histocompatibility complex, class I, A",Homo sapiens,HLA-A,Uniprotkb unreviewed (trembl),Belongs to the MHC class I family,HLA Class Ia,Classical MHC-I,yes,yes
6MTM,A,1,178,P01889,178,362,"HLA class I histocompatibility antigen, B alpha chain",Homo sapiens,HLA-B,Uniprotkb reviewed (swiss-prot),,HLA Class Ia,Classical MHC-I,yes,yes
7MJA,A,1,180,A0A5H2UYS3,180,367,MHC class I antigen,Homo sapiens,HLA-A,Uniprotkb unreviewed (trembl),Belongs to the MHC class I family,HLA Class Ia,Classical MHC-I,no,yes
3GSW,A,1,180,P04439,180,365,"HLA class I histocompatibility antigen, A alpha chain",Homo sapiens,HLA-A,Uniprotkb reviewed (swiss-prot),Belongs to the MHC class I family,HLA Class Ia,Classical MHC-I,no,yes
1AKJ,A,1,180,P04439,180,365,"HLA class I histocompatibility antigen, A alpha chain",Homo sapiens,HLA-A,Uniprotkb reviewed (swiss-prot),Belongs to the MHC class I family,HLA Class Ia,Classical MHC-I,no,yes
1QSF,A,1,180,P04439,180,365,"HLA class I histocompatibility antigen, A alpha chain",Homo sapiens,HLA-A,Uniprotkb reviewed (swiss-prot),Belongs to the MHC class I family,HLA Class Ia,Classical MHC-I,yes,yes
5W6A,A,1,179,P10321,179,366,"HLA class I histocompatibility antigen, C alpha chain",Homo sapiens,HLA-C,Uniprotkb reviewed (swiss-prot),,HLA Class Ia,Classical MHC-I,no,yes
3FQT,A,1,180,P04439,180,365,"HLA class I histocompatibility antigen, A alpha chain",Homo sapiens,HLA-A,Uniprotkb reviewed (swiss-prot),Belongs to the MHC class I family,HLA Class Ia,Classical MHC-I,no,yes
4F7M,A,1,180,P04439,180,365,"HLA class I histocompatibility antigen, A alpha chain",Homo sapiens,HLA-A,Uniprotkb reviewed (swiss-prot),Belongs to the MHC class I family,HLA Class Ia,Classical MHC-I,no,yes
1HHH,A,1,180,P04439,180,365,"HLA class I histocompatibility antigen, A alpha chain",Homo sapiens,HLA-A,Uniprotkb reviewed (swiss-prot),Belongs to the MHC class I family,HLA Class Ia,Classical MHC-I,no,yes
8QFY,AAA,1,179,P13747,179,358,"HLA class I histocompatibility antigen, alpha chain E",Homo sapiens,HLA-E,Uniprotkb reviewed (swiss-prot),Belongs to the MHC class I family,HLA Class Ib,Non-classical MHC-I,yes,yes
1T1X,A,1,180,P04439,180,365,"HLA class I histocompatibility antigen, A alpha chain",Homo sapiens,HLA-A,Uniprotkb reviewed (swiss-prot),Belongs to the MHC class I family,HLA Class Ia,Classical MHC-I,no,yes
6W51,A,1,180,A0A140T913,180,371,"Major histocompatibility complex, class I, A",Homo sapiens,HLA-A,Uniprotkb unreviewed (trembl),Belongs to the MHC class I family,HLA Class Ia,Classical MHC-I,no,yes
7NDQ,AAA,1,179,P13747,179,358,"HLA class I histocompatibility antigen, alpha chain E",Homo sapiens,HLA-E,Uniprotkb reviewed (swiss-prot),Belongs to the MHC class I family,HLA Class Ib,Non-classical MHC-I,yes,yes
8EN8,A,1,180,F4NBT2,180,337,MHC class I antigen,Homo sapiens,HLA-B,Uniprotkb unreviewed (trembl),Belongs to the MHC class I family,HLA Class Ia,Classical MHC-I,yes,yes
7S8S,A,1,180,U5YJK1,180,337,MHC class I antigen,Homo sapiens,HLA-A,Uniprotkb unreviewed (trembl),Belongs to the MHC class I family,HLA Class Ia,Classical MHC-I,no,yes
6J2A,A,1,180,P04439,180,365,"HLA class I histocompatibility antigen, A alpha chain",Homo sapiens,HLA-A,Uniprotkb reviewed (swiss-prot),Belongs to the MHC class I family,HLA Class Ia,Classical MHC-I,no,yes
5WJL,A,1,180,P04439,180,365,"HLA class I histocompatibility antigen, A alpha chain",Homo sapiens,HLA-A,Uniprotkb reviewed (swiss-prot),Belongs to the MHC class I family,HLA Class Ia,Classical MHC-I,no,yes
7S7E,A,1,179,P01889,179,362,"HLA class I histocompatibility antigen, B alpha chain",Homo sapiens,HLA-B,Uniprotkb reviewed (swiss-prot),,HLA Class Ia,Classical MHC-I,no,yes
6UZ1,A,1,180,A0A140T913,180,371,"Major histocompatibility complex, class I, A",Homo sapiens,HLA-A,Uniprotkb unreviewed (trembl),Belongs to the MHC class I family,HLA Class Ia,Classical MHC-I,no,yes
7WJ2,A,1,180,A0A858LG55,180,366,MHC class I antigen,Homo sapiens,HLA-C,Uniprotkb unreviewed (trembl),Belongs to the MHC class I family,HLA Class Ia,Classical MHC-I,no,yes
3D3V,A,1,180,P04439,180,365,"HLA class I histocompatibility antigen, A alpha chain",Homo sapiens,HLA-A,Uniprotkb reviewed (swiss-prot),Belongs to the MHC class I family,HLA Class Ia,Classical MHC-I,yes,yes
7F4W,A,6,185,D9UAY1,180,337,MHC class I antigen,Homo sapiens,HLA-A,Uniprotkb unreviewed (trembl),Belongs to the MHC class I family,HLA Class Ia,Classical MHC-I,no,yes
3I6L,D,1,180,P04439,180,365,"HLA class I histocompatibility antigen, A alpha chain",Homo sapiens,HLA-A,Uniprotkb reviewed (swiss-prot),Belongs to the MHC class I family,HLA Class Ia,Classical MHC-I,no,yes
1XR9,A,1,180,P01889,180,362,"HLA class I histocompatibility antigen, B alpha chain",Homo sapiens,HLA-B,Uniprotkb reviewed (swiss-prot),,HLA Class Ia,Classical MHC-I,no,yes
2XPG,A,1,180,P04439,180,365,"HLA class I histocompatibility antigen, A alpha chain",Homo sapiens,HLA-A,Uniprotkb reviewed (swiss-prot),Belongs to the MHC class I family,HLA Class Ia,Classical MHC-I,no,yes
6J1V,A,1,180,A0A173ADK6,180,365,MHC class I antigen,Homo sapiens,HLA-A,Uniprotkb unreviewed (trembl),Belongs to the MHC class I family,HLA Class Ia,Classical MHC-I,no,yes
3PWP,A,1,180,P04439,180,365,"HLA class I histocompatibility antigen, A alpha chain",Homo sapiens,HLA-A,Uniprotkb reviewed (swiss-prot),Belongs to the MHC class I family,HLA Class Ia,Classical MHC-I,yes,yes
3KXF,A,1,180,P01889,180,362,"HLA class I histocompatibility antigen, B alpha chain",Homo sapiens,HLA-B,Uniprotkb reviewed (swiss-prot),,HLA Class Ia,Classical MHC-I,yes,yes
1I4F,A,1,180,P04439,180,365,"HLA class I histocompatibility antigen, A alpha chain",Homo sapiens,HLA-A,Uniprotkb reviewed (swiss-prot),Belongs to the MHC class I family,HLA Class Ia,Classical MHC-I,no,yes
8RYO,A,1,180,P04439,180,365,"HLA class I histocompatibility antigen, A alpha chain",Homo sapiens,HLA-A,Uniprotkb reviewed (swiss-prot),Belongs to the MHC class I family,HLA Class Ia,Classical MHC-I,yes,yes
6MT3,A,1,180,P01889,180,362,"HLA class I histocompatibility antigen, B alpha chain",Homo sapiens,HLA-B,Uniprotkb reviewed (swiss-prot),,HLA Class Ia,Classical MHC-I,no,yes
3V5K,A,1,180,P04439,180,365,"HLA class I histocompatibility antigen, A alpha chain",Homo sapiens,HLA-A,Uniprotkb reviewed (swiss-prot),Belongs to the MHC class I family,HLA Class Ia,Classical MHC-I,no,yes
6UK2,A,1,180,U5YJP1,180,337,MHC class I antigen,Homo sapiens,HLA-A,Uniprotkb unreviewed (trembl),Belongs to the MHC class I family,HLA Class Ia,Classical MHC-I,no,yes
7KGO,A,1,180,Q861F7,180,341,MHC class I antigen,Homo sapiens,HLA-A,Uniprotkb unreviewed (trembl),Belongs to the MHC class I family,HLA Class Ia,Classical MHC-I,no,yes
7RTR,A,1,180,Q53Z42,180,365,HLA class I antigen,Homo sapiens,HLA-A,Uniprotkb unreviewed (trembl),Belongs to the MHC class I family,HLA Class Ia,Classical MHC-I,yes,yes
3WLB,A,1,180,P04439,180,365,"HLA class I histocompatibility antigen, A alpha chain",Homo sapiens,HLA-A,Uniprotkb reviewed (swiss-prot),Belongs to the MHC class I family,HLA Class Ia,Classical MHC-I,no,yes
8RBV,A,2,181,Q53Z42,180,365,HLA class I antigen,Homo sapiens,HLA-A,Uniprotkb unreviewed (trembl),Belongs to the MHC class I family,HLA Class Ia,Classical MHC-I,no,yes
6UJ7,A,1,179,P01889,179,362,"HLA class I histocompatibility antigen, B alpha chain",Homo sapiens,HLA-B,Uniprotkb reviewed (swiss-prot),,HLA Class Ia,Classical MHC-I,no,yes
6GHN,A,1,179,P13747,179,358,"HLA class I histocompatibility antigen, alpha chain E",Homo sapiens,HLA-E,Uniprotkb reviewed (swiss-prot),Belongs to the MHC class I family,HLA Class Ib,Non-classical MHC-I,no,yes
7JYU,A,1,180,A0A5H2UYS3,180,367,MHC class I antigen,Homo sapiens,HLA-A,Uniprotkb unreviewed (trembl),Belongs to the MHC class I family,HLA Class Ia,Classical MHC-I,no,yes
1T1W,A,1,180,P04439,180,365,"HLA class I histocompatibility antigen, A alpha chain",Homo sapiens,HLA-A,Uniprotkb reviewed (swiss-prot),Belongs to the MHC class I family,HLA Class Ia,Classical MHC-I,no,yes
8XKC,A,1,180,A0A0G2JPD3,180,394,"Major histocompatibility complex, class I, A",Homo sapiens,HLA-A,Uniprotkb unreviewed (trembl),Belongs to the MHC class I family,HLA Class Ia,Classical MHC-I,no,yes
6VM8,A,1,180,A0A140T913,180,371,"Major histocompatibility complex, class I, A",Homo sapiens,HLA-A,Uniprotkb unreviewed (trembl),Belongs to the MHC class I family,HLA Class Ia,Classical MHC-I,yes,yes
6ZKZ,A,1,178,P13747,178,358,"HLA class I histocompatibility antigen, alpha chain E",Homo sapiens,HLA-E,Uniprotkb reviewed (swiss-prot),Belongs to the MHC class I family,HLA Class Ib,Non-classical MHC-I,yes,yes
4QRR,A,1,180,P01889,180,362,"HLA class I histocompatibility antigen, B alpha chain",Homo sapiens,HLA-B,Uniprotkb reviewed (swiss-prot),,HLA Class Ia,Classical MHC-I,yes,yes
3VXP,A,1,180,P04439,180,365,"HLA class I histocompatibility antigen, A alpha chain",Homo sapiens,HLA-A,Uniprotkb reviewed (swiss-prot),Belongs to the MHC class I family,HLA Class Ia,Classical MHC-I,no,yes
5WSH,A,1,180,P04439,180,365,"HLA class I histocompatibility antigen, A alpha chain",Homo sapiens,HLA-A,Uniprotkb reviewed (swiss-prot),Belongs to the MHC class I family,HLA Class Ia,Classical MHC-I,no,yes
5VZ5,A,1,180,P01889,180,362,"HLA class I histocompatibility antigen, B alpha chain",Homo sapiens,HLA-B,Uniprotkb reviewed (swiss-prot),,HLA Class Ia,Classical MHC-I,no,yes
5WWJ,A,1,180,P04439,180,365,"HLA class I histocompatibility antigen, A alpha chain",Homo sapiens,HLA-A,Uniprotkb reviewed (swiss-prot),Belongs to the MHC class I family,HLA Class Ia,Classical MHC-I,no,yes
5HHN,A,1,180,P04439,180,365,"HLA class I histocompatibility antigen, A alpha chain",Homo sapiens,HLA-A,Uniprotkb reviewed (swiss-prot),Belongs to the MHC class I family,HLA Class Ia,Classical MHC-I,no,yes
1S8D,A,1,180,P04439,180,365,"HLA class I histocompatibility antigen, A alpha chain",Homo sapiens,HLA-A,Uniprotkb reviewed (swiss-prot),Belongs to the MHC class I family,HLA Class Ia,Classical MHC-I,no,yes
7RK7,A,1,180,P04439,180,365,"HLA class I histocompatibility antigen, A alpha chain",Homo sapiens,HLA-A,Uniprotkb reviewed (swiss-prot),Belongs to the MHC class I family,HLA Class Ia,Classical MHC-I,yes,yes
4JFP,A,1,180,P04439,180,365,"HLA class I histocompatibility antigen, A alpha chain",Homo sapiens,HLA-A,Uniprotkb reviewed (swiss-prot),Belongs to the MHC class I family,HLA Class Ia,Classical MHC-I,no,yes
6ZKY,A,1,178,P13747,178,358,"HLA class I histocompatibility antigen, alpha chain E",Homo sapiens,HLA-E,Uniprotkb reviewed (swiss-prot),Belongs to the MHC class I family,HLA Class Ib,Non-classical MHC-I,yes,yes
8I5D,H,1,180,U5YJJ6,180,337,MHC class I antigen,Homo sapiens,HLA-A,Uniprotkb unreviewed (trembl),Belongs to the MHC class I family,HLA Class Ia,Classical MHC-I,yes,yes
1DUY,A,1,180,P04439,180,365,"HLA class I histocompatibility antigen, A alpha chain",Homo sapiens,HLA-A,Uniprotkb reviewed (swiss-prot),Belongs to the MHC class I family,HLA Class Ia,Classical MHC-I,no,yes
7PBE,A,1,180,A0A140T913,180,371,"Major histocompatibility complex, class I, A",Homo sapiens,HLA-A,Uniprotkb unreviewed (trembl),Belongs to the MHC class I family,HLA Class Ia,Classical MHC-I,yes,yes
3UTT,A,1,180,P04439,180,365,"HLA class I histocompatibility antigen, A alpha chain",Homo sapiens,HLA-A,Uniprotkb reviewed (swiss-prot),Belongs to the MHC class I family,HLA Class Ia,Classical MHC-I,yes,yes
3H9S,A,1,180,P04439,180,365,"HLA class I histocompatibility antigen, A alpha chain",Homo sapiens,HLA-A,Uniprotkb reviewed (swiss-prot),Belongs to the MHC class I family,HLA Class Ia,Classical MHC-I,yes,yes
4O2F,A,1,180,P01889,180,362,"HLA class I histocompatibility antigen, B alpha chain",Homo sapiens,HLA-B,Uniprotkb reviewed (swiss-prot),,HLA Class Ia,Classical MHC-I,no,yes
1A9B,A,1,180,P01889,180,362,"HLA class I histocompatibility antigen, B alpha chain",Homo sapiens,HLA-B,Uniprotkb reviewed (swiss-prot),,HLA Class Ia,Classical MHC-I,no,yes
6ZKX,A,1,177,P13747,177,358,"HLA class I histocompatibility antigen, alpha chain E",Homo sapiens,HLA-E,Uniprotkb reviewed (swiss-prot),Belongs to the MHC class I family,HLA Class Ib,Non-classical MHC-I,yes,yes
7EJM,A,1,180,A0A5H2UYS3,180,367,MHC class I antigen,Homo sapiens,HLA-A,Uniprotkb unreviewed (trembl),Belongs to the MHC class I family,HLA Class Ia,Classical MHC-I,no,yes
1YDP,A,1,179,P17693,179,338,"HLA class I histocompatibility antigen, alpha chain G",Homo sapiens,HLA-G,Uniprotkb reviewed (swiss-prot),Belongs to the MHC class I family,HLA Class Ib,Non-classical MHC-I,no,yes
3V5D,A,1,180,P04439,180,365,"HLA class I histocompatibility antigen, A alpha chain",Homo sapiens,HLA-A,Uniprotkb reviewed (swiss-prot),Belongs to the MHC class I family,HLA Class Ia,Classical MHC-I,no,yes
3QFJ,A,1,180,P04439,180,365,"HLA class I histocompatibility antigen, A alpha chain",Homo sapiens,HLA-A,Uniprotkb reviewed (swiss-prot),Belongs to the MHC class I family,HLA Class Ia,Classical MHC-I,yes,yes
6ULI,A,1,179,C1K0Y1,179,366,HLA class I antigen,Homo sapiens,HLA-C,Uniprotkb unreviewed (trembl),Belongs to the MHC class I family,HLA Class Ia,Classical MHC-I,no,yes
2NX5,A,1,180,P01889,180,362,"HLA class I histocompatibility antigen, B alpha chain",Homo sapiens,HLA-B,Uniprotkb reviewed (swiss-prot),,HLA Class Ia,Classical MHC-I,yes,yes
7LG2,A,1,180,A0A140T913,180,371,"Major histocompatibility complex, class I, A",Homo sapiens,HLA-A,Uniprotkb unreviewed (trembl),Belongs to the MHC class I family,HLA Class Ia,Classical MHC-I,no,yes
6GGM,A,1,179,P13747,179,358,"HLA class I histocompatibility antigen, alpha chain E",Homo sapiens,HLA-E,Uniprotkb reviewed (swiss-prot),Belongs to the MHC class I family,HLA Class Ib,Non-classical MHC-I,no,yes
1CG9,A,1,180,P01889,180,362,"HLA class I histocompatibility antigen, B alpha chain",Homo sapiens,HLA-B,Uniprotkb reviewed (swiss-prot),,HLA Class Ia,Classical MHC-I,no,yes
5ENW,A,1,180,P04439,180,365,"HLA class I histocompatibility antigen, A alpha chain",Homo sapiens,HLA-A,Uniprotkb reviewed (swiss-prot),Belongs to the MHC class I family,HLA Class Ia,Classical MHC-I,no,yes
7S8Q,A,1,180,U5YJK1,180,337,MHC class I antigen,Homo sapiens,HLA-A,Uniprotkb unreviewed (trembl),Belongs to the MHC class I family,HLA Class Ia,Classical MHC-I,no,yes
3WL9,A,1,180,P04439,180,365,"HLA class I histocompatibility antigen, A alpha chain",Homo sapiens,HLA-A,Uniprotkb reviewed (swiss-prot),Belongs to the MHC class I family,HLA Class Ia,Classical MHC-I,no,yes
1S9Y,A,1,180,P04439,180,365,"HLA class I histocompatibility antigen, A alpha chain",Homo sapiens,HLA-A,Uniprotkb reviewed (swiss-prot),Belongs to the MHC class I family,HLA Class Ia,Classical MHC-I,no,yes
2CLR,A,1,180,P04439,180,365,"HLA class I histocompatibility antigen, A alpha chain",Homo sapiens,HLA-A,Uniprotkb reviewed (swiss-prot),Belongs to the MHC class I family,HLA Class Ia,Classical MHC-I,no,yes
5IUE,A,1,179,P30511,179,346,"HLA class I histocompatibility antigen, alpha chain F",Homo sapiens,HLA-F,Uniprotkb reviewed (swiss-prot),Belongs to the MHC class I family,HLA Class Ib,Non-classical MHC-I,no,yes
3MGT,A,1,180,P04439,180,365,"HLA class I histocompatibility antigen, A alpha chain",Homo sapiens,HLA-A,Uniprotkb reviewed (swiss-prot),Belongs to the MHC class I family,HLA Class Ia,Classical MHC-I,no,yes
5F9J,A,1,180,P04439,180,365,"HLA class I histocompatibility antigen, A alpha chain",Homo sapiens,HLA-A,Uniprotkb reviewed (swiss-prot),Belongs to the MHC class I family,HLA Class Ia,Classical MHC-I,no,yes
3OX8,A,1,180,Q2LC95,180,365,HLA class I histocompatibility antigen A alpha chain,Homo sapiens,HLA-A,Uniprotkb unreviewed (trembl),Belongs to the MHC class I family,HLA Class Ia,Classical MHC-I,no,yes
1E27,A,1,180,P01889,180,362,"HLA class I histocompatibility antigen, B alpha chain",Homo sapiens,HLA-B,Uniprotkb reviewed (swiss-prot),,HLA Class Ia,Classical MHC-I,no,yes
3FT2,A,1,180,P04439,180,365,"HLA class I histocompatibility antigen, A alpha chain",Homo sapiens,HLA-A,Uniprotkb reviewed (swiss-prot),Belongs to the MHC class I family,HLA Class Ia,Classical MHC-I,no,yes
3FQW,A,1,180,P04439,180,365,"HLA class I histocompatibility antigen, A alpha chain",Homo sapiens,HLA-A,Uniprotkb reviewed (swiss-prot),Belongs to the MHC class I family,HLA Class Ia,Classical MHC-I,no,yes
1T20,A,1,180,P04439,180,365,"HLA class I histocompatibility antigen, A alpha chain",Homo sapiens,HLA-A,Uniprotkb reviewed (swiss-prot),Belongs to the MHC class I family,HLA Class Ia,Classical MHC-I,no,yes
3C9N,A,1,180,P01889,180,362,"HLA class I histocompatibility antigen, B alpha chain",Homo sapiens,HLA-B,Uniprotkb reviewed (swiss-prot),,HLA Class Ia,Classical MHC-I,no,yes
4WU5,A,1,180,P04439,180,365,"HLA class I histocompatibility antigen, A alpha chain",Homo sapiens,HLA-A,Uniprotkb reviewed (swiss-prot),Belongs to the MHC class I family,HLA Class Ia,Classical MHC-I,no,yes
2BVP,A,1,180,P01889,180,362,"HLA class I histocompatibility antigen, B alpha chain",Homo sapiens,HLA-B,Uniprotkb reviewed (swiss-prot),,HLA Class Ia,Classical MHC-I,no,yes
7KGS,A,1,180,Q861F7,180,341,MHC class I antigen,Homo sapiens,HLA-A,Uniprotkb unreviewed (trembl),Belongs to the MHC class I family,HLA Class Ia,Classical MHC-I,no,yes
4NQV,A,1,180,P04439,180,365,"HLA class I histocompatibility antigen, A alpha chain",Homo sapiens,HLA-A,Uniprotkb reviewed (swiss-prot),Belongs to the MHC class I family,HLA Class Ia,Classical MHC-I,no,yes
6AEE,A,1,179,P17693,179,338,"HLA class I histocompatibility antigen, alpha chain G",Homo sapiens,HLA-G,Uniprotkb reviewed (swiss-prot),Belongs to the MHC class I family,HLA Class Ib,Non-classical MHC-I,no,yes
6JP3,A,1,180,P04439,180,365,"HLA class I histocompatibility antigen, A alpha chain",Homo sapiens,HLA-A,Uniprotkb reviewed (swiss-prot),Belongs to the MHC class I family,HLA Class Ia,Classical MHC-I,no,yes
5HGA,A,1,180,P04439,180,365,"HLA class I histocompatibility antigen, A alpha chain",Homo sapiens,HLA-A,Uniprotkb reviewed (swiss-prot),Belongs to the MHC class I family,HLA Class Ia,Classical MHC-I,no,yes
1HHG,A,1,180,P04439,180,365,"HLA class I histocompatibility antigen, A alpha chain",Homo sapiens,HLA-A,Uniprotkb reviewed (swiss-prot),Belongs to the MHC class I family,HLA Class Ia,Classical MHC-I,no,yes
7N2R,A,1,180,A3F718,180,296,MHC class I antigen,Homo sapiens,HLA-B,Uniprotkb unreviewed (trembl),Belongs to the MHC class I family,HLA Class Ia,Classical MHC-I,yes,yes
4JFF,A,1,180,P04439,180,365,"HLA class I histocompatibility antigen, A alpha chain",Homo sapiens,HLA-A,Uniprotkb reviewed (swiss-prot),Belongs to the MHC class I family,HLA Class Ia,Classical MHC-I,yes,yes
5NMK,A,1,180,P04439,180,365,"HLA class I histocompatibility antigen, A alpha chain",Homo sapiens,HLA-A,Uniprotkb reviewed (swiss-prot),Belongs to the MHC class I family,HLA Class Ia,Classical MHC-I,no,yes
1MHE,A,1,178,P13747,178,358,"HLA class I histocompatibility antigen, alpha chain E",Homo sapiens,HLA-E,Uniprotkb reviewed (swiss-prot),Belongs to the MHC class I family,HLA Class Ib,Non-classical MHC-I,no,yes
6GH4,A,1,179,P13747,179,358,"HLA class I histocompatibility antigen, alpha chain E",Homo sapiens,HLA-E,Uniprotkb reviewed (swiss-prot),Belongs to the MHC class I family,HLA Class Ib,Non-classical MHC-I,no,yes
8RYM,A,1,180,P04439,180,365,"HLA class I histocompatibility antigen, A alpha chain",Homo sapiens,HLA-A,Uniprotkb reviewed (swiss-prot),Belongs to the MHC class I family,HLA Class Ia,Classical MHC-I,yes,yes
5D9S,A,1,180,P04439,180,365,"HLA class I histocompatibility antigen, A alpha chain",Homo sapiens,HLA-A,Uniprotkb reviewed (swiss-prot),Belongs to the MHC class I family,HLA Class Ia,Classical MHC-I,no,yes
7LG3,A,1,180,A0A140T913,180,371,"Major histocompatibility complex, class I, A",Homo sapiens,HLA-A,Uniprotkb unreviewed (trembl),Belongs to the MHC class I family,HLA Class Ia,Classical MHC-I,no,yes
6MPP,A,1,179,P04439,179,365,"HLA class I histocompatibility antigen, A alpha chain",Homo sapiens,HLA-A,Uniprotkb reviewed (swiss-prot),Belongs to the MHC class I family,HLA Class Ia,Classical MHC-I,no,yes
3VXN,A,1,180,P04439,180,365,"HLA class I histocompatibility antigen, A alpha chain",Homo sapiens,HLA-A,Uniprotkb reviewed (swiss-prot),Belongs to the MHC class I family,HLA Class Ia,Classical MHC-I,no,yes
8RLT,A,1,179,P13747,179,358,"HLA class I histocompatibility antigen, alpha chain E",Homo sapiens,HLA-E,Uniprotkb reviewed (swiss-prot),Belongs to the MHC class I family,HLA Class Ib,Non-classical MHC-I,yes,yes
8ENH,A,1,179,F4NBT2,179,337,MHC class I antigen,Homo sapiens,HLA-B,Uniprotkb unreviewed (trembl),Belongs to the MHC class I family,HLA Class Ia,Classical MHC-I,yes,yes
7N1B,A,1,180,A0A140T913,180,371,"Major histocompatibility complex, class I, A",Homo sapiens,HLA-A,Uniprotkb unreviewed (trembl),Belongs to the MHC class I family,HLA Class Ia,Classical MHC-I,no,yes
8RH6,A,1,180,Q5S3G3,180,365,HLA class I histocompatibility antigen A alpha chain,Homo sapiens,HLA-A,Uniprotkb unreviewed (trembl),Belongs to the MHC class I family,HLA Class Ia,Classical MHC-I,no,yes
7SA2,A,1,180,A0A140T913,180,371,"Major histocompatibility complex, class I, A",Homo sapiens,HLA-A,Uniprotkb unreviewed (trembl),Belongs to the MHC class I family,HLA Class Ia,Classical MHC-I,no,yes
8RNG,A,1,180,S6AU73,180,362,MHC class I antigen,Homo sapiens,HLA-B,Uniprotkb unreviewed (trembl),Belongs to the MHC class I family,HLA Class Ia,Classical MHC-I,no,yes
5IM7,A,1,180,P01889,180,362,"HLA class I histocompatibility antigen, B alpha chain",Homo sapiens,HLA-B,Uniprotkb reviewed (swiss-prot),,HLA Class Ia,Classical MHC-I,no,yes
6D2B,A,1,180,P01889,180,362,"HLA class I histocompatibility antigen, B alpha chain",Homo sapiens,HLA-B,Uniprotkb reviewed (swiss-prot),,HLA Class Ia,Classical MHC-I,no,yes
7S8F,A,1,180,P01889,180,362,"HLA class I histocompatibility antigen, B alpha chain",Homo sapiens,HLA-B,Uniprotkb reviewed (swiss-prot),,HLA Class Ia,Classical MHC-I,no,yes
7KGP,A,1,180,Q861F7,180,341,MHC class I antigen,Homo sapiens,HLA-A,Uniprotkb unreviewed (trembl),Belongs to the MHC class I family,HLA Class Ia,Classical MHC-I,no,yes
1EEY,A,1,180,P04439,180,365,"HLA class I histocompatibility antigen, A alpha chain",Homo sapiens,HLA-A,Uniprotkb reviewed (swiss-prot),Belongs to the MHC class I family,HLA Class Ia,Classical MHC-I,no,yes
7N1E,A,1,180,A0A140T913,180,371,"Major histocompatibility complex, class I, A",Homo sapiens,HLA-A,Uniprotkb unreviewed (trembl),Belongs to the MHC class I family,HLA Class Ia,Classical MHC-I,yes,yes
2X4N,A,1,180,P04439,180,365,"HLA class I histocompatibility antigen, A alpha chain",Homo sapiens,HLA-A,Uniprotkb reviewed (swiss-prot),Belongs to the MHC class I family,HLA Class Ia,Classical MHC-I,no,yes
5W1V,A,1,178,P13747,178,358,"HLA class I histocompatibility antigen, alpha chain E",Homo sapiens,HLA-E,Uniprotkb reviewed (swiss-prot),Belongs to the MHC class I family,HLA Class Ib,Non-classical MHC-I,yes,yes
8ROP,A,1,180,S6AU73,180,362,MHC class I antigen,Homo sapiens,HLA-B,Uniprotkb unreviewed (trembl),Belongs to the MHC class I family,HLA Class Ia,Classical MHC-I,no,yes
8RHQ,A,1,177,Q5S3G3,177,365,HLA class I histocompatibility antigen A alpha chain,Homo sapiens,HLA-A,Uniprotkb unreviewed (trembl),Belongs to the MHC class I family,HLA Class Ia,Classical MHC-I,no,yes
7S79,A,1,180,P01889,180,362,"HLA class I histocompatibility antigen, B alpha chain",Homo sapiens,HLA-B,Uniprotkb reviewed (swiss-prot),,HLA Class Ia,Classical MHC-I,no,yes
6P2S,A,1,179,P01889,179,362,"HLA class I histocompatibility antigen, B alpha chain",Homo sapiens,HLA-B,Uniprotkb reviewed (swiss-prot),,HLA Class Ia,Classical MHC-I,no,yes
4F7T,A,1,180,P04439,180,365,"HLA class I histocompatibility antigen, A alpha chain",Homo sapiens,HLA-A,Uniprotkb reviewed (swiss-prot),Belongs to the MHC class I family,HLA Class Ia,Classical MHC-I,no,yes
7WT4,A,2,181,A0A5H2UYS3,180,367,MHC class I antigen,Homo sapiens,HLA-A,Uniprotkb unreviewed (trembl),Belongs to the MHC class I family,HLA Class Ia,Classical MHC-I,no,yes
5JHD,A,1,180,P04439,180,365,"HLA class I histocompatibility antigen, A alpha chain",Homo sapiens,HLA-A,Uniprotkb reviewed (swiss-prot),Belongs to the MHC class I family,HLA Class Ia,Classical MHC-I,yes,yes
1QVO,A,1,180,P04439,180,365,"HLA class I histocompatibility antigen, A alpha chain",Homo sapiens,HLA-A,Uniprotkb reviewed (swiss-prot),Belongs to the MHC class I family,HLA Class Ia,Classical MHC-I,no,yes
1QEW,A,1,180,P04439,180,365,"HLA class I histocompatibility antigen, A alpha chain",Homo sapiens,HLA-A,Uniprotkb reviewed (swiss-prot),Belongs to the MHC class I family,HLA Class Ia,Classical MHC-I,no,yes
4O2C,A,1,180,P01889,180,362,"HLA class I histocompatibility antigen, B alpha chain",Homo sapiens,HLA-B,Uniprotkb reviewed (swiss-prot),,HLA Class Ia,Classical MHC-I,no,yes
2F53,A,1,180,P04439,180,365,"HLA class I histocompatibility antigen, A alpha chain",Homo sapiens,HLA-A,Uniprotkb reviewed (swiss-prot),Belongs to the MHC class I family,HLA Class Ia,Classical MHC-I,yes,yes
7S7F,A,1,179,P01889,179,362,"HLA class I histocompatibility antigen, B alpha chain",Homo sapiens,HLA-B,Uniprotkb reviewed (swiss-prot),,HLA Class Ia,Classical MHC-I,no,yes
7KGQ,A,1,180,Q861F7,180,341,MHC class I antigen,Homo sapiens,HLA-A,Uniprotkb unreviewed (trembl),Belongs to the MHC class I family,HLA Class Ia,Classical MHC-I,no,yes
3O3B,A,1,180,P04439,180,365,"HLA class I histocompatibility antigen, A alpha chain",Homo sapiens,HLA-A,Uniprotkb reviewed (swiss-prot),Belongs to the MHC class I family,HLA Class Ia,Classical MHC-I,no,yes
1S9X,A,1,180,P04439,180,365,"HLA class I histocompatibility antigen, A alpha chain",Homo sapiens,HLA-A,Uniprotkb reviewed (swiss-prot),Belongs to the MHC class I family,HLA Class Ia,Classical MHC-I,no,yes
2UWE,A,1,180,P04439,180,365,"HLA class I histocompatibility antigen, A alpha chain",Homo sapiens,HLA-A,Uniprotkb reviewed (swiss-prot),Belongs to the MHC class I family,HLA Class Ia,Classical MHC-I,yes,yes
6VB1,A,1,180,F4NBQ8,180,337,MHC class I antigen,Homo sapiens,HLA-B,Uniprotkb unreviewed (trembl),Belongs to the MHC class I family,HLA Class Ia,Classical MHC-I,no,yes
5HGD,A,1,180,P04439,180,365,"HLA class I histocompatibility antigen, A alpha chain",Homo sapiens,HLA-A,Uniprotkb reviewed (swiss-prot),Belongs to the MHC class I family,HLA Class Ia,Classical MHC-I,no,yes
8RYQ,A,1,180,A0A583ZB34,180,371,MHC class I antigen,Homo sapiens,HLA-A,Uniprotkb unreviewed (trembl),Belongs to the MHC class I family,HLA Class Ia,Classical MHC-I,yes,yes
1LP9,A,1,180,P04439,180,365,"HLA class I histocompatibility antigen, A alpha chain",Homo sapiens,HLA-A,Uniprotkb reviewed (swiss-prot),Belongs to the MHC class I family,HLA Class Ia,Classical MHC-I,yes,yes
6TDQ,A,1,180,F6IQS1,180,337,MHC class I antigen,Homo sapiens,HLA-A,Uniprotkb unreviewed (trembl),Belongs to the MHC class I family,HLA Class Ia,Classical MHC-I,no,yes
7RZD,A,1,180,P01889,180,362,"HLA class I histocompatibility antigen, B alpha chain",Homo sapiens,HLA-B,Uniprotkb reviewed (swiss-prot),,HLA Class Ia,Classical MHC-I,no,yes
3REW,A,1,180,P04439,180,365,"HLA class I histocompatibility antigen, A alpha chain",Homo sapiens,HLA-A,Uniprotkb reviewed (swiss-prot),Belongs to the MHC class I family,HLA Class Ia,Classical MHC-I,no,yes
7WKJ,A,1,180,A0A6M6CC39,180,337,MHC class I antigen,Homo sapiens,HLA-A,Uniprotkb unreviewed (trembl),Belongs to the MHC class I family,HLA Class Ia,Classical MHC-I,no,yes
5ISZ,A,1,180,P04439,180,365,"HLA class I histocompatibility antigen, A alpha chain",Homo sapiens,HLA-A,Uniprotkb reviewed (swiss-prot),Belongs to the MHC class I family,HLA Class Ia,Classical MHC-I,yes,yes
6AVF,H,1,180,P01889,180,362,"HLA class I histocompatibility antigen, B alpha chain",Homo sapiens,HLA-B,Uniprotkb reviewed (swiss-prot),,HLA Class Ia,Classical MHC-I,yes,yes
5WJN,A,1,180,P04439,180,365,"HLA class I histocompatibility antigen, A alpha chain",Homo sapiens,HLA-A,Uniprotkb reviewed (swiss-prot),Belongs to the MHC class I family,HLA Class Ia,Classical MHC-I,no,yes
8RYP,A,1,180,P04439,180,365,"HLA class I histocompatibility antigen, A alpha chain",Homo sapiens,HLA-A,Uniprotkb reviewed (swiss-prot),Belongs to the MHC class I family,HLA Class Ia,Classical MHC-I,yes,yes
8XFZ,A,1,180,A0A0G2JPD3,180,394,"Major histocompatibility complex, class I, A",Homo sapiens,HLA-A,Uniprotkb unreviewed (trembl),Belongs to the MHC class I family,HLA Class Ia,Classical MHC-I,no,yes
6GL1,A,1,179,P13747,179,358,"HLA class I histocompatibility antigen, alpha chain E",Homo sapiens,HLA-E,Uniprotkb reviewed (swiss-prot),Belongs to the MHC class I family,HLA Class Ib,Non-classical MHC-I,no,yes
6UZQ,A,1,180,D9J307,180,362,HLA class I histocompatibility antigen B alpha chain,Homo sapiens,HLA-B,Uniprotkb unreviewed (trembl),Belongs to the MHC class I family,HLA Class Ia,Classical MHC-I,no,yes
1QRN,A,1,180,P04439,180,365,"HLA class I histocompatibility antigen, A alpha chain",Homo sapiens,HLA-A,Uniprotkb reviewed (swiss-prot),Belongs to the MHC class I family,HLA Class Ia,Classical MHC-I,yes,yes
6MT4,A,1,180,P01889,180,362,"HLA class I histocompatibility antigen, B alpha chain",Homo sapiens,HLA-B,Uniprotkb reviewed (swiss-prot),,HLA Class Ia,Classical MHC-I,no,yes
5EU3,A,1,180,P04439,180,365,"HLA class I histocompatibility antigen, A alpha chain",Homo sapiens,HLA-A,Uniprotkb reviewed (swiss-prot),Belongs to the MHC class I family,HLA Class Ia,Classical MHC-I,no,yes
8E13,A,1,179,Q5SS57,179,362,HLA class I antigen,Homo sapiens,HLA-B,Uniprotkb unreviewed (trembl),Belongs to the MHC class I family,HLA Class Ia,Classical MHC-I,no,yes
5FDW,A,1,180,P04439,180,365,"HLA class I histocompatibility antigen, A alpha chain",Homo sapiens,HLA-A,Uniprotkb reviewed (swiss-prot),Belongs to the MHC class I family,HLA Class Ia,Classical MHC-I,no,yes
6TDR,A,1,180,F6IQS1,180,337,MHC class I antigen,Homo sapiens,HLA-A,Uniprotkb unreviewed (trembl),Belongs to the MHC class I family,HLA Class Ia,Classical MHC-I,no,no
6UZS,A,1,180,D9J307,180,362,HLA class I histocompatibility antigen B alpha chain,Homo sapiens,HLA-B,Uniprotkb unreviewed (trembl),Belongs to the MHC class I family,HLA Class Ia,Classical MHC-I,no,yes
3FQX,A,1,180,P04439,180,365,"HLA class I histocompatibility antigen, A alpha chain",Homo sapiens,HLA-A,Uniprotkb reviewed (swiss-prot),Belongs to the MHC class I family,HLA Class Ia,Classical MHC-I,no,yes
6VM9,A,1,180,A0A140T913,180,371,"Major histocompatibility complex, class I, A",Homo sapiens,HLA-A,Uniprotkb unreviewed (trembl),Belongs to the MHC class I family,HLA Class Ia,Classical MHC-I,yes,yes
3FT4,A,1,180,P04439,180,365,"HLA class I histocompatibility antigen, A alpha chain",Homo sapiens,HLA-A,Uniprotkb reviewed (swiss-prot),Belongs to the MHC class I family,HLA Class Ia,Classical MHC-I,no,yes
6AM5,A,1,180,P04439,180,365,"HLA class I histocompatibility antigen, A alpha chain",Homo sapiens,HLA-A,Uniprotkb reviewed (swiss-prot),Belongs to the MHC class I family,HLA Class Ia,Classical MHC-I,yes,yes
8RYN,A,1,180,A0A583ZB34,180,371,MHC class I antigen,Homo sapiens,HLA-A,Uniprotkb unreviewed (trembl),Belongs to the MHC class I family,HLA Class Ia,Classical MHC-I,yes,yes
8ROO,A,1,180,S6AU73,180,362,MHC class I antigen,Homo sapiens,HLA-B,Uniprotkb unreviewed (trembl),Belongs to the MHC class I family,HLA Class Ia,Classical MHC-I,no,yes
6PAG,A,1,179,P10321,179,366,"HLA class I histocompatibility antigen, C alpha chain",Homo sapiens,HLA-C,Uniprotkb reviewed (swiss-prot),,HLA Class Ia,Classical MHC-I,yes,yes
4NO5,A,1,180,P04439,180,365,"HLA class I histocompatibility antigen, A alpha chain",Homo sapiens,HLA-A,Uniprotkb reviewed (swiss-prot),Belongs to the MHC class I family,HLA Class Ia,Classical MHC-I,no,yes
5HYJ,A,1,180,P04439,180,365,"HLA class I histocompatibility antigen, A alpha chain",Homo sapiens,HLA-A,Uniprotkb reviewed (swiss-prot),Belongs to the MHC class I family,HLA Class Ia,Classical MHC-I,yes,yes
5W69,A,1,179,P10321,179,366,"HLA class I histocompatibility antigen, C alpha chain",Homo sapiens,HLA-C,Uniprotkb reviewed (swiss-prot),,HLA Class Ia,Classical MHC-I,no,yes
7MKB,A,1,180,A0A140T913,180,371,"Major histocompatibility complex, class I, A",Homo sapiens,HLA-A,Uniprotkb unreviewed (trembl),Belongs to the MHC class I family,HLA Class Ia,Classical MHC-I,no,yes
6ID4,A,1,180,P04439,180,365,"HLA class I histocompatibility antigen, A alpha chain",Homo sapiens,HLA-A,Uniprotkb reviewed (swiss-prot),Belongs to the MHC class I family,HLA Class Ia,Classical MHC-I,no,yes
7NMF,A,1,180,A0A5H2UYS3,180,367,MHC class I antigen,Homo sapiens,HLA-A,Uniprotkb unreviewed (trembl),Belongs to the MHC class I family,HLA Class Ia,Classical MHC-I,yes,yes
8EB2,A,1,180,A0A140T9X5,180,371,"Major histocompatibility complex, class I, A",Homo sapiens,HLA-A,Uniprotkb unreviewed (trembl),Belongs to the MHC class I family,HLA Class Ia,Classical MHC-I,yes,yes
8DVG,A,1,180,P04439,180,365,"HLA class I histocompatibility antigen, A alpha chain",Homo sapiens,HLA-A,Uniprotkb reviewed (swiss-prot),Belongs to the MHC class I family,HLA Class Ia,Classical MHC-I,no,yes
8GON,A,1,180,A0A140T913,180,371,"Major histocompatibility complex, class I, A",Homo sapiens,HLA-A,Uniprotkb unreviewed (trembl),Belongs to the MHC class I family,HLA Class Ia,Classical MHC-I,yes,yes
7OW4,A,1,180,A0A583ZB34,180,371,MHC class I antigen,Homo sapiens,HLA-A,Uniprotkb unreviewed (trembl),Belongs to the MHC class I family,HLA Class Ia,Classical MHC-I,no,yes
7P3D,A,1,180,A0A140T913,180,371,"Major histocompatibility complex, class I, A",Homo sapiens,HLA-A,Uniprotkb unreviewed (trembl),Belongs to the MHC class I family,HLA Class Ia,Classical MHC-I,no,yes
7P3E,A,1,180,A0A140T913,180,371,"Major histocompatibility complex, class I, A",Homo sapiens,HLA-A,Uniprotkb unreviewed (trembl),Belongs to the MHC class I family,HLA Class Ia,Classical MHC-I,no,yes
6JOZ,A,1,180,P04439,180,365,"HLA class I histocompatibility antigen, A alpha chain",Homo sapiens,HLA-A,Uniprotkb reviewed (swiss-prot),Belongs to the MHC class I family,HLA Class Ia,Classical MHC-I,no,yes
1HSB,A,1,180,P04439,180,365,"HLA class I histocompatibility antigen, A alpha chain",Homo sapiens,HLA-A,Uniprotkb reviewed (swiss-prot),Belongs to the MHC class I family,HLA Class Ia,Classical MHC-I,no,yes
3MGO,A,1,180,P04439,180,365,"HLA class I histocompatibility antigen, A alpha chain",Homo sapiens,HLA-A,Uniprotkb reviewed (swiss-prot),Belongs to the MHC class I family,HLA Class Ia,Classical MHC-I,no,yes
8RLU,A,1,179,P13747,179,358,"HLA class I histocompatibility antigen, alpha chain E",Homo sapiens,HLA-E,Uniprotkb reviewed (swiss-prot),Belongs to the MHC class I family,HLA Class Ib,Non-classical MHC-I,yes,yes
6GH1,C,1,179,P13747,179,358,"HLA class I histocompatibility antigen, alpha chain E",Homo sapiens,HLA-E,Uniprotkb reviewed (swiss-prot),Belongs to the MHC class I family,HLA Class Ib,Non-classical MHC-I,no,yes
5V5L,A,1,180,P01889,180,362,"HLA class I histocompatibility antigen, B alpha chain",Homo sapiens,HLA-B,Uniprotkb reviewed (swiss-prot),,HLA Class Ia,Classical MHC-I,no,yes
4N8V,A,1,180,P04439,180,365,"HLA class I histocompatibility antigen, A alpha chain",Homo sapiens,HLA-A,Uniprotkb reviewed (swiss-prot),Belongs to the MHC class I family,HLA Class Ia,Classical MHC-I,yes,yes
3H9H,A,1,180,P04439,180,365,"HLA class I histocompatibility antigen, A alpha chain",Homo sapiens,HLA-A,Uniprotkb reviewed (swiss-prot),Belongs to the MHC class I family,HLA Class Ia,Classical MHC-I,no,yes
6AMT,A,1,180,P04439,180,365,"HLA class I histocompatibility antigen, A alpha chain",Homo sapiens,HLA-A,Uniprotkb reviewed (swiss-prot),Belongs to the MHC class I family,HLA Class Ia,Classical MHC-I,no,yes
1HHI,A,1,180,P04439,180,365,"HLA class I histocompatibility antigen, A alpha chain",Homo sapiens,HLA-A,Uniprotkb reviewed (swiss-prot),Belongs to the MHC class I family,HLA Class Ia,Classical MHC-I,no,yes
1I7T,A,1,180,P04439,180,365,"HLA class I histocompatibility antigen, A alpha chain",Homo sapiens,HLA-A,Uniprotkb reviewed (swiss-prot),Belongs to the MHC class I family,HLA Class Ia,Classical MHC-I,no,yes
7S8E,A,1,180,P01889,180,362,"HLA class I histocompatibility antigen, B alpha chain",Homo sapiens,HLA-B,Uniprotkb reviewed (swiss-prot),,HLA Class Ia,Classical MHC-I,no,yes
7PB2,A,1,179,A0A583ZB34,179,371,MHC class I antigen,Homo sapiens,HLA-A,Uniprotkb unreviewed (trembl),Belongs to the MHC class I family,HLA Class Ia,Classical MHC-I,yes,yes
4JFE,A,1,180,P04439,180,365,"HLA class I histocompatibility antigen, A alpha chain",Homo sapiens,HLA-A,Uniprotkb reviewed (swiss-prot),Belongs to the MHC class I family,HLA Class Ia,Classical MHC-I,yes,yes
3NFN,A,1,180,P04439,180,365,"HLA class I histocompatibility antigen, A alpha chain",Homo sapiens,HLA-A,Uniprotkb reviewed (swiss-prot),Belongs to the MHC class I family,HLA Class Ia,Classical MHC-I,no,yes
5HGH,A,1,180,P04439,180,365,"HLA class I histocompatibility antigen, A alpha chain",Homo sapiens,HLA-A,Uniprotkb reviewed (swiss-prot),Belongs to the MHC class I family,HLA Class Ia,Classical MHC-I,no,yes
5T6Y,A,1,180,P01889,180,362,"HLA class I histocompatibility antigen, B alpha chain",Homo sapiens,HLA-B,Uniprotkb reviewed (swiss-prot),,HLA Class Ia,Classical MHC-I,no,yes
5VUE,A,1,180,P01889,180,362,"HLA class I histocompatibility antigen, B alpha chain",Homo sapiens,HLA-B,Uniprotkb reviewed (swiss-prot),,HLA Class Ia,Classical MHC-I,no,yes
7MJ7,A,1,180,A0A140T913,180,371,"Major histocompatibility complex, class I, A",Homo sapiens,HLA-A,Uniprotkb unreviewed (trembl),Belongs to the MHC class I family,HLA Class Ia,Classical MHC-I,no,yes
8I5C,A,1,180,U5YJJ6,180,337,MHC class I antigen,Homo sapiens,HLA-A,Uniprotkb unreviewed (trembl),Belongs to the MHC class I family,HLA Class Ia,Classical MHC-I,yes,yes
7S7D,A,1,180,P01889,180,362,"HLA class I histocompatibility antigen, B alpha chain",Homo sapiens,HLA-B,Uniprotkb reviewed (swiss-prot),,HLA Class Ia,Classical MHC-I,no,yes
5WKF,A,1,180,P04439,180,365,"HLA class I histocompatibility antigen, A alpha chain",Homo sapiens,HLA-A,Uniprotkb reviewed (swiss-prot),Belongs to the MHC class I family,HLA Class Ia,Classical MHC-I,yes,yes
4NQX,A,1,180,P04439,180,365,"HLA class I histocompatibility antigen, A alpha chain",Homo sapiens,HLA-A,Uniprotkb reviewed (swiss-prot),Belongs to the MHC class I family,HLA Class Ia,Classical MHC-I,no,yes
4PRN,A,1,180,P01889,180,362,"HLA class I histocompatibility antigen, B alpha chain",Homo sapiens,HLA-B,Uniprotkb reviewed (swiss-prot),,HLA Class Ia,Classical MHC-I,no,yes
6J29,A,1,180,P04439,180,365,"HLA class I histocompatibility antigen, A alpha chain",Homo sapiens,HLA-A,Uniprotkb reviewed (swiss-prot),Belongs to the MHC class I family,HLA Class Ia,Classical MHC-I,no,yes
3OXR,A,1,180,Q5MAG5,180,365,HLA class I histocompatibility antigen A alpha chain,Homo sapiens,HLA-A,Uniprotkb unreviewed (trembl),Belongs to the MHC class I family,HLA Class Ia,Classical MHC-I,no,yes
5HHM,A,1,180,P04439,180,365,"HLA class I histocompatibility antigen, A alpha chain",Homo sapiens,HLA-A,Uniprotkb reviewed (swiss-prot),Belongs to the MHC class I family,HLA Class Ia,Classical MHC-I,yes,yes
7MJ9,A,1,180,A0A140T913,180,371,"Major histocompatibility complex, class I, A",Homo sapiens,HLA-A,Uniprotkb unreviewed (trembl),Belongs to the MHC class I family,HLA Class Ia,Classical MHC-I,no,yes
6JTP,A,1,179,C1K0Y1,179,366,HLA class I antigen,Homo sapiens,HLA-C,Uniprotkb unreviewed (trembl),Belongs to the MHC class I family,HLA Class Ia,Classical MHC-I,no,yes
5VUF,A,1,180,P01889,180,362,"HLA class I histocompatibility antigen, B alpha chain",Homo sapiens,HLA-B,Uniprotkb reviewed (swiss-prot),,HLA Class Ia,Classical MHC-I,no,yes
5T6X,A,1,180,P01889,180,362,"HLA class I histocompatibility antigen, B alpha chain",Homo sapiens,HLA-B,Uniprotkb reviewed (swiss-prot),,HLA Class Ia,Classical MHC-I,no,yes
5C07,A,1,180,P04439,180,365,"HLA class I histocompatibility antigen, A alpha chain",Homo sapiens,HLA-A,Uniprotkb reviewed (swiss-prot),Belongs to the MHC class I family,HLA Class Ia,Classical MHC-I,yes,yes
3GJF,A,1,180,P04439,180,365,"HLA class I histocompatibility antigen, A alpha chain",Homo sapiens,HLA-A,Uniprotkb reviewed (swiss-prot),Belongs to the MHC class I family,HLA Class Ia,Classical MHC-I,yes,yes
7LGD,A,1,180,P01889,180,362,"HLA class I histocompatibility antigen, B alpha chain",Homo sapiens,HLA-B,Uniprotkb reviewed (swiss-prot),,HLA Class Ia,Classical MHC-I,no,yes
5BRZ,A,1,180,P04439,180,365,"HLA class I histocompatibility antigen, A alpha chain",Homo sapiens,HLA-A,Uniprotkb reviewed (swiss-prot),Belongs to the MHC class I family,HLA Class Ia,Classical MHC-I,yes,yes
5C0C,A,1,180,P04439,180,365,"HLA class I histocompatibility antigen, A alpha chain",Homo sapiens,HLA-A,Uniprotkb reviewed (swiss-prot),Belongs to the MHC class I family,HLA Class Ia,Classical MHC-I,yes,yes
8ISN,A,1,180,D9UAY1,180,337,MHC class I antigen,Homo sapiens,HLA-A,Uniprotkb unreviewed (trembl),Belongs to the MHC class I family,HLA Class Ia,Classical MHC-I,no,yes
3VFN,A,1,180,C5MK56,180,362,HLA-B*3507,Homo sapiens,HLA-B,Uniprotkb unreviewed (trembl),Belongs to the MHC class I family,HLA Class Ia,Classical MHC-I,no,yes
7KGT,A,1,180,Q861F7,180,341,MHC class I antigen,Homo sapiens,HLA-A,Uniprotkb unreviewed (trembl),Belongs to the MHC class I family,HLA Class Ia,Classical MHC-I,no,yes
5W1W,A,1,178,P13747,178,358,"HLA class I histocompatibility antigen, alpha chain E",Homo sapiens,HLA-E,Uniprotkb reviewed (swiss-prot),Belongs to the MHC class I family,HLA Class Ib,Non-classical MHC-I,yes,yes
3O4L,A,1,180,P04439,180,365,"HLA class I histocompatibility antigen, A alpha chain",Homo sapiens,HLA-A,Uniprotkb reviewed (swiss-prot),Belongs to the MHC class I family,HLA Class Ia,Classical MHC-I,yes,yes
6Z9X,A,1,180,A0A140T913,180,371,"Major histocompatibility complex, class I, A",Homo sapiens,HLA-A,Uniprotkb unreviewed (trembl),Belongs to the MHC class I family,HLA Class Ia,Classical MHC-I,no,yes
2X70,A,1,180,P04439,180,365,"HLA class I histocompatibility antigen, A alpha chain",Homo sapiens,HLA-A,Uniprotkb reviewed (swiss-prot),Belongs to the MHC class I family,HLA Class Ia,Classical MHC-I,no,yes
2BVO,A,1,180,P01889,180,362,"HLA class I histocompatibility antigen, B alpha chain",Homo sapiens,HLA-B,Uniprotkb reviewed (swiss-prot),,HLA Class Ia,Classical MHC-I,no,yes
3GSO,A,1,180,P04439,180,365,"HLA class I histocompatibility antigen, A alpha chain",Homo sapiens,HLA-A,Uniprotkb reviewed (swiss-prot),Belongs to the MHC class I family,HLA Class Ia,Classical MHC-I,no,yes
6P64,A,1,180,Q53Z42,180,365,HLA class I antigen,Homo sapiens,HLA-A,Uniprotkb unreviewed (trembl),Belongs to the MHC class I family,HLA Class Ia,Classical MHC-I,yes,yes
6P2C,A,1,179,P01889,179,362,"HLA class I histocompatibility antigen, B alpha chain",Homo sapiens,HLA-B,Uniprotkb reviewed (swiss-prot),,HLA Class Ia,Classical MHC-I,no,yes
4XXC,A,1,180,P01889,180,362,"HLA class I histocompatibility antigen, B alpha chain",Homo sapiens,HLA-B,Uniprotkb reviewed (swiss-prot),,HLA Class Ia,Classical MHC-I,no,yes
7S8A,A,1,179,P01889,179,362,"HLA class I histocompatibility antigen, B alpha chain",Homo sapiens,HLA-B,Uniprotkb reviewed (swiss-prot),,HLA Class Ia,Classical MHC-I,no,yes
9BL6,A,1,180,A0A411J078,180,342,MHC class I antigen,Homo sapiens,HLA-A,Uniprotkb unreviewed (trembl),Belongs to the MHC class I family,HLA Class Ia,Classical MHC-I,yes,yes
6SSA,A,1,180,P04439,180,365,"HLA class I histocompatibility antigen, A alpha chain",Homo sapiens,HLA-A,Uniprotkb reviewed (swiss-prot),Belongs to the MHC class I family,HLA Class Ia,Classical MHC-I,no,yes
8TBW,A,1,180,A0A140T913,180,371,"Major histocompatibility complex, class I, A",Homo sapiens,HLA-A,Uniprotkb unreviewed (trembl),Belongs to the MHC class I family,HLA Class Ia,Classical MHC-I,no,yes
3VFP,A,1,180,C5MK56,180,362,HLA-B*3507,Homo sapiens,HLA-B,Uniprotkb unreviewed (trembl),Belongs to the MHC class I family,HLA Class Ia,Classical MHC-I,no,yes
7OW5,A,1,179,A0A583ZB34,179,371,MHC class I antigen,Homo sapiens,HLA-A,Uniprotkb unreviewed (trembl),Belongs to the MHC class I family,HLA Class Ia,Classical MHC-I,yes,yes
2VLL,A,1,180,P04439,180,365,"HLA class I histocompatibility antigen, A alpha chain",Homo sapiens,HLA-A,Uniprotkb reviewed (swiss-prot),Belongs to the MHC class I family,HLA Class Ia,Classical MHC-I,no,yes
7JYV,A,1,180,A0A5H2UYS3,180,367,MHC class I antigen,Homo sapiens,HLA-A,Uniprotkb unreviewed (trembl),Belongs to the MHC class I family,HLA Class Ia,Classical MHC-I,no,yes
8RBU,A,1,180,Q5S3G3,180,365,HLA class I histocompatibility antigen A alpha chain,Homo sapiens,HLA-A,Uniprotkb unreviewed (trembl),Belongs to the MHC class I family,HLA Class Ia,Classical MHC-I,no,yes
3MRB,A,1,180,P04439,180,365,"HLA class I histocompatibility antigen, A alpha chain",Homo sapiens,HLA-A,Uniprotkb reviewed (swiss-prot),Belongs to the MHC class I family,HLA Class Ia,Classical MHC-I,no,yes
5SWQ,A,1,180,P04439,180,365,"HLA class I histocompatibility antigen, A alpha chain",Homo sapiens,HLA-A,Uniprotkb reviewed (swiss-prot),Belongs to the MHC class I family,HLA Class Ia,Classical MHC-I,no,yes
3X13,A,1,179,P01889,179,362,"HLA class I histocompatibility antigen, B alpha chain",Homo sapiens,HLA-B,Uniprotkb reviewed (swiss-prot),,HLA Class Ia,Classical MHC-I,no,yes
3PWL,A,1,180,P04439,180,365,"HLA class I histocompatibility antigen, A alpha chain",Homo sapiens,HLA-A,Uniprotkb reviewed (swiss-prot),Belongs to the MHC class I family,HLA Class Ia,Classical MHC-I,no,yes
2X4S,A,1,180,P04439,180,365,"HLA class I histocompatibility antigen, A alpha chain",Homo sapiens,HLA-A,Uniprotkb reviewed (swiss-prot),Belongs to the MHC class I family,HLA Class Ia,Classical MHC-I,no,yes
4G8G,A,1,180,P01889,180,362,"HLA class I histocompatibility antigen, B alpha chain",Homo sapiens,HLA-B,Uniprotkb reviewed (swiss-prot),,HLA Class Ia,Classical MHC-I,yes,yes
3IXA,A,1,180,P04439,180,365,"HLA class I histocompatibility antigen, A alpha chain",Homo sapiens,HLA-A,Uniprotkb reviewed (swiss-prot),Belongs to the MHC class I family,HLA Class Ia,Classical MHC-I,no,yes
7PBC,CCC,1,179,Q861F7,179,341,MHC class I antigen,Homo sapiens,HLA-A,Uniprotkb unreviewed (trembl),Belongs to the MHC class I family,HLA Class Ia,Classical MHC-I,yes,yes
6RP9,A,1,180,P04439,180,365,"HLA class I histocompatibility antigen, A alpha chain",Homo sapiens,HLA-A,Uniprotkb reviewed (swiss-prot),Belongs to the MHC class I family,HLA Class Ia,Classical MHC-I,yes,yes
7WJ3,A,1,179,A0A858LG55,179,366,MHC class I antigen,Homo sapiens,HLA-C,Uniprotkb unreviewed (trembl),Belongs to the MHC class I family,HLA Class Ia,Classical MHC-I,no,yes
7T5M,A,1,180,Q861F7,180,341,MHC class I antigen,Homo sapiens,HLA-A,Uniprotkb unreviewed (trembl),Belongs to the MHC class I family,HLA Class Ia,Classical MHC-I,no,yes
3VFU,A,1,180,P01889,180,362,"HLA class I histocompatibility antigen, B alpha chain",Homo sapiens,HLA-B,Uniprotkb reviewed (swiss-prot),,HLA Class Ia,Classical MHC-I,no,yes
6Q3S,A,1,180,P04439,180,365,"HLA class I histocompatibility antigen, A alpha chain",Homo sapiens,HLA-A,Uniprotkb reviewed (swiss-prot),Belongs to the MHC class I family,HLA Class Ia,Classical MHC-I,no,yes
1A1N,A,1,180,P01889,180,362,"HLA class I histocompatibility antigen, B alpha chain",Homo sapiens,HLA-B,Uniprotkb reviewed (swiss-prot),,HLA Class Ia,Classical MHC-I,no,yes
5HHO,A,1,180,P04439,180,365,"HLA class I histocompatibility antigen, A alpha chain",Homo sapiens,HLA-A,Uniprotkb reviewed (swiss-prot),Belongs to the MHC class I family,HLA Class Ia,Classical MHC-I,yes,yes
4JQV,A,1,180,P01889,180,362,"HLA class I histocompatibility antigen, B alpha chain",Homo sapiens,HLA-B,Uniprotkb reviewed (swiss-prot),,HLA Class Ia,Classical MHC-I,no,yes
8F5A,A,1,180,U6BR87,180,337,MHC class I antigen,Homo sapiens,HLA-B,Uniprotkb unreviewed (trembl),Belongs to the MHC class I family,HLA Class Ia,Classical MHC-I,yes,yes
6UJ8,A,1,179,P01889,179,362,"HLA class I histocompatibility antigen, B alpha chain",Homo sapiens,HLA-B,Uniprotkb reviewed (swiss-prot),,HLA Class Ia,Classical MHC-I,no,yes
4MNQ,A,1,180,P04439,180,365,"HLA class I histocompatibility antigen, A alpha chain",Homo sapiens,HLA-A,Uniprotkb reviewed (swiss-prot),Belongs to the MHC class I family,HLA Class Ia,Classical MHC-I,yes,yes
3LN4,A,1,179,P01889,179,362,"HLA class I histocompatibility antigen, B alpha chain",Homo sapiens,HLA-B,Uniprotkb reviewed (swiss-prot),,HLA Class Ia,Classical MHC-I,no,yes
7R7X,A,1,180,U6BR87,180,337,MHC class I antigen,Homo sapiens,HLA-B,Uniprotkb unreviewed (trembl),Belongs to the MHC class I family,HLA Class Ia,Classical MHC-I,no,yes
6VB2,A,1,180,F4NBQ8,180,337,MHC class I antigen,Homo sapiens,HLA-B,Uniprotkb unreviewed (trembl),Belongs to the MHC class I family,HLA Class Ia,Classical MHC-I,no,yes
8XG2,A,1,180,A0A0G2JPD3,180,394,"Major histocompatibility complex, class I, A",Homo sapiens,HLA-A,Uniprotkb unreviewed (trembl),Belongs to the MHC class I family,HLA Class Ia,Classical MHC-I,no,yes
6R2L,A,1,180,P04439,180,365,"HLA class I histocompatibility antigen, A alpha chain",Homo sapiens,HLA-A,Uniprotkb reviewed (swiss-prot),Belongs to the MHC class I family,HLA Class Ia,Classical MHC-I,yes,yes
8SBK,A,1,180,A0A5H2UYS3,180,367,MHC class I antigen,Homo sapiens,HLA-A,Uniprotkb unreviewed (trembl),Belongs to the MHC class I family,HLA Class Ia,Classical MHC-I,no,yes
4WUU,A,1,180,P04439,180,365,"HLA class I histocompatibility antigen, A alpha chain",Homo sapiens,HLA-A,Uniprotkb reviewed (swiss-prot),Belongs to the MHC class I family,HLA Class Ia,Classical MHC-I,yes,yes
5E00,A,1,180,P04439,180,365,"HLA class I histocompatibility antigen, A alpha chain",Homo sapiens,HLA-A,Uniprotkb reviewed (swiss-prot),Belongs to the MHC class I family,HLA Class Ia,Classical MHC-I,no,yes
8E8I,A,1,179,Q5SS57,179,362,HLA class I antigen,Homo sapiens,HLA-B,Uniprotkb unreviewed (trembl),Belongs to the MHC class I family,HLA Class Ia,Classical MHC-I,no,yes
5FA4,A,1,179,P04439,179,365,"HLA class I histocompatibility antigen, A alpha chain",Homo sapiens,HLA-A,Uniprotkb reviewed (swiss-prot),Belongs to the MHC class I family,HLA Class Ia,Classical MHC-I,no,yes
6MT6,A,1,180,P01889,180,362,"HLA class I histocompatibility antigen, B alpha chain",Homo sapiens,HLA-B,Uniprotkb reviewed (swiss-prot),,HLA Class Ia,Classical MHC-I,no,yes
3MRQ,A,1,180,P04439,180,365,"HLA class I histocompatibility antigen, A alpha chain",Homo sapiens,HLA-A,Uniprotkb reviewed (swiss-prot),Belongs to the MHC class I family,HLA Class Ia,Classical MHC-I,no,yes
8TUH,A,1,179,P01889,179,362,"HLA class I histocompatibility antigen, B alpha chain",Homo sapiens,HLA-B,Uniprotkb reviewed (swiss-prot),,HLA Class Ia,Classical MHC-I,no,yes
1W72,A,1,180,P04439,180,365,"HLA class I histocompatibility antigen, A alpha chain",Homo sapiens,HLA-A,Uniprotkb reviewed (swiss-prot),Belongs to the MHC class I family,HLA Class Ia,Classical MHC-I,yes,yes
6G3J,A,1,180,P04439,180,365,"HLA class I histocompatibility antigen, A alpha chain",Homo sapiens,HLA-A,Uniprotkb reviewed (swiss-prot),Belongs to the MHC class I family,HLA Class Ia,Classical MHC-I,no,yes
8SHI,A,1,179,F6IQM2,179,349,MHC class I antigen,Homo sapiens,HLA-C,Uniprotkb unreviewed (trembl),Belongs to the MHC class I family,HLA Class Ia,Classical MHC-I,yes,yes
6O4Z,A,1,180,A0A140T913,180,371,"Major histocompatibility complex, class I, A",Homo sapiens,HLA-A,Uniprotkb unreviewed (trembl),Belongs to the MHC class I family,HLA Class Ia,Classical MHC-I,no,yes
2VLK,A,1,180,P04439,180,365,"HLA class I histocompatibility antigen, A alpha chain",Homo sapiens,HLA-A,Uniprotkb reviewed (swiss-prot),Belongs to the MHC class I family,HLA Class Ia,Classical MHC-I,yes,yes
2P5E,A,1,180,P04439,180,365,"HLA class I histocompatibility antigen, A alpha chain",Homo sapiens,HLA-A,Uniprotkb reviewed (swiss-prot),Belongs to the MHC class I family,HLA Class Ia,Classical MHC-I,yes,yes
4O2E,A,1,180,P01889,180,362,"HLA class I histocompatibility antigen, B alpha chain",Homo sapiens,HLA-B,Uniprotkb reviewed (swiss-prot),,HLA Class Ia,Classical MHC-I,no,yes
7LGT,A,1,180,P01889,180,362,"HLA class I histocompatibility antigen, B alpha chain",Homo sapiens,HLA-B,Uniprotkb reviewed (swiss-prot),,HLA Class Ia,Classical MHC-I,no,yes
6O4Y,A,1,180,A0A140T913,180,371,"Major histocompatibility complex, class I, A",Homo sapiens,HLA-A,Uniprotkb unreviewed (trembl),Belongs to the MHC class I family,HLA Class Ia,Classical MHC-I,no,yes
3PWN,A,1,180,P04439,180,365,"HLA class I histocompatibility antigen, A alpha chain",Homo sapiens,HLA-A,Uniprotkb reviewed (swiss-prot),Belongs to the MHC class I family,HLA Class Ia,Classical MHC-I,no,yes
4LCY,A,1,180,P01889,180,362,"HLA class I histocompatibility antigen, B alpha chain",Homo sapiens,HLA-B,Uniprotkb reviewed (swiss-prot),,HLA Class Ia,Classical MHC-I,no,no
6PTE,A,1,180,P04439,180,365,"HLA class I histocompatibility antigen, A alpha chain",Homo sapiens,HLA-A,Uniprotkb reviewed (swiss-prot),Belongs to the MHC class I family,HLA Class Ia,Classical MHC-I,no,yes
5C08,A,1,180,P04439,180,365,"HLA class I histocompatibility antigen, A alpha chain",Homo sapiens,HLA-A,Uniprotkb reviewed (swiss-prot),Belongs to the MHC class I family,HLA Class Ia,Classical MHC-I,yes,yes
5E9D,A,1,180,P04439,180,365,"HLA class I histocompatibility antigen, A alpha chain",Homo sapiens,HLA-A,Uniprotkb reviewed (swiss-prot),Belongs to the MHC class I family,HLA Class Ia,Classical MHC-I,yes,yes
5HHP,A,1,180,P04439,180,365,"HLA class I histocompatibility antigen, A alpha chain",Homo sapiens,HLA-A,Uniprotkb reviewed (swiss-prot),Belongs to the MHC class I family,HLA Class Ia,Classical MHC-I,no,yes
2GJ6,A,1,180,P04439,180,365,"HLA class I histocompatibility antigen, A alpha chain",Homo sapiens,HLA-A,Uniprotkb reviewed (swiss-prot),Belongs to the MHC class I family,HLA Class Ia,Classical MHC-I,yes,yes
3MRM,A,1,180,P04439,180,365,"HLA class I histocompatibility antigen, A alpha chain",Homo sapiens,HLA-A,Uniprotkb reviewed (swiss-prot),Belongs to the MHC class I family,HLA Class Ia,Classical MHC-I,no,yes
6RSY,A,1,180,P04439,180,365,"HLA class I histocompatibility antigen, A alpha chain",Homo sapiens,HLA-A,Uniprotkb reviewed (swiss-prot),Belongs to the MHC class I family,HLA Class Ia,Classical MHC-I,yes,yes
8XES,A,1,180,A0A0G2JPD3,180,394,"Major histocompatibility complex, class I, A",Homo sapiens,HLA-A,Uniprotkb unreviewed (trembl),Belongs to the MHC class I family,HLA Class Ia,Classical MHC-I,no,yes
6TRO,A,1,179,Q53Z42,179,365,HLA class I antigen,Homo sapiens,HLA-A,Uniprotkb unreviewed (trembl),Belongs to the MHC class I family,HLA Class Ia,Classical MHC-I,yes,yes
4PRA,A,1,180,C5MK56,180,362,HLA-B*3507,Homo sapiens,HLA-B,Uniprotkb unreviewed (trembl),Belongs to the MHC class I family,HLA Class Ia,Classical MHC-I,no,yes
8FU4,A,1,180,Q53Z42,180,365,HLA class I antigen,Homo sapiens,HLA-A,Uniprotkb unreviewed (trembl),Belongs to the MHC class I family,HLA Class Ia,Classical MHC-I,no,yes
6BXP,A,1,180,P01889,180,362,"HLA class I histocompatibility antigen, B alpha chain",Homo sapiens,HLA-B,Uniprotkb reviewed (swiss-prot),,HLA Class Ia,Classical MHC-I,no,yes
3HPJ,A,1,180,P04439,180,365,"HLA class I histocompatibility antigen, A alpha chain",Homo sapiens,HLA-A,Uniprotkb reviewed (swiss-prot),Belongs to the MHC class I family,HLA Class Ia,Classical MHC-I,no,yes
2DYP,A,1,179,P17693,179,338,"HLA class I histocompatibility antigen, alpha chain G",Homo sapiens,HLA-G,Uniprotkb reviewed (swiss-prot),Belongs to the MHC class I family,HLA Class Ib,Non-classical MHC-I,no,yes
3O3E,A,1,180,P04439,180,365,"HLA class I histocompatibility antigen, A alpha chain",Homo sapiens,HLA-A,Uniprotkb reviewed (swiss-prot),Belongs to the MHC class I family,HLA Class Ia,Classical MHC-I,no,yes
3V5H,A,1,180,P04439,180,365,"HLA class I histocompatibility antigen, A alpha chain",Homo sapiens,HLA-A,Uniprotkb reviewed (swiss-prot),Belongs to the MHC class I family,HLA Class Ia,Classical MHC-I,no,yes
5WKH,A,1,180,P04439,180,365,"HLA class I histocompatibility antigen, A alpha chain",Homo sapiens,HLA-A,Uniprotkb reviewed (swiss-prot),Belongs to the MHC class I family,HLA Class Ia,Classical MHC-I,yes,yes
3SJV,A,1,179,P01889,179,362,"HLA class I histocompatibility antigen, B alpha chain",Homo sapiens,HLA-B,Uniprotkb reviewed (swiss-prot),,HLA Class Ia,Classical MHC-I,yes,yes
3BXN,A,1,180,Q56H30,180,295,MHC class I antigen,Homo sapiens,HLA-B,Uniprotkb unreviewed (trembl),Belongs to the MHC class I family,HLA Class Ia,Classical MHC-I,no,yes
6O9C,A,2,180,P04439,179,365,"HLA class I histocompatibility antigen, A alpha chain",Homo sapiens,HLA-A,Uniprotkb reviewed (swiss-prot),Belongs to the MHC class I family,HLA Class Ia,Classical MHC-I,no,yes
8I5E,H,1,180,U5YJJ6,180,337,MHC class I antigen,Homo sapiens,HLA-A,Uniprotkb unreviewed (trembl),Belongs to the MHC class I family,HLA Class Ia,Classical MHC-I,no,yes
3BH8,A,1,180,P04439,180,365,"HLA class I histocompatibility antigen, A alpha chain",Homo sapiens,HLA-A,Uniprotkb reviewed (swiss-prot),Belongs to the MHC class I family,HLA Class Ia,Classical MHC-I,no,yes
3VRJ,A,1,179,P01889,179,362,"HLA class I histocompatibility antigen, B alpha chain",Homo sapiens,HLA-B,Uniprotkb reviewed (swiss-prot),,HLA Class Ia,Classical MHC-I,no,yes
6TRN,A,1,180,Q53Z42,180,365,HLA class I antigen,Homo sapiens,HLA-A,Uniprotkb unreviewed (trembl),Belongs to the MHC class I family,HLA Class Ia,Classical MHC-I,no,yes
1I1F,A,1,180,P04439,180,365,"HLA class I histocompatibility antigen, A alpha chain",Homo sapiens,HLA-A,Uniprotkb reviewed (swiss-prot),Belongs to the MHC class I family,HLA Class Ia,Classical MHC-I,no,yes
5WMP,A,1,179,P01889,179,362,"HLA class I histocompatibility antigen, B alpha chain",Homo sapiens,HLA-B,Uniprotkb reviewed (swiss-prot),,HLA Class Ia,Classical MHC-I,no,yes
3VFV,A,1,180,P01889,180,362,"HLA class I histocompatibility antigen, B alpha chain",Homo sapiens,HLA-B,Uniprotkb reviewed (swiss-prot),,HLA Class Ia,Classical MHC-I,no,yes
8TBV,A,1,180,Q53Z42,180,365,HLA class I antigen,Homo sapiens,HLA-A,Uniprotkb unreviewed (trembl),Belongs to the MHC class I family,HLA Class Ia,Classical MHC-I,no,yes
6SS9,A,1,180,P04439,180,365,"HLA class I histocompatibility antigen, A alpha chain",Homo sapiens,HLA-A,Uniprotkb reviewed (swiss-prot),Belongs to the MHC class I family,HLA Class Ia,Classical MHC-I,no,yes
8U9G,A,1,180,A0A140T913,180,371,"Major histocompatibility complex, class I, A",Homo sapiens,HLA-A,Uniprotkb unreviewed (trembl),Belongs to the MHC class I family,HLA Class Ia,Classical MHC-I,no,yes
5MEN,A,1,180,P04439,180,365,"HLA class I histocompatibility antigen, A alpha chain",Homo sapiens,HLA-A,Uniprotkb reviewed (swiss-prot),Belongs to the MHC class I family,HLA Class Ia,Classical MHC-I,yes,yes
5WMN,A,1,179,P01889,179,362,"HLA class I histocompatibility antigen, B alpha chain",Homo sapiens,HLA-B,Uniprotkb reviewed (swiss-prot),,HLA Class Ia,Classical MHC-I,no,yes
7WT5,A,2,181,A0A109QAI7,180,365,MHC class I antigen,Homo sapiens,HLA-A,Uniprotkb unreviewed (trembl),Belongs to the MHC class I family,HLA Class Ia,Classical MHC-I,no,yes
3D39,A,1,180,P04439,180,365,"HLA class I histocompatibility antigen, A alpha chain",Homo sapiens,HLA-A,Uniprotkb reviewed (swiss-prot),Belongs to the MHC class I family,HLA Class Ia,Classical MHC-I,yes,yes
7L1C,A,1,180,P04439,180,365,"HLA class I histocompatibility antigen, A alpha chain",Homo sapiens,HLA-A,Uniprotkb reviewed (swiss-prot),Belongs to the MHC class I family,HLA Class Ia,Classical MHC-I,no,yes
6V2P,A,1,180,I3ZN84,180,362,HLA-B alpha chain (B*5703GB),Homo sapiens,HLA-B,Uniprotkb unreviewed (trembl),Belongs to the MHC class I family,HLA Class Ia,Classical MHC-I,no,yes
5IRO,A,1,180,P04439,180,365,"HLA class I histocompatibility antigen, A alpha chain",Homo sapiens,HLA-A,Uniprotkb reviewed (swiss-prot),Belongs to the MHC class I family,HLA Class Ia,Classical MHC-I,yes,yes
1S9W,A,1,180,P04439,180,365,"HLA class I histocompatibility antigen, A alpha chain",Homo sapiens,HLA-A,Uniprotkb reviewed (swiss-prot),Belongs to the MHC class I family,HLA Class Ia,Classical MHC-I,no,yes
5N6B,A,1,180,P04439,180,365,"HLA class I histocompatibility antigen, A alpha chain",Homo sapiens,HLA-A,Uniprotkb reviewed (swiss-prot),Belongs to the MHC class I family,HLA Class Ia,Classical MHC-I,no,yes
7WZZ,A,1,180,F4NC28,180,337,MHC class I antigen,Homo sapiens,HLA-B,Uniprotkb unreviewed (trembl),Belongs to the MHC class I family,HLA Class Ia,Classical MHC-I,no,yes
6VMA,A,1,180,A0A140T913,180,371,"Major histocompatibility complex, class I, A",Homo sapiens,HLA-A,Uniprotkb unreviewed (trembl),Belongs to the MHC class I family,HLA Class Ia,Classical MHC-I,yes,yes
3LN5,A,1,179,P01889,179,362,"HLA class I histocompatibility antigen, B alpha chain",Homo sapiens,HLA-B,Uniprotkb reviewed (swiss-prot),,HLA Class Ia,Classical MHC-I,no,yes
3GSX,A,1,180,P04439,180,365,"HLA class I histocompatibility antigen, A alpha chain",Homo sapiens,HLA-A,Uniprotkb reviewed (swiss-prot),Belongs to the MHC class I family,HLA Class Ia,Classical MHC-I,no,yes
8EO8,A,1,179,F4NBT2,179,337,MHC class I antigen,Homo sapiens,HLA-B,Uniprotkb unreviewed (trembl),Belongs to the MHC class I family,HLA Class Ia,Classical MHC-I,yes,yes
5V5M,A,1,180,P01889,180,362,"HLA class I histocompatibility antigen, B alpha chain",Homo sapiens,HLA-B,Uniprotkb reviewed (swiss-prot),,HLA Class Ia,Classical MHC-I,no,yes
8EMG,A,1,180,F4NBT2,180,337,MHC class I antigen,Homo sapiens,HLA-B,Uniprotkb unreviewed (trembl),Belongs to the MHC class I family,HLA Class Ia,Classical MHC-I,no,yes
7RM4,A,1,180,P04439,180,365,"HLA class I histocompatibility antigen, A alpha chain",Homo sapiens,HLA-A,Uniprotkb reviewed (swiss-prot),Belongs to the MHC class I family,HLA Class Ia,Classical MHC-I,yes,yes
7RRG,A,1,180,P04439,180,365,"HLA class I histocompatibility antigen, A alpha chain",Homo sapiens,HLA-A,Uniprotkb reviewed (swiss-prot),Belongs to the MHC class I family,HLA Class Ia,Classical MHC-I,yes,yes
2AV1,A,1,180,P04439,180,365,"HLA class I histocompatibility antigen, A alpha chain",Homo sapiens,HLA-A,Uniprotkb reviewed (swiss-prot),Belongs to the MHC class I family,HLA Class Ia,Classical MHC-I,no,yes
7DZN,A,1,179,V6E0U6,179,362,MHC class I antigen,Homo sapiens,HLA-B,Uniprotkb unreviewed (trembl),Belongs to the MHC class I family,HLA Class Ia,Classical MHC-I,yes,yes
4U6Y,A,1,180,P04439,180,365,"HLA class I histocompatibility antigen, A alpha chain",Homo sapiens,HLA-A,Uniprotkb reviewed (swiss-prot),Belongs to the MHC class I family,HLA Class Ia,Classical MHC-I,no,yes
5C0B,A,1,180,P04439,180,365,"HLA class I histocompatibility antigen, A alpha chain",Homo sapiens,HLA-A,Uniprotkb reviewed (swiss-prot),Belongs to the MHC class I family,HLA Class Ia,Classical MHC-I,yes,yes
8ES9,N,1,180,Q861F7,180,341,MHC class I antigen,Homo sapiens,HLA-A,Uniprotkb unreviewed (trembl),Belongs to the MHC class I family,HLA Class Ia,Classical MHC-I,yes,yes
8E2Z,A,1,173,Q5SS57,173,362,HLA class I antigen,Homo sapiens,HLA-B,Uniprotkb unreviewed (trembl),Belongs to the MHC class I family,HLA Class Ia,Classical MHC-I,no,yes
6VB0,A,1,180,F4NBQ8,180,337,MHC class I antigen,Homo sapiens,HLA-B,Uniprotkb unreviewed (trembl),Belongs to the MHC class I family,HLA Class Ia,Classical MHC-I,no,yes
4U1I,A,2,180,P01889,179,362,"HLA class I histocompatibility antigen, B alpha chain",Homo sapiens,HLA-B,Uniprotkb reviewed (swiss-prot),,HLA Class Ia,Classical MHC-I,no,yes
2GUO,A,1,180,P04439,180,365,"HLA class I histocompatibility antigen, A alpha chain",Homo sapiens,HLA-A,Uniprotkb reviewed (swiss-prot),Belongs to the MHC class I family,HLA Class Ia,Classical MHC-I,no,yes
3L3K,A,1,180,P01889,180,362,"HLA class I histocompatibility antigen, B alpha chain",Homo sapiens,HLA-B,Uniprotkb reviewed (swiss-prot),,HLA Class Ia,Classical MHC-I,no,yes
3UTS,A,1,180,P04439,180,365,"HLA class I histocompatibility antigen, A alpha chain",Homo sapiens,HLA-A,Uniprotkb reviewed (swiss-prot),Belongs to the MHC class I family,HLA Class Ia,Classical MHC-I,yes,yes
9BL5,A,1,180,A0A411J078,180,342,MHC class I antigen,Homo sapiens,HLA-A,Uniprotkb unreviewed (trembl),Belongs to the MHC class I family,HLA Class Ia,Classical MHC-I,yes,yes
4UQ3,A,1,180,P04439,180,365,"HLA class I histocompatibility antigen, A alpha chain",Homo sapiens,HLA-A,Uniprotkb reviewed (swiss-prot),Belongs to the MHC class I family,HLA Class Ia,Classical MHC-I,no,yes
5WXC,A,1,180,P04439,180,365,"HLA class I histocompatibility antigen, A alpha chain",Homo sapiens,HLA-A,Uniprotkb reviewed (swiss-prot),Belongs to the MHC class I family,HLA Class Ia,Classical MHC-I,no,yes
5T6W,A,1,180,P01889,180,362,"HLA class I histocompatibility antigen, B alpha chain",Homo sapiens,HLA-B,Uniprotkb reviewed (swiss-prot),,HLA Class Ia,Classical MHC-I,no,yes
6JTN,A,1,179,C1K0Y1,179,366,HLA class I antigen,Homo sapiens,HLA-C,Uniprotkb unreviewed (trembl),Belongs to the MHC class I family,HLA Class Ia,Classical MHC-I,no,yes
1OGA,A,1,180,P04439,180,365,"HLA class I histocompatibility antigen, A alpha chain",Homo sapiens,HLA-A,Uniprotkb reviewed (swiss-prot),Belongs to the MHC class I family,HLA Class Ia,Classical MHC-I,yes,yes
7SRK,A,107,286,F6IR24,180,337,MHC class I antigen,Homo sapiens,HLA-A_SC,Uniprotkb unreviewed (trembl),Belongs to the MHC class I family,HLA Class Ia SC,Classical MHC-I SC,no,yes
6D2T,A,1,180,P01889,180,362,"HLA class I histocompatibility antigen, B alpha chain",Homo sapiens,HLA-B,Uniprotkb reviewed (swiss-prot),,HLA Class Ia,Classical MHC-I,no,yes
6PBH,A,1,180,P04439,180,365,"HLA class I histocompatibility antigen, A alpha chain",Homo sapiens,HLA-A,Uniprotkb reviewed (swiss-prot),Belongs to the MHC class I family,HLA Class Ia,Classical MHC-I,no,yes
5IEH,A,1,180,P01889,180,362,"HLA class I histocompatibility antigen, B alpha chain",Homo sapiens,HLA-B,Uniprotkb reviewed (swiss-prot),,HLA Class Ia,Classical MHC-I,no,yes
1B0G,A,1,180,P04439,180,365,"HLA class I histocompatibility antigen, A alpha chain",Homo sapiens,HLA-A,Uniprotkb reviewed (swiss-prot),Belongs to the MHC class I family,HLA Class Ia,Classical MHC-I,no,yes
7RZJ,A,1,180,P01889,180,362,"HLA class I histocompatibility antigen, B alpha chain",Homo sapiens,HLA-B,Uniprotkb reviewed (swiss-prot),,HLA Class Ia,Classical MHC-I,no,yes
6MTL,A,1,180,P01889,180,362,"HLA class I histocompatibility antigen, B alpha chain",Homo sapiens,HLA-B,Uniprotkb reviewed (swiss-prot),,HLA Class Ia,Classical MHC-I,no,yes
3MR9,A,1,180,P04439,180,365,"HLA class I histocompatibility antigen, A alpha chain",Homo sapiens,HLA-A,Uniprotkb reviewed (swiss-prot),Belongs to the MHC class I family,HLA Class Ia,Classical MHC-I,no,yes
1B0R,A,1,180,P04439,180,365,"HLA class I histocompatibility antigen, A alpha chain",Homo sapiens,HLA-A,Uniprotkb reviewed (swiss-prot),Belongs to the MHC class I family,HLA Class Ia,Classical MHC-I,no,yes
3GSQ,A,1,180,P04439,180,365,"HLA class I histocompatibility antigen, A alpha chain",Homo sapiens,HLA-A,Uniprotkb reviewed (swiss-prot),Belongs to the MHC class I family,HLA Class Ia,Classical MHC-I,no,yes
2GTW,A,1,180,P04439,180,365,"HLA class I histocompatibility antigen, A alpha chain",Homo sapiens,HLA-A,Uniprotkb reviewed (swiss-prot),Belongs to the MHC class I family,HLA Class Ia,Classical MHC-I,no,yes
3MRC,A,1,180,P04439,180,365,"HLA class I histocompatibility antigen, A alpha chain",Homo sapiens,HLA-A,Uniprotkb reviewed (swiss-prot),Belongs to the MHC class I family,HLA Class Ia,Classical MHC-I,no,yes
3HCV,A,1,180,P01889,180,362,"HLA class I histocompatibility antigen, B alpha chain",Homo sapiens,HLA-B,Uniprotkb reviewed (swiss-prot),,HLA Class Ia,Classical MHC-I,no,yes
6EWC,A,1,180,P04439,180,365,"HLA class I histocompatibility antigen, A alpha chain",Homo sapiens,HLA-A,Uniprotkb reviewed (swiss-prot),Belongs to the MHC class I family,HLA Class Ia,Classical MHC-I,no,yes
1AGF,A,1,179,P01889,179,362,"HLA class I histocompatibility antigen, B alpha chain",Homo sapiens,HLA-B,Uniprotkb reviewed (swiss-prot),,HLA Class Ia,Classical MHC-I,no,yes
4JRX,A,1,180,C5MK56,180,362,HLA-B*3507,Homo sapiens,HLA-B,Uniprotkb unreviewed (trembl),Belongs to the MHC class I family,HLA Class Ia,Classical MHC-I,yes,yes
8ES8,N,1,180,Q861F7,180,341,MHC class I antigen,Homo sapiens,HLA-A,Uniprotkb unreviewed (trembl),Belongs to the MHC class I family,HLA Class Ia,Classical MHC-I,yes,yes
3I6G,A,1,180,P04439,180,365,"HLA class I histocompatibility antigen, A alpha chain",Homo sapiens,HLA-A,Uniprotkb reviewed (swiss-prot),Belongs to the MHC class I family,HLA Class Ia,Classical MHC-I,no,yes
4L29,A,1,180,P04439,180,365,"HLA class I histocompatibility antigen, A alpha chain",Homo sapiens,HLA-A,Uniprotkb reviewed (swiss-prot),Belongs to the MHC class I family,HLA Class Ia,Classical MHC-I,no,yes
7WT3,A,2,181,A0A5H2UYS3,180,367,MHC class I antigen,Homo sapiens,HLA-A,Uniprotkb unreviewed (trembl),Belongs to the MHC class I family,HLA Class Ia,Classical MHC-I,no,yes
6BJ2,A,1,180,P01889,180,362,"HLA class I histocompatibility antigen, B alpha chain",Homo sapiens,HLA-B,Uniprotkb reviewed (swiss-prot),,HLA Class Ia,Classical MHC-I,yes,yes
4I4W,A,1,180,P04439,180,365,"HLA class I histocompatibility antigen, A alpha chain",Homo sapiens,HLA-A,Uniprotkb reviewed (swiss-prot),Belongs to the MHC class I family,HLA Class Ia,Classical MHC-I,no,yes
7NDU,AAA,1,178,P13747,178,358,"HLA class I histocompatibility antigen, alpha chain E",Homo sapiens,HLA-E,Uniprotkb reviewed (swiss-prot),Belongs to the MHC class I family,HLA Class Ib,Non-classical MHC-I,yes,yes
6VB7,A,1,180,F4NBQ8,180,337,MHC class I antigen,Homo sapiens,HLA-B,Uniprotkb unreviewed (trembl),Belongs to the MHC class I family,HLA Class Ia,Classical MHC-I,no,yes
5EU4,A,1,180,P04439,180,365,"HLA class I histocompatibility antigen, A alpha chain",Homo sapiens,HLA-A,Uniprotkb reviewed (swiss-prot),Belongs to the MHC class I family,HLA Class Ia,Classical MHC-I,no,yes
3KPO,A,1,180,P01889,180,362,"HLA class I histocompatibility antigen, B alpha chain",Homo sapiens,HLA-B,Uniprotkb reviewed (swiss-prot),,HLA Class Ia,Classical MHC-I,no,yes
3PWJ,A,1,180,P04439,180,365,"HLA class I histocompatibility antigen, A alpha chain",Homo sapiens,HLA-A,Uniprotkb reviewed (swiss-prot),Belongs to the MHC class I family,HLA Class Ia,Classical MHC-I,no,yes
7N6D,A,1,180,A0A140T913,180,371,"Major histocompatibility complex, class I, A",Homo sapiens,HLA-A,Uniprotkb unreviewed (trembl),Belongs to the MHC class I family,HLA Class Ia,Classical MHC-I,no,yes
4E5X,A,1,180,P04439,180,365,"HLA class I histocompatibility antigen, A alpha chain",Homo sapiens,HLA-A,Uniprotkb reviewed (swiss-prot),Belongs to the MHC class I family,HLA Class Ia,Classical MHC-I,yes,yes
5C09,A,1,180,P04439,180,365,"HLA class I histocompatibility antigen, A alpha chain",Homo sapiens,HLA-A,Uniprotkb reviewed (swiss-prot),Belongs to the MHC class I family,HLA Class Ia,Classical MHC-I,yes,yes
7KGR,A,1,180,Q861F7,180,341,MHC class I antigen,Homo sapiens,HLA-A,Uniprotkb unreviewed (trembl),Belongs to the MHC class I family,HLA Class Ia,Classical MHC-I,no,yes
1AGD,A,1,179,P01889,179,362,"HLA class I histocompatibility antigen, B alpha chain",Homo sapiens,HLA-B,Uniprotkb reviewed (swiss-prot),,HLA Class Ia,Classical MHC-I,no,yes
1AO7,A,1,180,P04439,180,365,"HLA class I histocompatibility antigen, A alpha chain",Homo sapiens,HLA-A,Uniprotkb reviewed (swiss-prot),Belongs to the MHC class I family,HLA Class Ia,Classical MHC-I,yes,yes
7SIH,A,1,180,A0A6B7FTL9,180,362,MHC class I antigen,Homo sapiens,HLA-B,Uniprotkb unreviewed (trembl),Belongs to the MHC class I family,HLA Class Ia,Classical MHC-I,no,yes
7Q98,A,1,180,A0A140T913,180,371,"Major histocompatibility complex, class I, A",Homo sapiens,HLA-A,Uniprotkb unreviewed (trembl),Belongs to the MHC class I family,HLA Class Ia,Classical MHC-I,no,yes
3GSR,A,1,180,P04439,180,365,"HLA class I histocompatibility antigen, A alpha chain",Homo sapiens,HLA-A,Uniprotkb reviewed (swiss-prot),Belongs to the MHC class I family,HLA Class Ia,Classical MHC-I,no,yes
3H7B,A,1,180,P04439,180,365,"HLA class I histocompatibility antigen, A alpha chain",Homo sapiens,HLA-A,Uniprotkb reviewed (swiss-prot),Belongs to the MHC class I family,HLA Class Ia,Classical MHC-I,no,yes
1TVH,A,1,180,P04439,180,365,"HLA class I histocompatibility antigen, A alpha chain",Homo sapiens,HLA-A,Uniprotkb reviewed (swiss-prot),Belongs to the MHC class I family,HLA Class Ia,Classical MHC-I,no,yes
3GSU,A,1,180,P04439,180,365,"HLA class I histocompatibility antigen, A alpha chain",Homo sapiens,HLA-A,Uniprotkb reviewed (swiss-prot),Belongs to the MHC class I family,HLA Class Ia,Classical MHC-I,no,yes
8RJI,A,1,180,A0A411J078,180,342,MHC class I antigen,Homo sapiens,HLA-A,Uniprotkb unreviewed (trembl),Belongs to the MHC class I family,HLA Class Ia,Classical MHC-I,no,yes
7EJN,A,1,180,A0A5H2UYS3,180,367,MHC class I antigen,Homo sapiens,HLA-A,Uniprotkb unreviewed (trembl),Belongs to the MHC class I family,HLA Class Ia,Classical MHC-I,no,yes
3BZE,A,1,178,P13747,178,358,"HLA class I histocompatibility antigen, alpha chain E",Homo sapiens,HLA-E,Uniprotkb reviewed (swiss-prot),Belongs to the MHC class I family,HLA Class Ib,Non-classical MHC-I,no,yes
3MRJ,A,1,180,P04439,180,365,"HLA class I histocompatibility antigen, A alpha chain",Homo sapiens,HLA-A,Uniprotkb reviewed (swiss-prot),Belongs to the MHC class I family,HLA Class Ia,Classical MHC-I,no,yes
2J8U,A,1,180,P04439,180,365,"HLA class I histocompatibility antigen, A alpha chain",Homo sapiens,HLA-A,Uniprotkb reviewed (swiss-prot),Belongs to the MHC class I family,HLA Class Ia,Classical MHC-I,yes,yes
4FTV,A,1,180,P04439,180,365,"HLA class I histocompatibility antigen, A alpha chain",Homo sapiens,HLA-A,Uniprotkb reviewed (swiss-prot),Belongs to the MHC class I family,HLA Class Ia,Classical MHC-I,yes,yes
6UZN,A,1,180,F4NBQ8,180,337,MHC class I antigen,Homo sapiens,HLA-B,Uniprotkb unreviewed (trembl),Belongs to the MHC class I family,HLA Class Ia,Classical MHC-I,no,yes
3HAE,A,1,180,P04439,180,365,"HLA class I histocompatibility antigen, A alpha chain",Homo sapiens,HLA-A,Uniprotkb reviewed (swiss-prot),Belongs to the MHC class I family,HLA Class Ia,Classical MHC-I,yes,yes
1QR1,A,1,180,P04439,180,365,"HLA class I histocompatibility antigen, A alpha chain",Homo sapiens,HLA-A,Uniprotkb reviewed (swiss-prot),Belongs to the MHC class I family,HLA Class Ia,Classical MHC-I,no,yes
6V3J,A,1,180,I3ZN84,180,362,HLA-B alpha chain (B*5703GB),Homo sapiens,HLA-B,Uniprotkb unreviewed (trembl),Belongs to the MHC class I family,HLA Class Ia,Classical MHC-I,yes,yes
5NMF,A,1,180,P04439,180,365,"HLA class I histocompatibility antigen, A alpha chain",Homo sapiens,HLA-A,Uniprotkb reviewed (swiss-prot),Belongs to the MHC class I family,HLA Class Ia,Classical MHC-I,yes,yes
7Q9A,A,1,180,A0A140T913,180,371,"Major histocompatibility complex, class I, A",Homo sapiens,HLA-A,Uniprotkb unreviewed (trembl),Belongs to the MHC class I family,HLA Class Ia,Classical MHC-I,yes,yes
7JYW,A,1,178,A0A5H2UYS3,178,367,MHC class I antigen,Homo sapiens,HLA-A,Uniprotkb unreviewed (trembl),Belongs to the MHC class I family,HLA Class Ia,Classical MHC-I,no,yes
2AV7,A,1,180,P04439,180,365,"HLA class I histocompatibility antigen, A alpha chain",Homo sapiens,HLA-A,Uniprotkb reviewed (swiss-prot),Belongs to the MHC class I family,HLA Class Ia,Classical MHC-I,no,yes
6PYV,A,1,180,P01889,180,362,"HLA class I histocompatibility antigen, B alpha chain",Homo sapiens,HLA-B,Uniprotkb reviewed (swiss-prot),,HLA Class Ia,Classical MHC-I,no,yes
7N1F,A,1,180,A0A140T913,180,371,"Major histocompatibility complex, class I, A",Homo sapiens,HLA-A,Uniprotkb unreviewed (trembl),Belongs to the MHC class I family,HLA Class Ia,Classical MHC-I,yes,yes
8EMK,A,1,180,F4NBT2,180,337,MHC class I antigen,Homo sapiens,HLA-B,Uniprotkb unreviewed (trembl),Belongs to the MHC class I family,HLA Class Ia,Classical MHC-I,no,yes
6VM7,A,1,180,A0A140T913,180,371,"Major histocompatibility complex, class I, A",Homo sapiens,HLA-A,Uniprotkb unreviewed (trembl),Belongs to the MHC class I family,HLA Class Ia,Classical MHC-I,yes,yes
6D2R,A,1,180,P01889,180,362,"HLA class I histocompatibility antigen, B alpha chain",Homo sapiens,HLA-B,Uniprotkb reviewed (swiss-prot),,HLA Class Ia,Classical MHC-I,no,yes
7U21,A,1,180,A0A140T913,180,371,"Major histocompatibility complex, class I, A",Homo sapiens,HLA-A,Uniprotkb unreviewed (trembl),Belongs to the MHC class I family,HLA Class Ia,Classical MHC-I,no,yes
6TDP,A,1,180,F6IQS1,180,337,MHC class I antigen,Homo sapiens,HLA-A,Uniprotkb unreviewed (trembl),Belongs to the MHC class I family,HLA Class Ia,Classical MHC-I,no,yes
5DDH,A,1,180,P04439,180,365,"HLA class I histocompatibility antigen, A alpha chain",Homo sapiens,HLA-A,Uniprotkb reviewed (swiss-prot),Belongs to the MHC class I family,HLA Class Ia,Classical MHC-I,no,yes
7M8T,A,1,180,U5YJK1,180,337,MHC class I antigen,Homo sapiens,HLA-A,Uniprotkb unreviewed (trembl),Belongs to the MHC class I family,HLA Class Ia,Classical MHC-I,no,yes
3VFS,A,1,180,P01889,180,362,"HLA class I histocompatibility antigen, B alpha chain",Homo sapiens,HLA-B,Uniprotkb reviewed (swiss-prot),,HLA Class Ia,Classical MHC-I,no,yes
3VRI,A,1,179,P01889,179,362,"HLA class I histocompatibility antigen, B alpha chain",Homo sapiens,HLA-B,Uniprotkb reviewed (swiss-prot),,HLA Class Ia,Classical MHC-I,no,yes
6Z9V,A,1,180,A0A140T913,180,371,"Major histocompatibility complex, class I, A",Homo sapiens,HLA-A,Uniprotkb unreviewed (trembl),Belongs to the MHC class I family,HLA Class Ia,Classical MHC-I,no,yes
4U1L,A,2,180,P01889,179,362,"HLA class I histocompatibility antigen, B alpha chain",Homo sapiens,HLA-B,Uniprotkb reviewed (swiss-prot),,HLA Class Ia,Classical MHC-I,no,yes
7NMG,A,1,180,A0A5H2UYS3,180,367,MHC class I antigen,Homo sapiens,HLA-A,Uniprotkb unreviewed (trembl),Belongs to the MHC class I family,HLA Class Ia,Classical MHC-I,yes,yes
2BCK,A,1,180,P04439,180,365,"HLA class I histocompatibility antigen, A alpha chain",Homo sapiens,HLA-A,Uniprotkb reviewed (swiss-prot),Belongs to the MHC class I family,HLA Class Ia,Classical MHC-I,no,yes
2RFX,A,1,180,P01889,180,362,"HLA class I histocompatibility antigen, B alpha chain",Homo sapiens,HLA-B,Uniprotkb reviewed (swiss-prot),,HLA Class Ia,Classical MHC-I,no,yes
6UJ9,A,2,180,P01889,179,362,"HLA class I histocompatibility antigen, B alpha chain",Homo sapiens,HLA-B,Uniprotkb reviewed (swiss-prot),,HLA Class Ia,Classical MHC-I,yes,yes
8EK5,A,1,180,F6IR24,180,337,MHC class I antigen,Homo sapiens,HLA-A,Uniprotkb unreviewed (trembl),Belongs to the MHC class I family,HLA Class Ia,Classical MHC-I,yes,yes
2BNR,A,1,180,P04439,180,365,"HLA class I histocompatibility antigen, A alpha chain",Homo sapiens,HLA-A,Uniprotkb reviewed (swiss-prot),Belongs to the MHC class I family,HLA Class Ia,Classical MHC-I,yes,yes
1AGE,A,1,179,P01889,179,362,"HLA class I histocompatibility antigen, B alpha chain",Homo sapiens,HLA-B,Uniprotkb reviewed (swiss-prot),,HLA Class Ia,Classical MHC-I,no,yes
7QPJ,C,1,180,A0A140T913,180,371,"Major histocompatibility complex, class I, A",Homo sapiens,HLA-A,Uniprotkb unreviewed (trembl),Belongs to the MHC class I family,HLA Class Ia,Classical MHC-I,yes,yes
5EUO,A,1,180,P04439,180,365,"HLA class I histocompatibility antigen, A alpha chain",Homo sapiens,HLA-A,Uniprotkb reviewed (swiss-prot),Belongs to the MHC class I family,HLA Class Ia,Classical MHC-I,yes,yes
3FT3,A,1,180,P04439,180,365,"HLA class I histocompatibility antigen, A alpha chain",Homo sapiens,HLA-A,Uniprotkb reviewed (swiss-prot),Belongs to the MHC class I family,HLA Class Ia,Classical MHC-I,no,yes
3MRH,A,1,180,P04439,180,365,"HLA class I histocompatibility antigen, A alpha chain",Homo sapiens,HLA-A,Uniprotkb reviewed (swiss-prot),Belongs to the MHC class I family,HLA Class Ia,Classical MHC-I,no,yes
7Q9B,AAA,1,180,A0A140T913,180,371,"Major histocompatibility complex, class I, A",Homo sapiens,HLA-A,Uniprotkb unreviewed (trembl),Belongs to the MHC class I family,HLA Class Ia,Classical MHC-I,yes,yes
6UJO,A,1,180,U5YJP1,180,337,MHC class I antigen,Homo sapiens,HLA-A,Uniprotkb unreviewed (trembl),Belongs to the MHC class I family,HLA Class Ia,Classical MHC-I,no,yes
5N1Y,A,2,181,P04439,180,365,"HLA class I histocompatibility antigen, A alpha chain",Homo sapiens,HLA-A,Uniprotkb reviewed (swiss-prot),Belongs to the MHC class I family,HLA Class Ia,Classical MHC-I,no,yes
4GKS,A,1,180,P04439,180,365,"HLA class I histocompatibility antigen, A alpha chain",Homo sapiens,HLA-A,Uniprotkb reviewed (swiss-prot),Belongs to the MHC class I family,HLA Class Ia,Classical MHC-I,no,yes
6VB6,A,1,180,F4NBQ8,180,337,MHC class I antigen,Homo sapiens,HLA-B,Uniprotkb unreviewed (trembl),Belongs to the MHC class I family,HLA Class Ia,Classical MHC-I,no,yes
3L3J,A,1,180,P01889,180,362,"HLA class I histocompatibility antigen, B alpha chain",Homo sapiens,HLA-B,Uniprotkb reviewed (swiss-prot),,HLA Class Ia,Classical MHC-I,no,yes
5EOT,A,1,179,P04439,179,365,"HLA class I histocompatibility antigen, A alpha chain",Homo sapiens,HLA-A,Uniprotkb reviewed (swiss-prot),Belongs to the MHC class I family,HLA Class Ia,Classical MHC-I,no,yes
7SIF,A,1,180,A0A5H2UI55,180,362,MHC class I antigen,Homo sapiens,HLA-B,Uniprotkb unreviewed (trembl),Belongs to the MHC class I family,HLA Class Ia,Classical MHC-I,no,yes
5MEP,A,1,180,P04439,180,365,"HLA class I histocompatibility antigen, A alpha chain",Homo sapiens,HLA-A,Uniprotkb reviewed (swiss-prot),Belongs to the MHC class I family,HLA Class Ia,Classical MHC-I,no,yes
6IEX,A,1,179,A0A499S0B6,179,362,MHC class I antigen,Homo sapiens,HLA-B,Uniprotkb unreviewed (trembl),Belongs to the MHC class I family,HLA Class Ia,Classical MHC-I,no,yes
4QRS,A,1,179,P01889,179,362,"HLA class I histocompatibility antigen, B alpha chain",Homo sapiens,HLA-B,Uniprotkb reviewed (swiss-prot),,HLA Class Ia,Classical MHC-I,no,yes
3KYN,A,3,180,P17693,178,338,"HLA class I histocompatibility antigen, alpha chain G",Homo sapiens,HLA-G,Uniprotkb reviewed (swiss-prot),Belongs to the MHC class I family,HLA Class Ib,Non-classical MHC-I,no,yes
4HWZ,A,1,180,P04439,180,365,"HLA class I histocompatibility antigen, A alpha chain",Homo sapiens,HLA-A,Uniprotkb reviewed (swiss-prot),Belongs to the MHC class I family,HLA Class Ia,Classical MHC-I,no,yes
7MJ8,A,1,180,A0A140T913,180,371,"Major histocompatibility complex, class I, A",Homo sapiens,HLA-A,Uniprotkb unreviewed (trembl),Belongs to the MHC class I family,HLA Class Ia,Classical MHC-I,no,yes
3BHB,A,1,180,P04439,180,365,"HLA class I histocompatibility antigen, A alpha chain",Homo sapiens,HLA-A,Uniprotkb reviewed (swiss-prot),Belongs to the MHC class I family,HLA Class Ia,Classical MHC-I,no,yes
8RNH,A,1,180,S6AU73,180,362,MHC class I antigen,Homo sapiens,HLA-B,Uniprotkb unreviewed (trembl),Belongs to the MHC class I family,HLA Class Ia,Classical MHC-I,no,yes
6P2F,A,1,179,P01889,179,362,"HLA class I histocompatibility antigen, B alpha chain",Homo sapiens,HLA-B,Uniprotkb reviewed (swiss-prot),,HLA Class Ia,Classical MHC-I,no,yes
6SS7,D,1,180,P04439,180,365,"HLA class I histocompatibility antigen, A alpha chain",Homo sapiens,HLA-A,Uniprotkb reviewed (swiss-prot),Belongs to the MHC class I family,HLA Class Ia,Classical MHC-I,no,yes
5FA3,A,1,179,P04439,179,365,"HLA class I histocompatibility antigen, A alpha chain",Homo sapiens,HLA-A,Uniprotkb reviewed (swiss-prot),Belongs to the MHC class I family,HLA Class Ia,Classical MHC-I,no,yes
3KPP,A,1,180,P01889,180,362,"HLA class I histocompatibility antigen, B alpha chain",Homo sapiens,HLA-B,Uniprotkb reviewed (swiss-prot),,HLA Class Ia,Classical MHC-I,no,yes
8UDR,A,1,180,P04439,180,365,"HLA class I histocompatibility antigen, A alpha chain",Homo sapiens,HLA-A,Uniprotkb reviewed (swiss-prot),Belongs to the MHC class I family,HLA Class Ia,Classical MHC-I,yes,yes
7SR5,A,110,289,A0A6S7XV52,180,365,MHC class I antigen,Homo sapiens,HLA-A_SC,Uniprotkb unreviewed (trembl),Belongs to the MHC class I family,HLA Class Ia SC,Classical MHC-I SC,no,yes
7N2O,A,1,180,A3F718,180,296,MHC class I antigen,Homo sapiens,HLA-B,Uniprotkb unreviewed (trembl),Belongs to the MHC class I family,HLA Class Ia,Classical MHC-I,yes,yes
4MJI,A,1,180,P01889,180,362,"HLA class I histocompatibility antigen, B alpha chain",Homo sapiens,HLA-B,Uniprotkb reviewed (swiss-prot),,HLA Class Ia,Classical MHC-I,yes,yes
1I7U,A,1,180,P04439,180,365,"HLA class I histocompatibility antigen, A alpha chain",Homo sapiens,HLA-A,Uniprotkb reviewed (swiss-prot),Belongs to the MHC class I family,HLA Class Ia,Classical MHC-I,no,yes
8SBL,A,1,180,A0A5H2UYS3,180,367,MHC class I antigen,Homo sapiens,HLA-A,Uniprotkb unreviewed (trembl),Belongs to the MHC class I family,HLA Class Ia,Classical MHC-I,no,yes
3LKO,A,1,180,P01889,180,362,"HLA class I histocompatibility antigen, B alpha chain",Homo sapiens,HLA-B,Uniprotkb reviewed (swiss-prot),,HLA Class Ia,Classical MHC-I,no,yes
3RL1,A,1,180,P04439,180,365,"HLA class I histocompatibility antigen, A alpha chain",Homo sapiens,HLA-A,Uniprotkb reviewed (swiss-prot),Belongs to the MHC class I family,HLA Class Ia,Classical MHC-I,no,yes
3HG1,A,1,180,Q8WLS4,180,317,MHC class I antigen,Homo sapiens,HLA-A,Uniprotkb unreviewed (trembl),Belongs to the MHC class I family,HLA Class Ia,Classical MHC-I,yes,yes
4NNY,A,1,180,P04439,180,365,"HLA class I histocompatibility antigen, A alpha chain",Homo sapiens,HLA-A,Uniprotkb reviewed (swiss-prot),Belongs to the MHC class I family,HLA Class Ia,Classical MHC-I,no,yes
3VXM,A,1,180,P04439,180,365,"HLA class I histocompatibility antigen, A alpha chain",Homo sapiens,HLA-A,Uniprotkb reviewed (swiss-prot),Belongs to the MHC class I family,HLA Class Ia,Classical MHC-I,yes,yes
1I7R,A,1,180,P04439,180,365,"HLA class I histocompatibility antigen, A alpha chain",Homo sapiens,HLA-A,Uniprotkb reviewed (swiss-prot),Belongs to the MHC class I family,HLA Class Ia,Classical MHC-I,no,yes
6UZP,A,1,180,D9J307,180,362,HLA class I histocompatibility antigen B alpha chain,Homo sapiens,HLA-B,Uniprotkb unreviewed (trembl),Belongs to the MHC class I family,HLA Class Ia,Classical MHC-I,no,yes
5C0E,A,2,181,P04439,180,365,"HLA class I histocompatibility antigen, A alpha chain",Homo sapiens,HLA-A,Uniprotkb reviewed (swiss-prot),Belongs to the MHC class I family,HLA Class Ia,Classical MHC-I,no,yes
5W67,A,1,179,P10321,179,366,"HLA class I histocompatibility antigen, C alpha chain",Homo sapiens,HLA-C,Uniprotkb reviewed (swiss-prot),,HLA Class Ia,Classical MHC-I,no,yes
7SU9,A,1,179,A2BF26,179,397,"Major histocompatibility complex, class I, C",Homo sapiens,HLA-C,Uniprotkb unreviewed (trembl),Belongs to the MHC class I family,HLA Class Ia,Classical MHC-I,no,yes
4JRY,A,1,180,C5MK56,180,362,HLA-B*3507,Homo sapiens,HLA-B,Uniprotkb unreviewed (trembl),Belongs to the MHC class I family,HLA Class Ia,Classical MHC-I,yes,yes
6VB5,A,1,180,F4NBQ8,180,337,MHC class I antigen,Homo sapiens,HLA-B,Uniprotkb unreviewed (trembl),Belongs to the MHC class I family,HLA Class Ia,Classical MHC-I,no,yes
2HJL,A,1,180,P01889,180,362,"HLA class I histocompatibility antigen, B alpha chain",Homo sapiens,HLA-B,Uniprotkb reviewed (swiss-prot),,HLA Class Ia,Classical MHC-I,no,yes
3LKN,A,1,180,P01889,180,362,"HLA class I histocompatibility antigen, B alpha chain",Homo sapiens,HLA-B,Uniprotkb reviewed (swiss-prot),,HLA Class Ia,Classical MHC-I,no,yes
2JCC,A,1,180,P04439,180,365,"HLA class I histocompatibility antigen, A alpha chain",Homo sapiens,HLA-A,Uniprotkb reviewed (swiss-prot),Belongs to the MHC class I family,HLA Class Ia,Classical MHC-I,yes,yes
6ULK,A,1,179,C1K0Y1,179,366,HLA class I antigen,Homo sapiens,HLA-C,Uniprotkb unreviewed (trembl),Belongs to the MHC class I family,HLA Class Ia,Classical MHC-I,no,yes
7MJ6,A,1,180,A0A140T913,180,371,"Major histocompatibility complex, class I, A",Homo sapiens,HLA-A,Uniprotkb unreviewed (trembl),Belongs to the MHC class I family,HLA Class Ia,Classical MHC-I,no,yes
3MRG,A,1,180,P04439,180,365,"HLA class I histocompatibility antigen, A alpha chain",Homo sapiens,HLA-A,Uniprotkb reviewed (swiss-prot),Belongs to the MHC class I family,HLA Class Ia,Classical MHC-I,no,yes
3MV9,A,1,180,P01889,180,362,"HLA class I histocompatibility antigen, B alpha chain",Homo sapiens,HLA-B,Uniprotkb reviewed (swiss-prot),,HLA Class Ia,Classical MHC-I,yes,yes
6XQA,A,1,180,A0A5H2UYS3,180,367,MHC class I antigen,Homo sapiens,HLA-A,Uniprotkb unreviewed (trembl),Belongs to the MHC class I family,HLA Class Ia,Classical MHC-I,no,yes
8TUB,F,1,179,P01889,179,362,"HLA class I histocompatibility antigen, B alpha chain",Homo sapiens,HLA-B,Uniprotkb reviewed (swiss-prot),,HLA Class Ia,Classical MHC-I,no,yes
5C0F,A,2,181,P04439,180,365,"HLA class I histocompatibility antigen, A alpha chain",Homo sapiens,HLA-A,Uniprotkb reviewed (swiss-prot),Belongs to the MHC class I family,HLA Class Ia,Classical MHC-I,no,yes
3MRP,A,1,180,P04439,180,365,"HLA class I histocompatibility antigen, A alpha chain",Homo sapiens,HLA-A,Uniprotkb reviewed (swiss-prot),Belongs to the MHC class I family,HLA Class Ia,Classical MHC-I,no,yes
4U6X,A,1,180,P04439,180,365,"HLA class I histocompatibility antigen, A alpha chain",Homo sapiens,HLA-A,Uniprotkb reviewed (swiss-prot),Belongs to the MHC class I family,HLA Class Ia,Classical MHC-I,no,yes
5WMO,A,1,179,P01889,179,362,"HLA class I histocompatibility antigen, B alpha chain",Homo sapiens,HLA-B,Uniprotkb reviewed (swiss-prot),,HLA Class Ia,Classical MHC-I,no,yes
3MRO,A,1,180,P04439,180,365,"HLA class I histocompatibility antigen, A alpha chain",Homo sapiens,HLA-A,Uniprotkb reviewed (swiss-prot),Belongs to the MHC class I family,HLA Class Ia,Classical MHC-I,no,yes
5C0D,A,1,180,P04439,180,365,"HLA class I histocompatibility antigen, A alpha chain",Homo sapiens,HLA-A,Uniprotkb reviewed (swiss-prot),Belongs to the MHC class I family,HLA Class Ia,Classical MHC-I,no,yes
3GSV,A,1,180,P04439,180,365,"HLA class I histocompatibility antigen, A alpha chain",Homo sapiens,HLA-A,Uniprotkb reviewed (swiss-prot),Belongs to the MHC class I family,HLA Class Ia,Classical MHC-I,no,yes
1JF1,A,1,180,P04439,180,365,"HLA class I histocompatibility antigen, A alpha chain",Homo sapiens,HLA-A,Uniprotkb reviewed (swiss-prot),Belongs to the MHC class I family,HLA Class Ia,Classical MHC-I,no,yes
3UTQ,A,1,180,P04439,180,365,"HLA class I histocompatibility antigen, A alpha chain",Homo sapiens,HLA-A,Uniprotkb reviewed (swiss-prot),Belongs to the MHC class I family,HLA Class Ia,Classical MHC-I,no,yes
2BNQ,A,1,180,P04439,180,365,"HLA class I histocompatibility antigen, A alpha chain",Homo sapiens,HLA-A,Uniprotkb reviewed (swiss-prot),Belongs to the MHC class I family,HLA Class Ia,Classical MHC-I,yes,yes
3BH9,A,1,180,P04439,180,365,"HLA class I histocompatibility antigen, A alpha chain",Homo sapiens,HLA-A,Uniprotkb reviewed (swiss-prot),Belongs to the MHC class I family,HLA Class Ia,Classical MHC-I,no,yes
3QFD,A,1,180,P04439,180,365,"HLA class I histocompatibility antigen, A alpha chain",Homo sapiens,HLA-A,Uniprotkb reviewed (swiss-prot),Belongs to the MHC class I family,HLA Class Ia,Classical MHC-I,no,yes
6VMX,A,1,179,P01889,179,362,"HLA class I histocompatibility antigen, B alpha chain",Homo sapiens,HLA-B,Uniprotkb reviewed (swiss-prot),,HLA Class Ia,Classical MHC-I,yes,yes
4MJ6,A,1,180,P04439,180,365,"HLA class I histocompatibility antigen, A alpha chain",Homo sapiens,HLA-A,Uniprotkb reviewed (swiss-prot),Belongs to the MHC class I family,HLA Class Ia,Classical MHC-I,no,yes
6UZO,A,1,180,F4NBQ8,180,337,MHC class I antigen,Homo sapiens,HLA-B,Uniprotkb unreviewed (trembl),Belongs to the MHC class I family,HLA Class Ia,Classical MHC-I,no,yes
1N2R,A,1,180,P01889,180,362,"HLA class I histocompatibility antigen, B alpha chain",Homo sapiens,HLA-B,Uniprotkb reviewed (swiss-prot),,HLA Class Ia,Classical MHC-I,no,yes
7Q99,A,1,180,A0A140T913,180,371,"Major histocompatibility complex, class I, A",Homo sapiens,HLA-A,Uniprotkb unreviewed (trembl),Belongs to the MHC class I family,HLA Class Ia,Classical MHC-I,yes,yes
8EMJ,A,1,180,F4NBT2,180,337,MHC class I antigen,Homo sapiens,HLA-B,Uniprotkb unreviewed (trembl),Belongs to the MHC class I family,HLA Class Ia,Classical MHC-I,no,yes
5TEZ,A,1,180,P04439,180,365,"HLA class I histocompatibility antigen, A alpha chain",Homo sapiens,HLA-A,Uniprotkb reviewed (swiss-prot),Belongs to the MHC class I family,HLA Class Ia,Classical MHC-I,yes,yes
3FQN,A,1,180,P04439,180,365,"HLA class I histocompatibility antigen, A alpha chain",Homo sapiens,HLA-A,Uniprotkb reviewed (swiss-prot),Belongs to the MHC class I family,HLA Class Ia,Classical MHC-I,no,yes
3VFR,A,1,180,C5MK56,180,362,HLA-B*3507,Homo sapiens,HLA-B,Uniprotkb unreviewed (trembl),Belongs to the MHC class I family,HLA Class Ia,Classical MHC-I,no,yes
7N2S,A,1,180,A3F718,180,296,MHC class I antigen,Homo sapiens,HLA-B,Uniprotkb unreviewed (trembl),Belongs to the MHC class I family,HLA Class Ia,Classical MHC-I,yes,yes
3OXS,A,1,180,Q861F6,180,341,MHC class I antigen,Homo sapiens,HLA-A,Uniprotkb unreviewed (trembl),Belongs to the MHC class I family,HLA Class Ia,Classical MHC-I,no,yes
2HN7,A,1,180,P04439,180,365,"HLA class I histocompatibility antigen, A alpha chain",Homo sapiens,HLA-A,Uniprotkb reviewed (swiss-prot),Belongs to the MHC class I family,HLA Class Ia,Classical MHC-I,no,yes
3O3A,A,1,180,P04439,180,365,"HLA class I histocompatibility antigen, A alpha chain",Homo sapiens,HLA-A,Uniprotkb reviewed (swiss-prot),Belongs to the MHC class I family,HLA Class Ia,Classical MHC-I,no,yes
6OPD,A,1,180,P04439,180,365,"HLA class I histocompatibility antigen, A alpha chain",Homo sapiens,HLA-A,Uniprotkb reviewed (swiss-prot),Belongs to the MHC class I family,HLA Class Ia,Classical MHC-I,no,yes
6AMU,A,1,179,P04439,179,365,"HLA class I histocompatibility antigen, A alpha chain",Homo sapiens,HLA-A,Uniprotkb reviewed (swiss-prot),Belongs to the MHC class I family,HLA Class Ia,Classical MHC-I,yes,yes
6EWO,A,1,180,P04439,180,365,"HLA class I histocompatibility antigen, A alpha chain",Homo sapiens,HLA-A,Uniprotkb reviewed (swiss-prot),Belongs to the MHC class I family,HLA Class Ia,Classical MHC-I,no,yes
4I48,A,1,180,P04439,180,365,"HLA class I histocompatibility antigen, A alpha chain",Homo sapiens,HLA-A,Uniprotkb reviewed (swiss-prot),Belongs to the MHC class I family,HLA Class Ia,Classical MHC-I,no,yes
5IND,A,1,180,P01889,180,362,"HLA class I histocompatibility antigen, B alpha chain",Homo sapiens,HLA-B,Uniprotkb reviewed (swiss-prot),,HLA Class Ia,Classical MHC-I,no,yes
3KLA,A,1,180,P04439,180,365,"HLA class I histocompatibility antigen, A alpha chain",Homo sapiens,HLA-A,Uniprotkb reviewed (swiss-prot),Belongs to the MHC class I family,HLA Class Ia,Classical MHC-I,no,yes
3BWA,A,1,180,P01889,180,362,"HLA class I histocompatibility antigen, B alpha chain",Homo sapiens,HLA-B,Uniprotkb reviewed (swiss-prot),,HLA Class Ia,Classical MHC-I,no,yes
6BXQ,B,1,180,P01889,180,362,"HLA class I histocompatibility antigen, B alpha chain",Homo sapiens,HLA-B,Uniprotkb reviewed (swiss-prot),,HLA Class Ia,Classical MHC-I,no,yes
6O9B,A,2,180,P04439,179,365,"HLA class I histocompatibility antigen, A alpha chain",Homo sapiens,HLA-A,Uniprotkb reviewed (swiss-prot),Belongs to the MHC class I family,HLA Class Ia,Classical MHC-I,no,yes
7SR0,A,110,289,A0A6S7XV52,180,365,MHC class I antigen,Homo sapiens,HLA-A_SC,Uniprotkb unreviewed (trembl),Belongs to the MHC class I family,HLA Class Ia SC,Classical MHC-I SC,no,yes
4WJ5,A,1,180,P04439,180,365,"HLA class I histocompatibility antigen, A alpha chain",Homo sapiens,HLA-A,Uniprotkb reviewed (swiss-prot),Belongs to the MHC class I family,HLA Class Ia,Classical MHC-I,no,yes
4QRP,A,1,179,P01889,179,362,"HLA class I histocompatibility antigen, B alpha chain",Homo sapiens,HLA-B,Uniprotkb reviewed (swiss-prot),,HLA Class Ia,Classical MHC-I,yes,yes
5EU6,A,1,180,P04439,180,365,"HLA class I histocompatibility antigen, A alpha chain",Homo sapiens,HLA-A,Uniprotkb reviewed (swiss-prot),Belongs to the MHC class I family,HLA Class Ia,Classical MHC-I,yes,yes
5INC,A,1,180,P01889,180,362,"HLA class I histocompatibility antigen, B alpha chain",Homo sapiens,HLA-B,Uniprotkb reviewed (swiss-prot),,HLA Class Ia,Classical MHC-I,no,yes
9BL2,A,1,180,I3ZN84,180,362,HLA-B alpha chain (B*5703GB),Homo sapiens,HLA-B,Uniprotkb unreviewed (trembl),Belongs to the MHC class I family,HLA Class Ia,Classical MHC-I,yes,yes
7X1C,A,1,180,A0A678ZMW1,180,362,MHC class I antigen,Homo sapiens,HLA-B,Uniprotkb unreviewed (trembl),Belongs to the MHC class I family,HLA Class Ia,Classical MHC-I,no,yes
3MRK,A,1,180,P04439,180,365,"HLA class I histocompatibility antigen, A alpha chain",Homo sapiens,HLA-A,Uniprotkb reviewed (swiss-prot),Belongs to the MHC class I family,HLA Class Ia,Classical MHC-I,no,yes
8ESH,A,1,177,D2KZ37,177,273,MHC class I antigen,Homo sapiens,HLA-A,Uniprotkb unreviewed (trembl),Belongs to the MHC class I family,HLA Class Ia,Classical MHC-I,no,yes
5VWJ,A,1,180,P01889,180,362,"HLA class I histocompatibility antigen, B alpha chain",Homo sapiens,HLA-B,Uniprotkb reviewed (swiss-prot),,HLA Class Ia,Classical MHC-I,no,yes
4PR5,A,1,180,P01889,180,362,"HLA class I histocompatibility antigen, B alpha chain",Homo sapiens,HLA-B,Uniprotkb reviewed (swiss-prot),,HLA Class Ia,Classical MHC-I,no,yes
1X7Q,A,1,180,P04439,180,365,"HLA class I histocompatibility antigen, A alpha chain",Homo sapiens,HLA-A,Uniprotkb reviewed (swiss-prot),Belongs to the MHC class I family,HLA Class Ia,Classical MHC-I,no,yes
3LKP,A,1,180,P01889,180,362,"HLA class I histocompatibility antigen, B alpha chain",Homo sapiens,HLA-B,Uniprotkb reviewed (swiss-prot),,HLA Class Ia,Classical MHC-I,no,yes
6SS8,A,1,180,P04439,180,365,"HLA class I histocompatibility antigen, A alpha chain",Homo sapiens,HLA-A,Uniprotkb reviewed (swiss-prot),Belongs to the MHC class I family,HLA Class Ia,Classical MHC-I,no,yes
8RNE,A,1,179,Q59EE1,179,355,"HLA class I histocompatibility antigen, E alpha chain variant",Homo sapiens,HLA-E,Uniprotkb unreviewed (trembl),Belongs to the MHC class I family,HLA Class Ib,Non-classical MHC-I,no,yes
3VXO,A,1,180,P04439,180,365,"HLA class I histocompatibility antigen, A alpha chain",Homo sapiens,HLA-A,Uniprotkb reviewed (swiss-prot),Belongs to the MHC class I family,HLA Class Ia,Classical MHC-I,no,yes
6VB4,A,1,180,F4NBQ8,180,337,MHC class I antigen,Homo sapiens,HLA-B,Uniprotkb unreviewed (trembl),Belongs to the MHC class I family,HLA Class Ia,Classical MHC-I,no,yes
7SR3,A,114,293,A0A6S7XV52,180,365,MHC class I antigen,Homo sapiens,HLA-A_SC,Uniprotkb unreviewed (trembl),Belongs to the MHC class I family,HLA Class Ia SC,Classical MHC-I SC,no,yes
6VIU,A,1,180,F4NBQ8,180,337,MHC class I antigen,Homo sapiens,HLA-B,Uniprotkb unreviewed (trembl),Belongs to the MHC class I family,HLA Class Ia,Classical MHC-I,no,yes
3MRE,A,1,180,P04439,180,365,"HLA class I histocompatibility antigen, A alpha chain",Homo sapiens,HLA-A,Uniprotkb reviewed (swiss-prot),Belongs to the MHC class I family,HLA Class Ia,Classical MHC-I,no,yes
9DL1,F,1,180,A0A5B8RNS7,180,337,MHC class I antigen,Homo sapiens,HLA-A,Uniprotkb unreviewed (trembl),Belongs to the MHC class I family,HLA Class Ia,Classical MHC-I,yes,yes
2AXG,A,1,180,P01889,180,362,"HLA class I histocompatibility antigen, B alpha chain",Homo sapiens,HLA-B,Uniprotkb reviewed (swiss-prot),,HLA Class Ia,Classical MHC-I,no,yes
3QZW,A,1,180,P04439,180,365,"HLA class I histocompatibility antigen, A alpha chain",Homo sapiens,HLA-A,Uniprotkb reviewed (swiss-prot),Belongs to the MHC class I family,HLA Class Ia,Classical MHC-I,no,yes
6AT5,A,1,179,P01889,179,362,"HLA class I histocompatibility antigen, B alpha chain",Homo sapiens,HLA-B,Uniprotkb reviewed (swiss-prot),,HLA Class Ia,Classical MHC-I,no,yes
3TO2,A,1,180,P04439,180,365,"HLA class I histocompatibility antigen, A alpha chain",Homo sapiens,HLA-A,Uniprotkb reviewed (swiss-prot),Belongs to the MHC class I family,HLA Class Ia,Classical MHC-I,no,yes
1MI5,A,1,179,P01889,179,362,"HLA class I histocompatibility antigen, B alpha chain",Homo sapiens,HLA-B,Uniprotkb reviewed (swiss-prot),,HLA Class Ia,Classical MHC-I,yes,yes
3FQR,A,1,180,P04439,180,365,"HLA class I histocompatibility antigen, A alpha chain",Homo sapiens,HLA-A,Uniprotkb reviewed (swiss-prot),Belongs to the MHC class I family,HLA Class Ia,Classical MHC-I,no,yes
7YG3,A,1,180,F4NBP7,180,337,MHC class I antigen,Homo sapiens,HLA-B,Uniprotkb unreviewed (trembl),Belongs to the MHC class I family,HLA Class Ia,Classical MHC-I,no,yes
8XKE,A,1,180,A0A0G2JL56,180,394,"Major histocompatibility complex, class I, A",Homo sapiens,HLA-A,Uniprotkb unreviewed (trembl),Belongs to the MHC class I family,HLA Class Ia,Classical MHC-I,no,yes
3KPQ,A,1,180,P01889,180,362,"HLA class I histocompatibility antigen, B alpha chain",Homo sapiens,HLA-B,Uniprotkb reviewed (swiss-prot),,HLA Class Ia,Classical MHC-I,no,yes
6VQZ,A,1,180,O78189,180,362,MHC class I antigen,Homo sapiens,HLA-B,Uniprotkb unreviewed (trembl),Belongs to the MHC class I family,HLA Class Ia,Classical MHC-I,no,yes
6MT5,A,1,180,P01889,180,362,"HLA class I histocompatibility antigen, B alpha chain",Homo sapiens,HLA-B,Uniprotkb reviewed (swiss-prot),,HLA Class Ia,Classical MHC-I,no,yes
3KYO,A,1,179,P17693,179,338,"HLA class I histocompatibility antigen, alpha chain G",Homo sapiens,HLA-G,Uniprotkb reviewed (swiss-prot),Belongs to the MHC class I family,HLA Class Ib,Non-classical MHC-I,no,yes
1K5N,A,1,180,P01889,180,362,"HLA class I histocompatibility antigen, B alpha chain",Homo sapiens,HLA-B,Uniprotkb reviewed (swiss-prot),,HLA Class Ia,Classical MHC-I,no,yes
4JFD,A,1,180,P04439,180,365,"HLA class I histocompatibility antigen, A alpha chain",Homo sapiens,HLA-A,Uniprotkb reviewed (swiss-prot),Belongs to the MHC class I family,HLA Class Ia,Classical MHC-I,yes,yes
7MLE,A,1,180,P04439,180,365,"HLA class I histocompatibility antigen, A alpha chain",Homo sapiens,HLA-A,Uniprotkb reviewed (swiss-prot),Belongs to the MHC class I family,HLA Class Ia,Classical MHC-I,no,yes
7N2P,A,1,180,A3F718,180,296,MHC class I antigen,Homo sapiens,HLA-B,Uniprotkb unreviewed (trembl),Belongs to the MHC class I family,HLA Class Ia,Classical MHC-I,yes,yes
6EQA,A,1,180,P04439,180,365,"HLA class I histocompatibility antigen, A alpha chain",Homo sapiens,HLA-A,Uniprotkb reviewed (swiss-prot),Belongs to the MHC class I family,HLA Class Ia,Classical MHC-I,yes,yes
3MRF,A,1,180,P04439,180,365,"HLA class I histocompatibility antigen, A alpha chain",Homo sapiens,HLA-A,Uniprotkb reviewed (swiss-prot),Belongs to the MHC class I family,HLA Class Ia,Classical MHC-I,no,yes
8EMF,A,1,180,F4NBT2,180,337,MHC class I antigen,Homo sapiens,HLA-B,Uniprotkb unreviewed (trembl),Belongs to the MHC class I family,HLA Class Ia,Classical MHC-I,no,yes
3DX6,A,1,180,P01889,180,362,"HLA class I histocompatibility antigen, B alpha chain",Homo sapiens,HLA-B,Uniprotkb reviewed (swiss-prot),,HLA Class Ia,Classical MHC-I,no,yes
3MRR,A,1,180,P04439,180,365,"HLA class I histocompatibility antigen, A alpha chain",Homo sapiens,HLA-A,Uniprotkb reviewed (swiss-prot),Belongs to the MHC class I family,HLA Class Ia,Classical MHC-I,no,yes
3VXR,A,1,180,P04439,180,365,"HLA class I histocompatibility antigen, A alpha chain",Homo sapiens,HLA-A,Uniprotkb reviewed (swiss-prot),Belongs to the MHC class I family,HLA Class Ia,Classical MHC-I,yes,yes
3MYJ,A,1,180,P04439,180,365,"HLA class I histocompatibility antigen, A alpha chain",Homo sapiens,HLA-A,Uniprotkb reviewed (swiss-prot),Belongs to the MHC class I family,HLA Class Ia,Classical MHC-I,no,yes
7SR4,A,112,291,A0A6S7XV52,180,365,MHC class I antigen,Homo sapiens,HLA-A_SC,Uniprotkb unreviewed (trembl),Belongs to the MHC class I family,HLA Class Ia SC,Classical MHC-I SC,no,yes
3MRD,A,1,180,P04439,180,365,"HLA class I histocompatibility antigen, A alpha chain",Homo sapiens,HLA-A,Uniprotkb reviewed (swiss-prot),Belongs to the MHC class I family,HLA Class Ia,Classical MHC-I,no,yes
5MEO,A,1,180,P04439,180,365,"HLA class I histocompatibility antigen, A alpha chain",Homo sapiens,HLA-A,Uniprotkb reviewed (swiss-prot),Belongs to the MHC class I family,HLA Class Ia,Classical MHC-I,no,yes
7XF3,A,1,180,D9J307,180,362,HLA class I histocompatibility antigen B alpha chain,Homo sapiens,HLA-B,Uniprotkb unreviewed (trembl),Belongs to the MHC class I family,HLA Class Ia,Classical MHC-I,no,yes
5VUD,A,1,180,P01889,180,362,"HLA class I histocompatibility antigen, B alpha chain",Homo sapiens,HLA-B,Uniprotkb reviewed (swiss-prot),,HLA Class Ia,Classical MHC-I,no,yes
5T6Z,A,1,180,P01889,180,362,"HLA class I histocompatibility antigen, B alpha chain",Homo sapiens,HLA-B,Uniprotkb reviewed (swiss-prot),,HLA Class Ia,Classical MHC-I,yes,yes
7N1A,A,1,180,A0A140T913,180,371,"Major histocompatibility complex, class I, A",Homo sapiens,HLA-A,Uniprotkb unreviewed (trembl),Belongs to the MHC class I family,HLA Class Ia,Classical MHC-I,no,yes
1AGB,A,1,179,P01889,179,362,"HLA class I histocompatibility antigen, B alpha chain",Homo sapiens,HLA-B,Uniprotkb reviewed (swiss-prot),,HLA Class Ia,Classical MHC-I,no,yes
6O51,A,1,180,A0A140T913,180,371,"Major histocompatibility complex, class I, A",Homo sapiens,HLA-A,Uniprotkb unreviewed (trembl),Belongs to the MHC class I family,HLA Class Ia,Classical MHC-I,no,yes
3AM8,A,1,179,P13747,179,358,"HLA class I histocompatibility antigen, alpha chain E",Homo sapiens,HLA-E,Uniprotkb reviewed (swiss-prot),Belongs to the MHC class I family,HLA Class Ib,Non-classical MHC-I,no,yes
5EU5,A,1,180,P04439,180,365,"HLA class I histocompatibility antigen, A alpha chain",Homo sapiens,HLA-A,Uniprotkb reviewed (swiss-prot),Belongs to the MHC class I family,HLA Class Ia,Classical MHC-I,no,yes
6BJ3,A,1,179,P01889,179,362,"HLA class I histocompatibility antigen, B alpha chain",Homo sapiens,HLA-B,Uniprotkb reviewed (swiss-prot),,HLA Class Ia,Classical MHC-I,yes,yes
5NMH,A,1,180,P04439,180,365,"HLA class I histocompatibility antigen, A alpha chain",Homo sapiens,HLA-A,Uniprotkb reviewed (swiss-prot),Belongs to the MHC class I family,HLA Class Ia,Classical MHC-I,no,yes
2FZ3,A,1,180,O19626,180,322,HLA-B35,Homo sapiens,HLA-B,Uniprotkb unreviewed (trembl),Belongs to the MHC class I family,HLA Class Ia,Classical MHC-I,no,yes
6VQY,A,1,180,O78189,180,362,MHC class I antigen,Homo sapiens,HLA-B,Uniprotkb unreviewed (trembl),Belongs to the MHC class I family,HLA Class Ia,Classical MHC-I,no,yes
6TDO,A,1,180,F6IQS1,180,337,MHC class I antigen,Homo sapiens,HLA-A,Uniprotkb unreviewed (trembl),Belongs to the MHC class I family,HLA Class Ia,Classical MHC-I,no,yes
2V2X,A,1,180,P04439,180,365,"HLA class I histocompatibility antigen, A alpha chain",Homo sapiens,HLA-A,Uniprotkb reviewed (swiss-prot),Belongs to the MHC class I family,HLA Class Ia,Classical MHC-I,no,yes
6RPB,A,1,180,P04439,180,365,"HLA class I histocompatibility antigen, A alpha chain",Homo sapiens,HLA-A,Uniprotkb reviewed (swiss-prot),Belongs to the MHC class I family,HLA Class Ia,Classical MHC-I,yes,yes
5EO0,A,1,179,P01889,179,362,"HLA class I histocompatibility antigen, B alpha chain",Homo sapiens,HLA-B,Uniprotkb reviewed (swiss-prot),,HLA Class Ia,Classical MHC-I,no,yes
3QDM,A,1,180,P04439,180,365,"HLA class I histocompatibility antigen, A alpha chain",Homo sapiens,HLA-A,Uniprotkb reviewed (swiss-prot),Belongs to the MHC class I family,HLA Class Ia,Classical MHC-I,yes,yes
8RNF,A,1,179,Q59EE1,179,355,"HLA class I histocompatibility antigen, E alpha chain variant",Homo sapiens,HLA-E,Uniprotkb unreviewed (trembl),Belongs to the MHC class I family,HLA Class Ib,Non-classical MHC-I,no,yes
4L3E,A,1,180,P04439,180,365,"HLA class I histocompatibility antigen, A alpha chain",Homo sapiens,HLA-A,Uniprotkb reviewed (swiss-prot),Belongs to the MHC class I family,HLA Class Ia,Classical MHC-I,yes,yes
3MRN,A,1,180,P04439,180,365,"HLA class I histocompatibility antigen, A alpha chain",Homo sapiens,HLA-A,Uniprotkb reviewed (swiss-prot),Belongs to the MHC class I family,HLA Class Ia,Classical MHC-I,no,yes
4HX1,A,1,180,P04439,180,365,"HLA class I histocompatibility antigen, A alpha chain",Homo sapiens,HLA-A,Uniprotkb reviewed (swiss-prot),Belongs to the MHC class I family,HLA Class Ia,Classical MHC-I,no,yes
6JTO,A,1,179,P10321,179,366,"HLA class I histocompatibility antigen, C alpha chain",Homo sapiens,HLA-C,Uniprotkb reviewed (swiss-prot),,HLA Class Ia,Classical MHC-I,no,yes
4NT6,A,3,180,P10321,178,366,"HLA class I histocompatibility antigen, C alpha chain",Homo sapiens,HLA-C,Uniprotkb reviewed (swiss-prot),,HLA Class Ia,Classical MHC-I,no,yes
3GIV,A,1,180,P04439,180,365,"HLA class I histocompatibility antigen, A alpha chain",Homo sapiens,HLA-A,Uniprotkb reviewed (swiss-prot),Belongs to the MHC class I family,HLA Class Ia,Classical MHC-I,no,yes
4WU7,A,1,180,P04439,180,365,"HLA class I histocompatibility antigen, A alpha chain",Homo sapiens,HLA-A,Uniprotkb reviewed (swiss-prot),Belongs to the MHC class I family,HLA Class Ia,Classical MHC-I,no,yes
6VMC,A,1,180,A0A140T913,180,371,"Major histocompatibility complex, class I, A",Homo sapiens,HLA-A,Uniprotkb unreviewed (trembl),Belongs to the MHC class I family,HLA Class Ia,Classical MHC-I,yes,yes
1AGC,A,1,179,P01889,179,362,"HLA class I histocompatibility antigen, B alpha chain",Homo sapiens,HLA-B,Uniprotkb reviewed (swiss-prot),,HLA Class Ia,Classical MHC-I,no,yes
6AVG,G,1,179,P01889,179,362,"HLA class I histocompatibility antigen, B alpha chain",Homo sapiens,HLA-B,Uniprotkb reviewed (swiss-prot),,HLA Class Ia,Classical MHC-I,yes,yes
3SPV,A,1,179,P01889,179,362,"HLA class I histocompatibility antigen, B alpha chain",Homo sapiens,HLA-B,Uniprotkb reviewed (swiss-prot),,HLA Class Ia,Classical MHC-I,no,yes
3D25,A,1,180,P04439,180,365,"HLA class I histocompatibility antigen, A alpha chain",Homo sapiens,HLA-A,Uniprotkb reviewed (swiss-prot),Belongs to the MHC class I family,HLA Class Ia,Classical MHC-I,no,yes
4U1M,A,1,179,P01889,179,362,"HLA class I histocompatibility antigen, B alpha chain",Homo sapiens,HLA-B,Uniprotkb reviewed (swiss-prot),,HLA Class Ia,Classical MHC-I,no,yes
4PRI,A,1,180,C5MK56,180,362,HLA-B*3507,Homo sapiens,HLA-B,Uniprotkb unreviewed (trembl),Belongs to the MHC class I family,HLA Class Ia,Classical MHC-I,yes,yes
5C0J,A,2,181,P04439,180,365,"HLA class I histocompatibility antigen, A alpha chain",Homo sapiens,HLA-A,Uniprotkb reviewed (swiss-prot),Belongs to the MHC class I family,HLA Class Ia,Classical MHC-I,no,yes
1DUZ,A,1,180,P04439,180,365,"HLA class I histocompatibility antigen, A alpha chain",Homo sapiens,HLA-A,Uniprotkb reviewed (swiss-prot),Belongs to the MHC class I family,HLA Class Ia,Classical MHC-I,no,yes
1A1O,A,1,180,P01889,180,362,"HLA class I histocompatibility antigen, B alpha chain",Homo sapiens,HLA-B,Uniprotkb reviewed (swiss-prot),,HLA Class Ia,Classical MHC-I,no,yes
6V2Q,A,1,180,I3ZN84,180,362,HLA-B alpha chain (B*5703GB),Homo sapiens,HLA-B,Uniprotkb unreviewed (trembl),Belongs to the MHC class I family,HLA Class Ia,Classical MHC-I,no,yes
7OW3,A,1,179,A0A583ZB34,179,371,MHC class I antigen,Homo sapiens,HLA-A,Uniprotkb unreviewed (trembl),Belongs to the MHC class I family,HLA Class Ia,Classical MHC-I,no,yes
7TUC,A,1,180,D5H3J5,180,362,HLA class I histocompatibility antigen B alpha chain,Homo sapiens,HLA-B,Uniprotkb unreviewed (trembl),Belongs to the MHC class I family,HLA Class Ia,Classical MHC-I,no,yes
5C0A,A,1,180,P04439,180,365,"HLA class I histocompatibility antigen, A alpha chain",Homo sapiens,HLA-A,Uniprotkb reviewed (swiss-prot),Belongs to the MHC class I family,HLA Class Ia,Classical MHC-I,yes,yes
8V51,A,1,180,O19626,180,322,HLA-B35,Homo sapiens,HLA-B,Uniprotkb unreviewed (trembl),Belongs to the MHC class I family,HLA Class Ia,Classical MHC-I,yes,yes
8RJH,A,1,180,A0A411J078,180,342,MHC class I antigen,Homo sapiens,HLA-A,Uniprotkb unreviewed (trembl),Belongs to the MHC class I family,HLA Class Ia,Classical MHC-I,no,yes
1TVB,A,1,180,P04439,180,365,"HLA class I histocompatibility antigen, A alpha chain",Homo sapiens,HLA-A,Uniprotkb reviewed (swiss-prot),Belongs to the MHC class I family,HLA Class Ia,Classical MHC-I,no,yes
2GIT,A,1,180,P04439,180,365,"HLA class I histocompatibility antigen, A alpha chain",Homo sapiens,HLA-A,Uniprotkb reviewed (swiss-prot),Belongs to the MHC class I family,HLA Class Ia,Classical MHC-I,no,yes
5F7D,A,1,179,P04439,179,365,"HLA class I histocompatibility antigen, A alpha chain",Homo sapiens,HLA-A,Uniprotkb reviewed (swiss-prot),Belongs to the MHC class I family,HLA Class Ia,Classical MHC-I,no,yes
7TLT,A,1,180,B0UXQ0,180,365,MHC class I antigen,Homo sapiens,HLA-A,Uniprotkb unreviewed (trembl),Belongs to the MHC class I family,HLA Class Ia,Classical MHC-I,no,yes
5YXN,C,1,180,P04439,180,365,"HLA class I histocompatibility antigen, A alpha chain",Homo sapiens,HLA-A,Uniprotkb reviewed (swiss-prot),Belongs to the MHC class I family,HLA Class Ia,Classical MHC-I,yes,yes
3VFW,A,1,180,P01889,180,362,"HLA class I histocompatibility antigen, B alpha chain",Homo sapiens,HLA-B,Uniprotkb reviewed (swiss-prot),,HLA Class Ia,Classical MHC-I,no,yes
3MRI,A,1,180,P04439,180,365,"HLA class I histocompatibility antigen, A alpha chain",Homo sapiens,HLA-A,Uniprotkb reviewed (swiss-prot),Belongs to the MHC class I family,HLA Class Ia,Classical MHC-I,no,yes
2GT9,A,1,180,P04439,180,365,"HLA class I histocompatibility antigen, A alpha chain",Homo sapiens,HLA-A,Uniprotkb reviewed (swiss-prot),Belongs to the MHC class I family,HLA Class Ia,Classical MHC-I,no,yes
6ULN,A,1,179,C1K0Y1,179,366,HLA class I antigen,Homo sapiens,HLA-C,Uniprotkb unreviewed (trembl),Belongs to the MHC class I family,HLA Class Ia,Classical MHC-I,yes,yes
5BS0,A,1,180,P04439,180,365,"HLA class I histocompatibility antigen, A alpha chain",Homo sapiens,HLA-A,Uniprotkb reviewed (swiss-prot),Belongs to the MHC class I family,HLA Class Ia,Classical MHC-I,yes,yes
6PYJ,A,1,180,P01889,180,362,"HLA class I histocompatibility antigen, B alpha chain",Homo sapiens,HLA-B,Uniprotkb reviewed (swiss-prot),,HLA Class Ia,Classical MHC-I,no,yes
1IM3,A,1,180,P04439,180,365,"HLA class I histocompatibility antigen, A alpha chain",Homo sapiens,HLA-A,Uniprotkb reviewed (swiss-prot),Belongs to the MHC class I family,HLA Class Ia,Classical MHC-I,yes,yes
3I6K,A,1,180,P04439,180,365,"HLA class I histocompatibility antigen, A alpha chain",Homo sapiens,HLA-A,Uniprotkb reviewed (swiss-prot),Belongs to the MHC class I family,HLA Class Ia,Classical MHC-I,no,yes
2H6P,A,1,180,P01889,180,362,"HLA class I histocompatibility antigen, B alpha chain",Homo sapiens,HLA-B,Uniprotkb reviewed (swiss-prot),,HLA Class Ia,Classical MHC-I,no,yes
3VFT,A,1,180,P01889,180,362,"HLA class I histocompatibility antigen, B alpha chain",Homo sapiens,HLA-B,Uniprotkb reviewed (swiss-prot),,HLA Class Ia,Classical MHC-I,no,yes
6D7G,A,111,290,P04439,180,365,"HLA class I histocompatibility antigen, A alpha chain",Homo sapiens,HLA-A_SC,Uniprotkb reviewed (swiss-prot),Belongs to the MHC class I family,HLA Class Ia SC,Classical MHC-I SC,yes,yes
7R7V,A,1,180,S6BVK3,180,362,MHC class I antigen,Homo sapiens,HLA-B,Uniprotkb unreviewed (trembl),Belongs to the MHC class I family,HLA Class Ia,Classical MHC-I,no,yes
8FJA,A,1,180,Q861F7,180,341,MHC class I antigen,Homo sapiens,HLA-A,Uniprotkb unreviewed (trembl),Belongs to the MHC class I family,HLA Class Ia,Classical MHC-I,yes,yes
7M8U,A,1,180,Q546I9,180,362,HLA class I histocompatibility antigen B alpha chain,Homo sapiens,HLA-B,Uniprotkb unreviewed (trembl),Belongs to the MHC class I family,HLA Class Ia,Classical MHC-I,no,yes
4PRP,A,1,180,C5MK56,180,362,HLA-B*3507,Homo sapiens,HLA-B,Uniprotkb unreviewed (trembl),Belongs to the MHC class I family,HLA Class Ia,Classical MHC-I,yes,yes
7M8S,A,1,180,A0A140T913,180,371,"Major histocompatibility complex, class I, A",Homo sapiens,HLA-A,Uniprotkb unreviewed (trembl),Belongs to the MHC class I family,HLA Class Ia,Classical MHC-I,no,yes
8FRT,A,115,294,O78126,180,362,MHC class I HLA-A,Homo sapiens,HLA-A_SC,Uniprotkb unreviewed (trembl),Belongs to the MHC class I family,HLA Class Ia SC,Classical MHC-I SC,no,yes
3SKO,A,1,176,P01889,176,362,"HLA class I histocompatibility antigen, B alpha chain",Homo sapiens,HLA-B,Uniprotkb reviewed (swiss-prot),,HLA Class Ia,Classical MHC-I,no,yes
3DX7,A,1,180,P01889,180,362,"HLA class I histocompatibility antigen, B alpha chain",Homo sapiens,HLA-B,Uniprotkb reviewed (swiss-prot),,HLA Class Ia,Classical MHC-I,no,yes
1XH3,A,1,180,P01889,180,362,"HLA class I histocompatibility antigen, B alpha chain",Homo sapiens,HLA-B,Uniprotkb reviewed (swiss-prot),,HLA Class Ia,Classical MHC-I,no,yes
3X14,A,1,179,P01889,179,362,"HLA class I histocompatibility antigen, B alpha chain",Homo sapiens,HLA-B,Uniprotkb reviewed (swiss-prot),,HLA Class Ia,Classical MHC-I,no,yes
3BW9,A,1,180,P01889,180,362,"HLA class I histocompatibility antigen, B alpha chain",Homo sapiens,HLA-B,Uniprotkb reviewed (swiss-prot),,HLA Class Ia,Classical MHC-I,no,yes
5KNM,A,1,180,P30511,180,346,"HLA class I histocompatibility antigen, alpha chain F",Homo sapiens,HLA-F,Uniprotkb reviewed (swiss-prot),Belongs to the MHC class I family,HLA Class Ib,Non-classical MHC-I,no,yes
7SIG,A,1,180,Q546I9,180,362,HLA class I histocompatibility antigen B alpha chain,Homo sapiens,HLA-B,Uniprotkb unreviewed (trembl),Belongs to the MHC class I family,HLA Class Ia,Classical MHC-I,no,yes
5C0G,A,1,180,P04439,180,365,"HLA class I histocompatibility antigen, A alpha chain",Homo sapiens,HLA-A,Uniprotkb reviewed (swiss-prot),Belongs to the MHC class I family,HLA Class Ia,Classical MHC-I,no,yes
2YPL,A,1,180,P01889,180,362,"HLA class I histocompatibility antigen, B alpha chain",Homo sapiens,HLA-B,Uniprotkb reviewed (swiss-prot),,HLA Class Ia,Classical MHC-I,yes,yes
5U98,A,1,179,P01889,179,362,"HLA class I histocompatibility antigen, B alpha chain",Homo sapiens,HLA-B,Uniprotkb reviewed (swiss-prot),,HLA Class Ia,Classical MHC-I,no,yes
2V2W,A,1,180,P04439,180,365,"HLA class I histocompatibility antigen, A alpha chain",Homo sapiens,HLA-A,Uniprotkb reviewed (swiss-prot),Belongs to the MHC class I family,HLA Class Ia,Classical MHC-I,no,yes
5NQK,H,1,180,P04439,180,365,"HLA class I histocompatibility antigen, A alpha chain",Homo sapiens,HLA-A,Uniprotkb reviewed (swiss-prot),Belongs to the MHC class I family,HLA Class Ia,Classical MHC-I,yes,yes
6PTB,A,1,180,P04439,180,365,"HLA class I histocompatibility antigen, A alpha chain",Homo sapiens,HLA-A,Uniprotkb reviewed (swiss-prot),Belongs to the MHC class I family,HLA Class Ia,Classical MHC-I,no,yes
2GTZ,A,1,180,P04439,180,365,"HLA class I histocompatibility antigen, A alpha chain",Homo sapiens,HLA-A,Uniprotkb reviewed (swiss-prot),Belongs to the MHC class I family,HLA Class Ia,Classical MHC-I,no,yes
5WXD,A,1,180,P04439,180,365,"HLA class I histocompatibility antigen, A alpha chain",Homo sapiens,HLA-A,Uniprotkb reviewed (swiss-prot),Belongs to the MHC class I family,HLA Class Ia,Classical MHC-I,no,yes
9BLA,A,1,180,A0A411J078,180,342,MHC class I antigen,Homo sapiens,HLA-A,Uniprotkb unreviewed (trembl),Belongs to the MHC class I family,HLA Class Ia,Classical MHC-I,yes,yes
4NNX,A,1,180,P04439,180,365,"HLA class I histocompatibility antigen, A alpha chain",Homo sapiens,HLA-A,Uniprotkb reviewed (swiss-prot),Belongs to the MHC class I family,HLA Class Ia,Classical MHC-I,no,yes
8EMI,A,1,180,F4NBT2,180,337,MHC class I antigen,Homo sapiens,HLA-B,Uniprotkb unreviewed (trembl),Belongs to the MHC class I family,HLA Class Ia,Classical MHC-I,no,yes
5WWI,A,1,180,P04439,180,365,"HLA class I histocompatibility antigen, A alpha chain",Homo sapiens,HLA-A,Uniprotkb reviewed (swiss-prot),Belongs to the MHC class I family,HLA Class Ia,Classical MHC-I,no,yes
7X00,A,1,180,F4NC28,180,337,MHC class I antigen,Homo sapiens,HLA-B,Uniprotkb unreviewed (trembl),Belongs to the MHC class I family,HLA Class Ia,Classical MHC-I,no,yes
5NHT,H,1,180,P04439,180,365,"HLA class I histocompatibility antigen, A alpha chain",Homo sapiens,HLA-A,Uniprotkb reviewed (swiss-prot),Belongs to the MHC class I family,HLA Class Ia,Classical MHC-I,yes,yes
7UR1,A,1,180,Q53Z42,180,365,HLA class I antigen,Homo sapiens,HLA-A,Uniprotkb unreviewed (trembl),Belongs to the MHC class I family,HLA Class Ia,Classical MHC-I,no,yes
3L3G,A,1,180,P01889,180,362,"HLA class I histocompatibility antigen, B alpha chain",Homo sapiens,HLA-B,Uniprotkb reviewed (swiss-prot),,HLA Class Ia,Classical MHC-I,no,yes
3BGM,A,1,180,P04439,180,365,"HLA class I histocompatibility antigen, A alpha chain",Homo sapiens,HLA-A,Uniprotkb reviewed (swiss-prot),Belongs to the MHC class I family,HLA Class Ia,Classical MHC-I,no,yes
4NO2,A,1,180,P04439,180,365,"HLA class I histocompatibility antigen, A alpha chain",Homo sapiens,HLA-A,Uniprotkb reviewed (swiss-prot),Belongs to the MHC class I family,HLA Class Ia,Classical MHC-I,no,yes
6UK4,A,1,180,U5YJP1,180,337,MHC class I antigen,Homo sapiens,HLA-A,Uniprotkb unreviewed (trembl),Belongs to the MHC class I family,HLA Class Ia,Classical MHC-I,no,yes
7L1B,A,1,180,P04439,180,365,"HLA class I histocompatibility antigen, A alpha chain",Homo sapiens,HLA-A,Uniprotkb reviewed (swiss-prot),Belongs to the MHC class I family,HLA Class Ia,Classical MHC-I,no,yes
4U1N,A,2,180,P01889,179,362,"HLA class I histocompatibility antigen, B alpha chain",Homo sapiens,HLA-B,Uniprotkb reviewed (swiss-prot),,HLA Class Ia,Classical MHC-I,no,yes
1SYS,A,1,180,P01889,180,362,"HLA class I histocompatibility antigen, B alpha chain",Homo sapiens,HLA-B,Uniprotkb reviewed (swiss-prot),,HLA Class Ia,Classical MHC-I,no,yes
1EEZ,A,1,180,P04439,180,365,"HLA class I histocompatibility antigen, A alpha chain",Homo sapiens,HLA-A,Uniprotkb reviewed (swiss-prot),Belongs to the MHC class I family,HLA Class Ia,Classical MHC-I,no,yes
5C0I,A,2,181,P04439,180,365,"HLA class I histocompatibility antigen, A alpha chain",Homo sapiens,HLA-A,Uniprotkb reviewed (swiss-prot),Belongs to the MHC class I family,HLA Class Ia,Classical MHC-I,no,yes
7N2N,A,1,180,A3F718,180,296,MHC class I antigen,Homo sapiens,HLA-B,Uniprotkb unreviewed (trembl),Belongs to the MHC class I family,HLA Class Ia,Classical MHC-I,yes,yes
3W39,A,2,181,P01889,180,362,"HLA class I histocompatibility antigen, B alpha chain",Homo sapiens,HLA-B,Uniprotkb reviewed (swiss-prot),,HLA Class Ia,Classical MHC-I,no,yes
2X4P,A,1,180,P04439,180,365,"HLA class I histocompatibility antigen, A alpha chain",Homo sapiens,HLA-A,Uniprotkb reviewed (swiss-prot),Belongs to the MHC class I family,HLA Class Ia,Classical MHC-I,no,yes
7S8R,A,1,180,U5YJK1,180,337,MHC class I antigen,Homo sapiens,HLA-A,Uniprotkb unreviewed (trembl),Belongs to the MHC class I family,HLA Class Ia,Classical MHC-I,no,yes
4PRB,A,1,180,C5MK56,180,362,HLA-B*3507,Homo sapiens,HLA-B,Uniprotkb unreviewed (trembl),Belongs to the MHC class I family,HLA Class Ia,Classical MHC-I,no,yes
1SYV,A,1,180,P01889,180,362,"HLA class I histocompatibility antigen, B alpha chain",Homo sapiens,HLA-B,Uniprotkb reviewed (swiss-prot),,HLA Class Ia,Classical MHC-I,no,yes
3W0W,A,1,180,P04439,180,365,"HLA class I histocompatibility antigen, A alpha chain",Homo sapiens,HLA-A,Uniprotkb reviewed (swiss-prot),Belongs to the MHC class I family,HLA Class Ia,Classical MHC-I,yes,yes
7DZM,A,3,180,I3ZN85,178,362,MHC class I antigen,Homo sapiens,HLA-B,Uniprotkb unreviewed (trembl),Belongs to the MHC class I family,HLA Class Ia,Classical MHC-I,yes,yes
4PRH,A,1,179,C5MK56,179,362,HLA-B*3507,Homo sapiens,HLA-B,Uniprotkb unreviewed (trembl),Belongs to the MHC class I family,HLA Class Ia,Classical MHC-I,yes,yes
3KPL,A,1,180,P01889,180,362,"HLA class I histocompatibility antigen, B alpha chain",Homo sapiens,HLA-B,Uniprotkb reviewed (swiss-prot),,HLA Class Ia,Classical MHC-I,no,yes
6ULR,A,1,178,C1K0Y1,178,366,HLA class I antigen,Homo sapiens,HLA-C,Uniprotkb unreviewed (trembl),Belongs to the MHC class I family,HLA Class Ia,Classical MHC-I,yes,yes
6O53,A,1,179,A0A140T913,179,371,"Major histocompatibility complex, class I, A",Homo sapiens,HLA-A,Uniprotkb unreviewed (trembl),Belongs to the MHC class I family,HLA Class Ia,Classical MHC-I,no,yes
6UJQ,A,1,180,U5YJP1,180,337,MHC class I antigen,Homo sapiens,HLA-A,Uniprotkb unreviewed (trembl),Belongs to the MHC class I family,HLA Class Ia,Classical MHC-I,no,yes
3BVN,A,1,180,Q56H30,180,295,MHC class I antigen,Homo sapiens,HLA-B,Uniprotkb unreviewed (trembl),Belongs to the MHC class I family,HLA Class Ia,Classical MHC-I,no,yes
6VRM,A,1,179,A0A140T913,179,371,"Major histocompatibility complex, class I, A",Homo sapiens,HLA-A,Uniprotkb unreviewed (trembl),Belongs to the MHC class I family,HLA Class Ia,Classical MHC-I,yes,yes
2FYY,A,1,180,O19626,180,322,HLA-B35,Homo sapiens,HLA-B,Uniprotkb unreviewed (trembl),Belongs to the MHC class I family,HLA Class Ia,Classical MHC-I,no,yes
6TDS,A,1,180,F6IQS1,180,337,MHC class I antigen,Homo sapiens,HLA-A,Uniprotkb unreviewed (trembl),Belongs to the MHC class I family,HLA Class Ia,Classical MHC-I,no,no
1JHT,A,1,180,P04439,180,365,"HLA class I histocompatibility antigen, A alpha chain",Homo sapiens,HLA-A,Uniprotkb reviewed (swiss-prot),Belongs to the MHC class I family,HLA Class Ia,Classical MHC-I,no,yes
5VWH,A,1,180,P01889,180,362,"HLA class I histocompatibility antigen, B alpha chain",Homo sapiens,HLA-B,Uniprotkb reviewed (swiss-prot),,HLA Class Ia,Classical MHC-I,no,yes
2VLJ,A,1,180,P04439,180,365,"HLA class I histocompatibility antigen, A alpha chain",Homo sapiens,HLA-A,Uniprotkb reviewed (swiss-prot),Belongs to the MHC class I family,HLA Class Ia,Classical MHC-I,yes,yes
7STG,A,101,280,A0A678ZGP6,180,365,MHC class I antigen,Homo sapiens,HLA-A_SC,Uniprotkb unreviewed (trembl),Belongs to the MHC class I family,HLA Class Ia SC,Classical MHC-I SC,no,no
1E28,A,1,180,P01889,180,362,"HLA class I histocompatibility antigen, B alpha chain",Homo sapiens,HLA-B,Uniprotkb reviewed (swiss-prot),,HLA Class Ia,Classical MHC-I,no,yes
7UC5,A,1,180,P04439,180,365,"HLA class I histocompatibility antigen, A alpha chain",Homo sapiens,HLA-A,Uniprotkb reviewed (swiss-prot),Belongs to the MHC class I family,HLA Class Ia,Classical MHC-I,no,yes
5YXU,E,1,180,P04439,180,365,"HLA class I histocompatibility antigen, A alpha chain",Homo sapiens,HLA-A,Uniprotkb reviewed (swiss-prot),Belongs to the MHC class I family,HLA Class Ia,Classical MHC-I,yes,yes
2X4Q,D,1,180,P04439,180,365,"HLA class I histocompatibility antigen, A alpha chain",Homo sapiens,HLA-A,Uniprotkb reviewed (swiss-prot),Belongs to the MHC class I family,HLA Class Ia,Classical MHC-I,no,yes
4NO3,A,1,180,P04439,180,365,"HLA class I histocompatibility antigen, A alpha chain",Homo sapiens,HLA-A,Uniprotkb reviewed (swiss-prot),Belongs to the MHC class I family,HLA Class Ia,Classical MHC-I,no,yes
3CDG,A,2,179,P13747,178,358,"HLA class I histocompatibility antigen, alpha chain E",Homo sapiens,HLA-E,Uniprotkb reviewed (swiss-prot),Belongs to the MHC class I family,HLA Class Ib,Non-classical MHC-I,yes,yes
8WUL,L,1,180,A0A583ZB34,180,371,MHC class I antigen,Homo sapiens,HLA-A,Uniprotkb unreviewed (trembl),Belongs to the MHC class I family,HLA Class Ia,Classical MHC-I,yes,yes
3D18,A,1,180,P01889,180,362,"HLA class I histocompatibility antigen, B alpha chain",Homo sapiens,HLA-B,Uniprotkb reviewed (swiss-prot),,HLA Class Ia,Classical MHC-I,no,yes
4UQ2,C,1,180,P04439,180,365,"HLA class I histocompatibility antigen, A alpha chain",Homo sapiens,HLA-A,Uniprotkb reviewed (swiss-prot),Belongs to the MHC class I family,HLA Class Ia,Classical MHC-I,no,yes
1ZHK,A,1,180,P01889,180,362,"HLA class I histocompatibility antigen, B alpha chain",Homo sapiens,HLA-B,Uniprotkb reviewed (swiss-prot),,HLA Class Ia,Classical MHC-I,no,yes
8VCL,A,1,180,P04439,180,365,"HLA class I histocompatibility antigen, A alpha chain",Homo sapiens,HLA-A,Uniprotkb reviewed (swiss-prot),Belongs to the MHC class I family,HLA Class Ia,Classical MHC-I,no,yes
6D29,A,1,180,P01889,180,362,"HLA class I histocompatibility antigen, B alpha chain",Homo sapiens,HLA-B,Uniprotkb reviewed (swiss-prot),,HLA Class Ia,Classical MHC-I,no,yes
4U1J,A,2,180,P01889,179,362,"HLA class I histocompatibility antigen, B alpha chain",Homo sapiens,HLA-B,Uniprotkb reviewed (swiss-prot),,HLA Class Ia,Classical MHC-I,no,yes
8CX4,A,1,180,A3F718,180,296,MHC class I antigen,Homo sapiens,HLA-B,Uniprotkb unreviewed (trembl),Belongs to the MHC class I family,HLA Class Ia,Classical MHC-I,yes,yes
7L1D,A,1,180,P04439,180,365,"HLA class I histocompatibility antigen, A alpha chain",Homo sapiens,HLA-A,Uniprotkb reviewed (swiss-prot),Belongs to the MHC class I family,HLA Class Ia,Classical MHC-I,yes,yes
4U1S,A,2,180,P01889,179,362,"HLA class I histocompatibility antigen, B alpha chain",Homo sapiens,HLA-B,Uniprotkb reviewed (swiss-prot),,HLA Class Ia,Classical MHC-I,no,yes
3LKQ,A,1,180,P01889,180,362,"HLA class I histocompatibility antigen, B alpha chain",Homo sapiens,HLA-B,Uniprotkb reviewed (swiss-prot),,HLA Class Ia,Classical MHC-I,no,yes
8GOM,A,1,180,A0A140T913,180,371,"Major histocompatibility complex, class I, A",Homo sapiens,HLA-A,Uniprotkb unreviewed (trembl),Belongs to the MHC class I family,HLA Class Ia,Classical MHC-I,yes,yes
6RPA,A,1,180,P04439,180,365,"HLA class I histocompatibility antigen, A alpha chain",Homo sapiens,HLA-A,Uniprotkb reviewed (swiss-prot),Belongs to the MHC class I family,HLA Class Ia,Classical MHC-I,yes,yes
5NME,A,1,180,P04439,180,365,"HLA class I histocompatibility antigen, A alpha chain",Homo sapiens,HLA-A,Uniprotkb reviewed (swiss-prot),Belongs to the MHC class I family,HLA Class Ia,Classical MHC-I,yes,yes
6VR5,A,1,180,A0A140T913,180,371,"Major histocompatibility complex, class I, A",Homo sapiens,HLA-A,Uniprotkb unreviewed (trembl),Belongs to the MHC class I family,HLA Class Ia,Classical MHC-I,no,yes
3KPM,A,1,180,P01889,180,362,"HLA class I histocompatibility antigen, B alpha chain",Homo sapiens,HLA-B,Uniprotkb reviewed (swiss-prot),,HLA Class Ia,Classical MHC-I,no,yes
7TUE,A,1,180,D5H3J5,180,362,HLA class I histocompatibility antigen B alpha chain,Homo sapiens,HLA-B,Uniprotkb unreviewed (trembl),Belongs to the MHC class I family,HLA Class Ia,Classical MHC-I,yes,no
3FFC,A,1,179,P01889,179,362,"HLA class I histocompatibility antigen, B alpha chain",Homo sapiens,HLA-B,Uniprotkb reviewed (swiss-prot),,HLA Class Ia,Classical MHC-I,yes,yes
7PDW,CCC,1,179,Q861F7,179,341,MHC class I antigen,Homo sapiens,HLA-A,Uniprotkb unreviewed (trembl),Belongs to the MHC class I family,HLA Class Ia,Classical MHC-I,yes,yes
4MJ5,A,1,180,P04439,180,365,"HLA class I histocompatibility antigen, A alpha chain",Homo sapiens,HLA-A,Uniprotkb reviewed (swiss-prot),Belongs to the MHC class I family,HLA Class Ia,Classical MHC-I,no,yes
1XR8,A,1,180,P01889,180,362,"HLA class I histocompatibility antigen, B alpha chain",Homo sapiens,HLA-B,Uniprotkb reviewed (swiss-prot),,HLA Class Ia,Classical MHC-I,no,yes
6AT9,A,1,180,P04439,180,365,"HLA class I histocompatibility antigen, A alpha chain",Homo sapiens,HLA-A,Uniprotkb reviewed (swiss-prot),Belongs to the MHC class I family,HLA Class Ia,Classical MHC-I,no,yes
4JFQ,A,1,180,P04439,180,365,"HLA class I histocompatibility antigen, A alpha chain",Homo sapiens,HLA-A,Uniprotkb reviewed (swiss-prot),Belongs to the MHC class I family,HLA Class Ia,Classical MHC-I,no,yes
7RE8,A,1,180,A0A140T913,180,371,"Major histocompatibility complex, class I, A",Homo sapiens,HLA-A,Uniprotkb unreviewed (trembl),Belongs to the MHC class I family,HLA Class Ia,Classical MHC-I,no,yes
3DTX,A,1,180,P01889,180,362,"HLA class I histocompatibility antigen, B alpha chain",Homo sapiens,HLA-B,Uniprotkb reviewed (swiss-prot),,HLA Class Ia,Classical MHC-I,yes,yes
5T70,A,1,180,P01889,180,362,"HLA class I histocompatibility antigen, B alpha chain",Homo sapiens,HLA-B,Uniprotkb reviewed (swiss-prot),,HLA Class Ia,Classical MHC-I,yes,yes
7R7W,A,1,180,S6BVK3,180,362,MHC class I antigen,Homo sapiens,HLA-B,Uniprotkb unreviewed (trembl),Belongs to the MHC class I family,HLA Class Ia,Classical MHC-I,no,yes
6VQ2,A,1,180,O78189,180,362,MHC class I antigen,Homo sapiens,HLA-B,Uniprotkb unreviewed (trembl),Belongs to the MHC class I family,HLA Class Ia,Classical MHC-I,no,yes
6DKP,A,1,180,P04439,180,365,"HLA class I histocompatibility antigen, A alpha chain",Homo sapiens,HLA-A,Uniprotkb reviewed (swiss-prot),Belongs to the MHC class I family,HLA Class Ia,Classical MHC-I,yes,yes
9ASF,A,1,180,P04439,180,365,"HLA class I histocompatibility antigen, A alpha chain",Homo sapiens,HLA-A,Uniprotkb reviewed (swiss-prot),Belongs to the MHC class I family,HLA Class Ia,Classical MHC-I,no,yes
2X4T,D,1,180,P04439,180,365,"HLA class I histocompatibility antigen, A alpha chain",Homo sapiens,HLA-A,Uniprotkb reviewed (swiss-prot),Belongs to the MHC class I family,HLA Class Ia,Classical MHC-I,no,yes
7K81,A,1,180,A0A5H2UYS3,180,367,MHC class I antigen,Homo sapiens,HLA-A,Uniprotkb unreviewed (trembl),Belongs to the MHC class I family,HLA Class Ia,Classical MHC-I,yes,yes
5IEK,A,1,180,P01889,180,362,"HLA class I histocompatibility antigen, B alpha chain",Homo sapiens,HLA-B,Uniprotkb reviewed (swiss-prot),,HLA Class Ia,Classical MHC-I,no,yes
3DX8,A,1,180,P01889,180,362,"HLA class I histocompatibility antigen, B alpha chain",Homo sapiens,HLA-B,Uniprotkb reviewed (swiss-prot),,HLA Class Ia,Classical MHC-I,no,yes
5GSD,A,1,180,P04439,180,365,"HLA class I histocompatibility antigen, A alpha chain",Homo sapiens,HLA-A,Uniprotkb reviewed (swiss-prot),Belongs to the MHC class I family,HLA Class Ia,Classical MHC-I,no,yes
6VQO,A,1,179,A0A140T913,179,371,"Major histocompatibility complex, class I, A",Homo sapiens,HLA-A,Uniprotkb unreviewed (trembl),Belongs to the MHC class I family,HLA Class Ia,Classical MHC-I,yes,yes
6V2O,A,1,180,U6BR87,180,337,MHC class I antigen,Homo sapiens,HLA-B,Uniprotkb unreviewed (trembl),Belongs to the MHC class I family,HLA Class Ia,Classical MHC-I,no,yes
6PZ5,A,1,180,P01889,180,362,"HLA class I histocompatibility antigen, B alpha chain",Homo sapiens,HLA-B,Uniprotkb reviewed (swiss-prot),,HLA Class Ia,Classical MHC-I,no,yes
5MEQ,A,1,180,P04439,180,365,"HLA class I histocompatibility antigen, A alpha chain",Homo sapiens,HLA-A,Uniprotkb reviewed (swiss-prot),Belongs to the MHC class I family,HLA Class Ia,Classical MHC-I,no,yes
4LNR,A,1,180,P01889,180,362,"HLA class I histocompatibility antigen, B alpha chain",Homo sapiens,HLA-B,Uniprotkb reviewed (swiss-prot),,HLA Class Ia,Classical MHC-I,no,yes
4JFO,A,1,180,P04439,180,365,"HLA class I histocompatibility antigen, A alpha chain",Homo sapiens,HLA-A,Uniprotkb reviewed (swiss-prot),Belongs to the MHC class I family,HLA Class Ia,Classical MHC-I,no,yes
4PRE,A,1,180,C5MK56,180,362,HLA-B*3507,Homo sapiens,HLA-B,Uniprotkb unreviewed (trembl),Belongs to the MHC class I family,HLA Class Ia,Classical MHC-I,no,yes
6K60,A,1,174,P17693,174,338,"HLA class I histocompatibility antigen, alpha chain G",Homo sapiens,HLA-G,Uniprotkb reviewed (swiss-prot),Belongs to the MHC class I family,HLA Class Ib,Non-classical MHC-I,no,yes
8REF,A,1,180,C5IYE8,180,362,HLA class I histocompatibility antigen B alpha chain,Homo sapiens,HLA-B,Uniprotkb unreviewed (trembl),Belongs to the MHC class I family,HLA Class Ia,Classical MHC-I,no,yes
6UZM,A,1,180,F4NBQ8,180,337,MHC class I antigen,Homo sapiens,HLA-B,Uniprotkb unreviewed (trembl),Belongs to the MHC class I family,HLA Class Ia,Classical MHC-I,no,yes
3LKS,A,1,180,P01889,180,362,"HLA class I histocompatibility antigen, B alpha chain",Homo sapiens,HLA-B,Uniprotkb reviewed (swiss-prot),,HLA Class Ia,Classical MHC-I,no,yes
6BJ8,A,1,178,P01889,178,362,"HLA class I histocompatibility antigen, B alpha chain",Homo sapiens,HLA-B,Uniprotkb reviewed (swiss-prot),,HLA Class Ia,Classical MHC-I,yes,yes
3MRL,A,1,180,P04439,180,365,"HLA class I histocompatibility antigen, A alpha chain",Homo sapiens,HLA-A,Uniprotkb reviewed (swiss-prot),Belongs to the MHC class I family,HLA Class Ia,Classical MHC-I,no,yes
1ZSD,A,1,180,P01889,180,362,"HLA class I histocompatibility antigen, B alpha chain",Homo sapiens,HLA-B,Uniprotkb reviewed (swiss-prot),,HLA Class Ia,Classical MHC-I,no,yes
4QRQ,A,1,172,P01889,172,362,"HLA class I histocompatibility antigen, B alpha chain",Homo sapiens,HLA-B,Uniprotkb reviewed (swiss-prot),,HLA Class Ia,Classical MHC-I,no,yes
3MV7,A,1,180,P01889,180,362,"HLA class I histocompatibility antigen, B alpha chain",Homo sapiens,HLA-B,Uniprotkb reviewed (swiss-prot),,HLA Class Ia,Classical MHC-I,yes,yes
1JGD,A,1,180,P01889,180,362,"HLA class I histocompatibility antigen, B alpha chain",Homo sapiens,HLA-B,Uniprotkb reviewed (swiss-prot),,HLA Class Ia,Classical MHC-I,no,yes
6TMO,A,1,180,A0A5B8RNS7,180,337,MHC class I antigen,Homo sapiens,HLA-A,Uniprotkb unreviewed (trembl),Belongs to the MHC class I family,HLA Class Ia,Classical MHC-I,yes,yes
7R80,C,1,180,S6BVK3,180,362,MHC class I antigen,Homo sapiens,HLA-B,Uniprotkb unreviewed (trembl),Belongs to the MHC class I family,HLA Class Ia,Classical MHC-I,yes,yes
7K80,A,1,180,A0A5H2UYS3,180,367,MHC class I antigen,Homo sapiens,HLA-A,Uniprotkb unreviewed (trembl),Belongs to the MHC class I family,HLA Class Ia,Classical MHC-I,yes,yes
6Q3K,A,2,181,P04439,180,365,"HLA class I histocompatibility antigen, A alpha chain",Homo sapiens,HLA-A,Uniprotkb reviewed (swiss-prot),Belongs to the MHC class I family,HLA Class Ia,Classical MHC-I,no,yes
1ZHL,A,1,180,P01889,180,362,"HLA class I histocompatibility antigen, B alpha chain",Homo sapiens,HLA-B,Uniprotkb reviewed (swiss-prot),,HLA Class Ia,Classical MHC-I,no,yes
2YPK,A,1,180,P01889,180,362,"HLA class I histocompatibility antigen, B alpha chain",Homo sapiens,HLA-B,Uniprotkb reviewed (swiss-prot),,HLA Class Ia,Classical MHC-I,no,yes
3VCL,A,1,179,P01889,179,362,"HLA class I histocompatibility antigen, B alpha chain",Homo sapiens,HLA-B,Uniprotkb reviewed (swiss-prot),,HLA Class Ia,Classical MHC-I,no,yes
7R7Y,A,1,180,U6BR87,180,337,MHC class I antigen,Homo sapiens,HLA-B,Uniprotkb unreviewed (trembl),Belongs to the MHC class I family,HLA Class Ia,Classical MHC-I,no,yes
8F7M,A,1,180,U6BR87,180,337,MHC class I antigen,Homo sapiens,HLA-B,Uniprotkb unreviewed (trembl),Belongs to the MHC class I family,HLA Class Ia,Classical MHC-I,no,yes
8DNT,E,1,180,U5YKE0,180,337,MHC class I antigen,Homo sapiens,HLA-A,Uniprotkb unreviewed (trembl),Belongs to the MHC class I family,HLA Class Ia,Classical MHC-I,yes,yes
1W0W,A,1,180,P01889,180,362,"HLA class I histocompatibility antigen, B alpha chain",Homo sapiens,HLA-B,Uniprotkb reviewed (swiss-prot),,HLA Class Ia,Classical MHC-I,no,yes
7PHR,H,1,180,P04439,180,365,"HLA class I histocompatibility antigen, A alpha chain",Homo sapiens,HLA-A,Uniprotkb reviewed (swiss-prot),Belongs to the MHC class I family,HLA Class Ia,Classical MHC-I,yes,yes
5VGD,A,1,179,P10321,179,366,"HLA class I histocompatibility antigen, C alpha chain",Homo sapiens,HLA-C,Uniprotkb reviewed (swiss-prot),,HLA Class Ia,Classical MHC-I,no,yes
8WTE,H,1,180,A0A583ZB34,180,371,MHC class I antigen,Homo sapiens,HLA-A,Uniprotkb unreviewed (trembl),Belongs to the MHC class I family,HLA Class Ia,Classical MHC-I,yes,yes
7STF,A,1,179,P04439,179,365,"HLA class I histocompatibility antigen, A alpha chain",Homo sapiens,HLA-A,Uniprotkb reviewed (swiss-prot),Belongs to the MHC class I family,HLA Class Ia,Classical MHC-I,yes,yes
7EU2,A,5,184,A0A5H2UU57,180,365,MHC class I antigen,Homo sapiens,HLA-A,Uniprotkb unreviewed (trembl),Belongs to the MHC class I family,HLA Class Ia,Classical MHC-I,no,yes
9ASG,A,1,180,P04439,180,365,"HLA class I histocompatibility antigen, A alpha chain",Homo sapiens,HLA-A,Uniprotkb reviewed (swiss-prot),Belongs to the MHC class I family,HLA Class Ia,Classical MHC-I,no,yes
6VR1,A,1,180,A0A140T913,180,371,"Major histocompatibility complex, class I, A",Homo sapiens,HLA-A,Uniprotkb unreviewed (trembl),Belongs to the MHC class I family,HLA Class Ia,Classical MHC-I,no,yes
1M6O,A,1,180,P01889,180,362,"HLA class I histocompatibility antigen, B alpha chain",Homo sapiens,HLA-B,Uniprotkb reviewed (swiss-prot),,HLA Class Ia,Classical MHC-I,no,yes
9BL3,A,1,180,I3ZN84,180,362,HLA-B alpha chain (B*5703GB),Homo sapiens,HLA-B,Uniprotkb unreviewed (trembl),Belongs to the MHC class I family,HLA Class Ia,Classical MHC-I,yes,yes
6EWA,A,1,180,P04439,180,365,"HLA class I histocompatibility antigen, A alpha chain",Homo sapiens,HLA-A,Uniprotkb reviewed (swiss-prot),Belongs to the MHC class I family,HLA Class Ia,Classical MHC-I,no,yes
5XOS,A,1,180,P01889,180,362,"HLA class I histocompatibility antigen, B alpha chain",Homo sapiens,HLA-B,Uniprotkb reviewed (swiss-prot),,HLA Class Ia,Classical MHC-I,no,yes
6PYL,A,1,180,P01889,180,362,"HLA class I histocompatibility antigen, B alpha chain",Homo sapiens,HLA-B,Uniprotkb reviewed (swiss-prot),,HLA Class Ia,Classical MHC-I,no,yes
6Y26,A,1,180,A0A6B7HFJ9,180,362,MHC class I antigen,Homo sapiens,HLA-B,Uniprotkb unreviewed (trembl),Belongs to the MHC class I family,HLA Class Ia,Classical MHC-I,no,yes
5DEF,A,1,180,P01889,180,362,"HLA class I histocompatibility antigen, B alpha chain",Homo sapiens,HLA-B,Uniprotkb reviewed (swiss-prot),,HLA Class Ia,Classical MHC-I,no,yes
2AK4,A,1,180,P01889,180,362,"HLA class I histocompatibility antigen, B alpha chain",Homo sapiens,HLA-B,Uniprotkb reviewed (swiss-prot),,HLA Class Ia,Classical MHC-I,yes,yes
1I1Y,A,1,180,P04439,180,365,"HLA class I histocompatibility antigen, A alpha chain",Homo sapiens,HLA-A,Uniprotkb reviewed (swiss-prot),Belongs to the MHC class I family,HLA Class Ia,Classical MHC-I,no,yes
5WMQ,A,1,179,P01889,179,362,"HLA class I histocompatibility antigen, B alpha chain",Homo sapiens,HLA-B,Uniprotkb reviewed (swiss-prot),,HLA Class Ia,Classical MHC-I,no,yes
6NCA,I,1,180,P04439,180,365,"HLA class I histocompatibility antigen, A alpha chain",Homo sapiens,HLA-A,Uniprotkb reviewed (swiss-prot),Belongs to the MHC class I family,HLA Class Ia,Classical MHC-I,no,yes
4U1H,A,2,180,P01889,179,362,"HLA class I histocompatibility antigen, B alpha chain",Homo sapiens,HLA-B,Uniprotkb reviewed (swiss-prot),,HLA Class Ia,Classical MHC-I,no,yes
3VH8,A,1,180,P01889,180,362,"HLA class I histocompatibility antigen, B alpha chain",Homo sapiens,HLA-B,Uniprotkb reviewed (swiss-prot),,HLA Class Ia,Classical MHC-I,yes,yes
1W0V,A,1,180,P01889,180,362,"HLA class I histocompatibility antigen, B alpha chain",Homo sapiens,HLA-B,Uniprotkb reviewed (swiss-prot),,HLA Class Ia,Classical MHC-I,no,yes
2HJK,A,1,180,Q9MYI6,180,362,HLA class I histocompatibility antigen B-57,Homo sapiens,HLA-B,Uniprotkb unreviewed (trembl),Belongs to the MHC class I family,HLA Class Ia,Classical MHC-I,no,yes
5GRG,A,1,180,P04439,180,365,"HLA class I histocompatibility antigen, A alpha chain",Homo sapiens,HLA-A,Uniprotkb reviewed (swiss-prot),Belongs to the MHC class I family,HLA Class Ia,Classical MHC-I,no,yes
3VFO,A,1,180,C5MK56,180,362,HLA-B*3507,Homo sapiens,HLA-B,Uniprotkb unreviewed (trembl),Belongs to the MHC class I family,HLA Class Ia,Classical MHC-I,no,yes
3L3I,A,1,180,P01889,180,362,"HLA class I histocompatibility antigen, B alpha chain",Homo sapiens,HLA-B,Uniprotkb reviewed (swiss-prot),,HLA Class Ia,Classical MHC-I,no,yes
6PA1,A,1,179,P10321,179,366,"HLA class I histocompatibility antigen, C alpha chain",Homo sapiens,HLA-C,Uniprotkb reviewed (swiss-prot),,HLA Class Ia,Classical MHC-I,yes,yes
3HLA,A,1,180,P04439,180,365,"HLA class I histocompatibility antigen, A alpha chain",Homo sapiens,HLA-A,Uniprotkb reviewed (swiss-prot),Belongs to the MHC class I family,HLA Class Ia,Classical MHC-I,no,no
7ST3,A,105,284,A0A678ZGP6,180,365,MHC class I antigen,Homo sapiens,HLA-A_SC,Uniprotkb unreviewed (trembl),Belongs to the MHC class I family,HLA Class Ia SC,Classical MHC-I SC,no,yes
2X4O,D,1,180,P04439,180,365,"HLA class I histocompatibility antigen, A alpha chain",Homo sapiens,HLA-A,Uniprotkb reviewed (swiss-prot),Belongs to the MHC class I family,HLA Class Ia,Classical MHC-I,no,yes
1HHJ,A,1,180,P04439,180,365,"HLA class I histocompatibility antigen, A alpha chain",Homo sapiens,HLA-A,Uniprotkb reviewed (swiss-prot),Belongs to the MHC class I family,HLA Class Ia,Classical MHC-I,no,yes
7ALO,A,1,180,A0A2R7Z5J3,180,362,Lymphocyte antigen HLA-B27,Homo sapiens,HLA-B,Uniprotkb unreviewed (trembl),Belongs to the MHC class I family,HLA Class Ia,Classical MHC-I,no,yes
5B38,A,1,180,P01889,180,362,"HLA class I histocompatibility antigen, B alpha chain",Homo sapiens,HLA-B,Uniprotkb reviewed (swiss-prot),,HLA Class Ia,Classical MHC-I,yes,yes
2PYE,A,1,180,P04439,180,365,"HLA class I histocompatibility antigen, A alpha chain",Homo sapiens,HLA-A,Uniprotkb reviewed (swiss-prot),Belongs to the MHC class I family,HLA Class Ia,Classical MHC-I,yes,yes
3KPS,A,1,180,P01889,180,362,"HLA class I histocompatibility antigen, B alpha chain",Homo sapiens,HLA-B,Uniprotkb reviewed (swiss-prot),,HLA Class Ia,Classical MHC-I,yes,yes
3LKR,A,1,180,P01889,180,362,"HLA class I histocompatibility antigen, B alpha chain",Homo sapiens,HLA-B,Uniprotkb reviewed (swiss-prot),,HLA Class Ia,Classical MHC-I,no,yes
6VQE,A,1,180,O78189,180,362,MHC class I antigen,Homo sapiens,HLA-B,Uniprotkb unreviewed (trembl),Belongs to the MHC class I family,HLA Class Ia,Classical MHC-I,no,yes
7SSH,A,110,289,A0A678ZGP6,180,365,MHC class I antigen,Homo sapiens,HLA-A_SC,Uniprotkb unreviewed (trembl),Belongs to the MHC class I family,HLA Class Ia SC,Classical MHC-I SC,no,yes
3B3I,A,1,180,P01889,180,362,"HLA class I histocompatibility antigen, B alpha chain",Homo sapiens,HLA-B,Uniprotkb reviewed (swiss-prot),,HLA Class Ia,Classical MHC-I,no,yes
5GRD,A,1,180,P04439,180,365,"HLA class I histocompatibility antigen, A alpha chain",Homo sapiens,HLA-A,Uniprotkb reviewed (swiss-prot),Belongs to the MHC class I family,HLA Class Ia,Classical MHC-I,no,yes
2X4R,D,1,180,P04439,180,365,"HLA class I histocompatibility antigen, A alpha chain",Homo sapiens,HLA-A,Uniprotkb reviewed (swiss-prot),Belongs to the MHC class I family,HLA Class Ia,Classical MHC-I,no,yes
6G3K,A,1,180,P04439,180,365,"HLA class I histocompatibility antigen, A alpha chain",Homo sapiens,HLA-A,Uniprotkb reviewed (swiss-prot),Belongs to the MHC class I family,HLA Class Ia,Classical MHC-I,no,yes
8GVB,H,1,179,F6IQZ4,179,337,MHC class I antigen,Homo sapiens,HLA-A,Uniprotkb unreviewed (trembl),Belongs to the MHC class I family,HLA Class Ia,Classical MHC-I,yes,yes
9C6X,A,117,296,R5AK10,180,298,MHC class I antigen,Homo sapiens,HLA-B_SC,Uniprotkb unreviewed (trembl),Belongs to the MHC class I family,HLA Class Ia SC,Classical MHC-I SC,no,yes
8VJZ,A,1,180,P04439,180,365,"HLA class I histocompatibility antigen, A alpha chain",Homo sapiens,HLA-A,Uniprotkb reviewed (swiss-prot),Belongs to the MHC class I family,HLA Class Ia,Classical MHC-I,no,yes
4PRD,A,1,180,C5MK56,180,362,HLA-B*3507,Homo sapiens,HLA-B,Uniprotkb unreviewed (trembl),Belongs to the MHC class I family,HLA Class Ia,Classical MHC-I,no,yes
4L3C,A,1,180,P04439,180,365,"HLA class I histocompatibility antigen, A alpha chain",Homo sapiens,HLA-A,Uniprotkb reviewed (swiss-prot),Belongs to the MHC class I family,HLA Class Ia,Classical MHC-I,no,yes
6D78,A,1,180,P04439,180,365,"HLA class I histocompatibility antigen, A alpha chain",Homo sapiens,HLA-A,Uniprotkb reviewed (swiss-prot),Belongs to the MHC class I family,HLA Class Ia,Classical MHC-I,yes,yes
7SQP,A,113,292,A0A6S7XV52,180,365,MHC class I antigen,Homo sapiens,HLA-A_SC,Uniprotkb unreviewed (trembl),Belongs to the MHC class I family,HLA Class Ia SC,Classical MHC-I SC,no,yes
8V4Z,A,1,179,F4NBT2,179,337,MHC class I antigen,Homo sapiens,HLA-B,Uniprotkb unreviewed (trembl),Belongs to the MHC class I family,HLA Class Ia,Classical MHC-I,yes,yes
6VRN,A,1,180,A0A140T913,180,371,"Major histocompatibility complex, class I, A",Homo sapiens,HLA-A,Uniprotkb unreviewed (trembl),Belongs to the MHC class I family,HLA Class Ia,Classical MHC-I,yes,yes
5NMG,A,1,180,P04439,180,365,"HLA class I histocompatibility antigen, A alpha chain",Homo sapiens,HLA-A,Uniprotkb reviewed (swiss-prot),Belongs to the MHC class I family,HLA Class Ia,Classical MHC-I,yes,yes
9BL9,A,1,179,A0A411J078,179,342,MHC class I antigen,Homo sapiens,HLA-A,Uniprotkb unreviewed (trembl),Belongs to the MHC class I family,HLA Class Ia,Classical MHC-I,yes,yes
4QRU,A,1,179,P01889,179,362,"HLA class I histocompatibility antigen, B alpha chain",Homo sapiens,HLA-B,Uniprotkb reviewed (swiss-prot),,HLA Class Ia,Classical MHC-I,no,yes
3KPR,A,1,180,P01889,180,362,"HLA class I histocompatibility antigen, B alpha chain",Homo sapiens,HLA-B,Uniprotkb reviewed (swiss-prot),,HLA Class Ia,Classical MHC-I,yes,yes
2CIK,A,1,180,O19626,180,322,HLA-B35,Homo sapiens,HLA-B,Uniprotkb unreviewed (trembl),Belongs to the MHC class I family,HLA Class Ia,Classical MHC-I,no,yes
4K7F,A,1,179,P04439,179,365,"HLA class I histocompatibility antigen, A alpha chain",Homo sapiens,HLA-A,Uniprotkb reviewed (swiss-prot),Belongs to the MHC class I family,HLA Class Ia,Classical MHC-I,no,yes
7T0L,A,1,180,A3F718,180,296,MHC class I antigen,Homo sapiens,HLA-B,Uniprotkb unreviewed (trembl),Belongs to the MHC class I family,HLA Class Ia,Classical MHC-I,no,yes
8TNJ,A,110,287,A0A858LJX3,178,363,MHC class I antigen,Homo sapiens,HLA-B_SC,Uniprotkb unreviewed (trembl),Belongs to the MHC class I family,HLA Class Ia SC,Classical MHC-I SC,yes,yes
3KWW,A,1,180,P01889,180,362,"HLA class I histocompatibility antigen, B alpha chain",Homo sapiens,HLA-B,Uniprotkb reviewed (swiss-prot),,HLA Class Ia,Classical MHC-I,no,yes
2BVQ,A,1,180,P01889,180,362,"HLA class I histocompatibility antigen, B alpha chain",Homo sapiens,HLA-B,Uniprotkb reviewed (swiss-prot),,HLA Class Ia,Classical MHC-I,no,yes
3VFM,A,1,180,C5MK56,180,362,HLA-B*3507,Homo sapiens,HLA-B,Uniprotkb unreviewed (trembl),Belongs to the MHC class I family,HLA Class Ia,Classical MHC-I,no,yes
2BSS,A,1,180,P01889,180,362,"HLA class I histocompatibility antigen, B alpha chain",Homo sapiens,HLA-B,Uniprotkb reviewed (swiss-prot),,HLA Class Ia,Classical MHC-I,no,yes
3L3D,A,1,180,P01889,180,362,"HLA class I histocompatibility antigen, B alpha chain",Homo sapiens,HLA-B,Uniprotkb reviewed (swiss-prot),,HLA Class Ia,Classical MHC-I,no,yes
2NW3,A,1,180,P01889,180,362,"HLA class I histocompatibility antigen, B alpha chain",Homo sapiens,HLA-B,Uniprotkb reviewed (swiss-prot),,HLA Class Ia,Classical MHC-I,no,yes
7X1B,A,1,180,A0A678ZMW1,180,362,MHC class I antigen,Homo sapiens,HLA-B,Uniprotkb unreviewed (trembl),Belongs to the MHC class I family,HLA Class Ia,Classical MHC-I,no,yes
3QDG,A,1,180,P04439,180,365,"HLA class I histocompatibility antigen, A alpha chain",Homo sapiens,HLA-A,Uniprotkb reviewed (swiss-prot),Belongs to the MHC class I family,HLA Class Ia,Classical MHC-I,yes,yes
4JQX,A,1,180,P01889,180,362,"HLA class I histocompatibility antigen, B alpha chain",Homo sapiens,HLA-B,Uniprotkb reviewed (swiss-prot),,HLA Class Ia,Classical MHC-I,no,yes
5MER,A,1,180,P04439,180,365,"HLA class I histocompatibility antigen, A alpha chain",Homo sapiens,HLA-A,Uniprotkb reviewed (swiss-prot),Belongs to the MHC class I family,HLA Class Ia,Classical MHC-I,no,yes
3DXA,A,1,180,P01889,180,362,"HLA class I histocompatibility antigen, B alpha chain",Homo sapiens,HLA-B,Uniprotkb reviewed (swiss-prot),,HLA Class Ia,Classical MHC-I,yes,yes
2BST,A,1,180,P01889,180,362,"HLA class I histocompatibility antigen, B alpha chain",Homo sapiens,HLA-B,Uniprotkb reviewed (swiss-prot),,HLA Class Ia,Classical MHC-I,no,yes
9BL4,A,1,180,I3ZN84,180,362,HLA-B alpha chain (B*5703GB),Homo sapiens,HLA-B,Uniprotkb unreviewed (trembl),Belongs to the MHC class I family,HLA Class Ia,Classical MHC-I,yes,yes
4QRT,A,1,179,P01889,179,362,"HLA class I histocompatibility antigen, B alpha chain",Homo sapiens,HLA-B,Uniprotkb reviewed (swiss-prot),,HLA Class Ia,Classical MHC-I,no,yes
8RJ5,A,1,180,A0A5H2UYS3,180,367,MHC class I antigen,Homo sapiens,HLA-A,Uniprotkb unreviewed (trembl),Belongs to the MHC class I family,HLA Class Ia,Classical MHC-I,yes,yes
6VB3,A,2,181,F4NBQ1,180,337,MHC class I antigen,Homo sapiens,HLA-B,Uniprotkb unreviewed (trembl),Belongs to the MHC class I family,HLA Class Ia,Classical MHC-I,no,yes
8FJB,A,1,180,Q861F7,180,341,MHC class I antigen,Homo sapiens,HLA-A,Uniprotkb unreviewed (trembl),Belongs to the MHC class I family,HLA Class Ia,Classical MHC-I,yes,yes
5D2L,A,1,179,P04439,179,365,"HLA class I histocompatibility antigen, A alpha chain",Homo sapiens,HLA-A,Uniprotkb reviewed (swiss-prot),Belongs to the MHC class I family,HLA Class Ia,Classical MHC-I,yes,yes
6EQB,A,1,180,P04439,180,365,"HLA class I histocompatibility antigen, A alpha chain",Homo sapiens,HLA-A,Uniprotkb reviewed (swiss-prot),Belongs to the MHC class I family,HLA Class Ia,Classical MHC-I,yes,yes
6PYW,A,1,180,P01889,180,362,"HLA class I histocompatibility antigen, B alpha chain",Homo sapiens,HLA-B,Uniprotkb reviewed (swiss-prot),,HLA Class Ia,Classical MHC-I,no,yes
7CIR,A,1,180,O78189,180,362,MHC class I antigen,Homo sapiens,HLA-B,Uniprotkb unreviewed (trembl),Belongs to the MHC class I family,HLA Class Ia,Classical MHC-I,no,yes
3QEQ,A,1,180,P04439,180,365,"HLA class I histocompatibility antigen, A alpha chain",Homo sapiens,HLA-A,Uniprotkb reviewed (swiss-prot),Belongs to the MHC class I family,HLA Class Ia,Classical MHC-I,yes,yes
5IB5,A,1,180,P01889,180,362,"HLA class I histocompatibility antigen, B alpha chain",Homo sapiens,HLA-B,Uniprotkb reviewed (swiss-prot),,HLA Class Ia,Classical MHC-I,no,yes
2P5W,A,1,180,P04439,180,365,"HLA class I histocompatibility antigen, A alpha chain",Homo sapiens,HLA-A,Uniprotkb reviewed (swiss-prot),Belongs to the MHC class I family,HLA Class Ia,Classical MHC-I,yes,yes
3MV8,A,1,180,P01889,180,362,"HLA class I histocompatibility antigen, B alpha chain",Homo sapiens,HLA-B,Uniprotkb reviewed (swiss-prot),,HLA Class Ia,Classical MHC-I,yes,yes
3WUW,A,1,180,P01889,180,362,"HLA class I histocompatibility antigen, B alpha chain",Homo sapiens,HLA-B,Uniprotkb reviewed (swiss-prot),,HLA Class Ia,Classical MHC-I,yes,yes
5B39,A,1,180,P01889,180,362,"HLA class I histocompatibility antigen, B alpha chain",Homo sapiens,HLA-B,Uniprotkb reviewed (swiss-prot),,HLA Class Ia,Classical MHC-I,yes,yes
3UPR,A,1,179,P01889,179,362,"HLA class I histocompatibility antigen, B alpha chain",Homo sapiens,HLA-B,Uniprotkb reviewed (swiss-prot),,HLA Class Ia,Classical MHC-I,no,yes
3O3D,A,1,180,P04439,180,365,"HLA class I histocompatibility antigen, A alpha chain",Homo sapiens,HLA-A,Uniprotkb reviewed (swiss-prot),Belongs to the MHC class I family,HLA Class Ia,Classical MHC-I,no,yes
8GVG,H,1,180,F6IQZ4,180,337,MHC class I antigen,Homo sapiens,HLA-A,Uniprotkb unreviewed (trembl),Belongs to the MHC class I family,HLA Class Ia,Classical MHC-I,yes,yes
2C7U,A,1,180,P04439,180,365,"HLA class I histocompatibility antigen, A alpha chain",Homo sapiens,HLA-A,Uniprotkb reviewed (swiss-prot),Belongs to the MHC class I family,HLA Class Ia,Classical MHC-I,no,yes
4GKN,A,1,180,P04439,180,365,"HLA class I histocompatibility antigen, A alpha chain",Homo sapiens,HLA-A,Uniprotkb reviewed (swiss-prot),Belongs to the MHC class I family,HLA Class Ia,Classical MHC-I,no,yes
1KTL,A,1,179,P13747,179,358,"HLA class I histocompatibility antigen, alpha chain E",Homo sapiens,HLA-E,Uniprotkb reviewed (swiss-prot),Belongs to the MHC class I family,HLA Class Ib,Non-classical MHC-I,no,yes
6Y2B,A,1,180,A0A2R7Z5J3,180,362,Lymphocyte antigen HLA-B27,Homo sapiens,HLA-B,Uniprotkb unreviewed (trembl),Belongs to the MHC class I family,HLA Class Ia,Classical MHC-I,no,yes
2X4U,D,1,180,P04439,180,365,"HLA class I histocompatibility antigen, A alpha chain",Homo sapiens,HLA-A,Uniprotkb reviewed (swiss-prot),Belongs to the MHC class I family,HLA Class Ia,Classical MHC-I,no,yes
3SKM,A,1,173,P01889,173,362,"HLA class I histocompatibility antigen, B alpha chain",Homo sapiens,HLA-B,Uniprotkb reviewed (swiss-prot),,HLA Class Ia,Classical MHC-I,no,yes
8RCV,A,1,180,C5IYE8,180,362,HLA class I histocompatibility antigen B alpha chain,Homo sapiens,HLA-B,Uniprotkb unreviewed (trembl),Belongs to the MHC class I family,HLA Class Ia,Classical MHC-I,no,yes
6Y29,A,1,180,A0A2R7Z5J3,180,362,Lymphocyte antigen HLA-B27,Homo sapiens,HLA-B,Uniprotkb unreviewed (trembl),Belongs to the MHC class I family,HLA Class Ia,Classical MHC-I,no,yes
4EUP,D,1,180,P04439,180,365,"HLA class I histocompatibility antigen, A alpha chain",Homo sapiens,HLA-A,Uniprotkb reviewed (swiss-prot),Belongs to the MHC class I family,HLA Class Ia,Classical MHC-I,yes,yes
3LV3,A,1,180,P01889,180,362,"HLA class I histocompatibility antigen, B alpha chain",Homo sapiens,HLA-B,Uniprotkb reviewed (swiss-prot),,HLA Class Ia,Classical MHC-I,no,yes
2AXF,A,1,180,P01889,180,362,"HLA class I histocompatibility antigen, B alpha chain",Homo sapiens,HLA-B,Uniprotkb reviewed (swiss-prot),,HLA Class Ia,Classical MHC-I,no,yes
3BP7,A,1,180,P01889,180,362,"HLA class I histocompatibility antigen, B alpha chain",Homo sapiens,HLA-B,Uniprotkb reviewed (swiss-prot),,HLA Class Ia,Classical MHC-I,no,yes
1TMC,A,1,174,P04439,174,365,"HLA class I histocompatibility antigen, A alpha chain",Homo sapiens,HLA-A,Uniprotkb reviewed (swiss-prot),Belongs to the MHC class I family,HLA Class Ia,Classical MHC-I,no,yes
3KPN,A,1,180,P01889,180,362,"HLA class I histocompatibility antigen, B alpha chain",Homo sapiens,HLA-B,Uniprotkb reviewed (swiss-prot),,HLA Class Ia,Classical MHC-I,no,yes
3QDJ,A,1,180,P04439,180,365,"HLA class I histocompatibility antigen, A alpha chain",Homo sapiens,HLA-A,Uniprotkb reviewed (swiss-prot),Belongs to the MHC class I family,HLA Class Ia,Classical MHC-I,yes,yes
5WMR,A,1,170,P01889,170,362,"HLA class I histocompatibility antigen, B alpha chain",Homo sapiens,HLA-B,Uniprotkb reviewed (swiss-prot),,HLA Class Ia,Classical MHC-I,no,yes
7RE7,D,1,180,A0A140T913,180,371,"Major histocompatibility complex, class I, A",Homo sapiens,HLA-A,Uniprotkb unreviewed (trembl),Belongs to the MHC class I family,HLA Class Ia,Classical MHC-I,yes,yes
5DEG,A,1,180,P01889,180,362,"HLA class I histocompatibility antigen, B alpha chain",Homo sapiens,HLA-B,Uniprotkb reviewed (swiss-prot),,HLA Class Ia,Classical MHC-I,no,yes
5IB1,A,1,180,P01889,180,362,"HLA class I histocompatibility antigen, B alpha chain",Homo sapiens,HLA-B,Uniprotkb reviewed (swiss-prot),,HLA Class Ia,Classical MHC-I,no,yes
4G9D,A,1,180,P01889,180,362,"HLA class I histocompatibility antigen, B alpha chain",Homo sapiens,HLA-B,Uniprotkb reviewed (swiss-prot),,HLA Class Ia,Classical MHC-I,no,yes
8VRA,A,1,178,P04439,178,365,"HLA class I histocompatibility antigen, A alpha chain",Homo sapiens,HLA-A,Uniprotkb reviewed (swiss-prot),Belongs to the MHC class I family,HLA Class Ia,Classical MHC-I,yes,yes
2VLR,A,1,180,P04439,180,365,"HLA class I histocompatibility antigen, A alpha chain",Homo sapiens,HLA-A,Uniprotkb reviewed (swiss-prot),Belongs to the MHC class I family,HLA Class Ia,Classical MHC-I,yes,yes
3BP4,A,1,180,P01889,180,362,"HLA class I histocompatibility antigen, B alpha chain",Homo sapiens,HLA-B,Uniprotkb reviewed (swiss-prot),,HLA Class Ia,Classical MHC-I,no,yes
6VQD,A,1,180,O78189,180,362,MHC class I antigen,Homo sapiens,HLA-B,Uniprotkb unreviewed (trembl),Belongs to the MHC class I family,HLA Class Ia,Classical MHC-I,no,yes
8HN4,A,2,179,F6IR24,178,337,MHC class I antigen,Homo sapiens,HLA-A,Uniprotkb unreviewed (trembl),Belongs to the MHC class I family,HLA Class Ia,Classical MHC-I,no,yes
1M05,A,1,172,P01889,172,362,"HLA class I histocompatibility antigen, B alpha chain",Homo sapiens,HLA-B,Uniprotkb reviewed (swiss-prot),,HLA Class Ia,Classical MHC-I,no,yes
7DYN,A,1,180,O78189,180,362,MHC class I antigen,Homo sapiens,HLA-B,Uniprotkb unreviewed (trembl),Belongs to the MHC class I family,HLA Class Ia,Classical MHC-I,no,yes
6Y28,A,1,180,A0A6B7HFJ9,180,362,MHC class I antigen,Homo sapiens,HLA-B,Uniprotkb unreviewed (trembl),Belongs to the MHC class I family,HLA Class Ia,Classical MHC-I,no,yes
7CIS,A,1,180,O78189,180,362,MHC class I antigen,Homo sapiens,HLA-B,Uniprotkb unreviewed (trembl),Belongs to the MHC class I family,HLA Class Ia,Classical MHC-I,no,yes
1KPR,A,1,179,P13747,179,358,"HLA class I histocompatibility antigen, alpha chain E",Homo sapiens,HLA-E,Uniprotkb reviewed (swiss-prot),Belongs to the MHC class I family,HLA Class Ib,Non-classical MHC-I,no,yes
4G9F,A,1,180,P01889,180,362,"HLA class I histocompatibility antigen, B alpha chain",Homo sapiens,HLA-B,Uniprotkb reviewed (swiss-prot),,HLA Class Ia,Classical MHC-I,yes,yes
5D2N,H,2,179,P04439,178,365,"HLA class I histocompatibility antigen, A alpha chain",Homo sapiens,HLA-A,Uniprotkb reviewed (swiss-prot),Belongs to the MHC class I family,HLA Class Ia,Classical MHC-I,yes,yes
1A1M,A,1,180,P01889,180,362,"HLA class I histocompatibility antigen, B alpha chain",Homo sapiens,HLA-B,Uniprotkb reviewed (swiss-prot),,HLA Class Ia,Classical MHC-I,no,yes
3BO8,A,1,180,P04439,180,365,"HLA class I histocompatibility antigen, A alpha chain",Homo sapiens,HLA-A,Uniprotkb reviewed (swiss-prot),Belongs to the MHC class I family,HLA Class Ia,Classical MHC-I,no,yes
6EI2,A,1,180,P04439,180,365,"HLA class I histocompatibility antigen, A alpha chain",Homo sapiens,HLA-A,Uniprotkb reviewed (swiss-prot),Belongs to the MHC class I family,HLA Class Ia,Classical MHC-I,no,yes
6Y27,A,1,180,A0A2R7Z5J3,180,362,Lymphocyte antigen HLA-B27,Homo sapiens,HLA-B,Uniprotkb unreviewed (trembl),Belongs to the MHC class I family,HLA Class Ia,Classical MHC-I,no,yes
4G8I,A,1,180,P01889,180,362,"HLA class I histocompatibility antigen, B alpha chain",Homo sapiens,HLA-B,Uniprotkb reviewed (swiss-prot),,HLA Class Ia,Classical MHC-I,no,yes
8ESB,A,1,180,Q53Z42,180,365,HLA class I antigen,Homo sapiens,HLA-A,Uniprotkb unreviewed (trembl),Belongs to the MHC class I family,HLA Class Ia,Classical MHC-I,no,yes
8RRO,C,1,180,P04439,180,365,"HLA class I histocompatibility antigen, A alpha chain",Homo sapiens,HLA-A,Uniprotkb reviewed (swiss-prot),Belongs to the MHC class I family,HLA Class Ia,Classical MHC-I,yes,yes
6VPZ,A,1,180,O78189,180,362,MHC class I antigen,Homo sapiens,HLA-B,Uniprotkb unreviewed (trembl),Belongs to the MHC class I family,HLA Class Ia,Classical MHC-I,no,yes
1UXW,A,1,180,P01889,180,362,"HLA class I histocompatibility antigen, B alpha chain",Homo sapiens,HLA-B,Uniprotkb reviewed (swiss-prot),,HLA Class Ia,Classical MHC-I,no,yes
8YIV,A,1,180,F6IQR9,180,337,MHC class I antigen,Homo sapiens,HLA-A,Uniprotkb unreviewed (trembl),Belongs to the MHC class I family,HLA Class Ia,Classical MHC-I,yes,yes
3CZF,A,1,180,P01889,180,362,"HLA class I histocompatibility antigen, B alpha chain",Homo sapiens,HLA-B,Uniprotkb reviewed (swiss-prot),,HLA Class Ia,Classical MHC-I,no,yes
1HSA,A,1,180,P01889,180,362,"HLA class I histocompatibility antigen, B alpha chain",Homo sapiens,HLA-B,Uniprotkb reviewed (swiss-prot),,HLA Class Ia,Classical MHC-I,no,yes
5IB4,A,1,180,P01889,180,362,"HLA class I histocompatibility antigen, B alpha chain",Homo sapiens,HLA-B,Uniprotkb reviewed (swiss-prot),,HLA Class Ia,Classical MHC-I,no,yes
2A83,A,1,180,P01889,180,362,"HLA class I histocompatibility antigen, B alpha chain",Homo sapiens,HLA-B,Uniprotkb reviewed (swiss-prot),,HLA Class Ia,Classical MHC-I,no,yes
2BSR,A,1,180,P01889,180,362,"HLA class I histocompatibility antigen, B alpha chain",Homo sapiens,HLA-B,Uniprotkb reviewed (swiss-prot),,HLA Class Ia,Classical MHC-I,no,yes
9C6W,A,113,292,I3ZN83,180,362,MHC class I antigen,Homo sapiens,HLA-B_SC,Uniprotkb unreviewed (trembl),Belongs to the MHC class I family,HLA Class Ia SC,Classical MHC-I SC,no,yes
8T7R,i,1,180,F6IQR9,180,337,MHC class I antigen,Homo sapiens,HLA-A,Uniprotkb unreviewed (trembl),Belongs to the MHC class I family,HLA Class Ia,Classical MHC-I,yes,yes
1OF2,A,1,180,P01889,180,362,"HLA class I histocompatibility antigen, B alpha chain",Homo sapiens,HLA-B,Uniprotkb reviewed (swiss-prot),,HLA Class Ia,Classical MHC-I,no,yes
8VR9,A,1,180,P04439,180,365,"HLA class I histocompatibility antigen, A alpha chain",Homo sapiens,HLA-A,Uniprotkb reviewed (swiss-prot),Belongs to the MHC class I family,HLA Class Ia,Classical MHC-I,yes,yes
8T6M,E,1,180,I3QHR3,180,181,MHC class I antigen,Homo sapiens,HLA-A,Uniprotkb unreviewed (trembl),Belongs to the MHC class I family,HLA Class Ia,Classical MHC-I,yes,yes
7CIQ,A,1,180,O78189,180,362,MHC class I antigen,Homo sapiens,HLA-B,Uniprotkb unreviewed (trembl),Belongs to the MHC class I family,HLA Class Ia,Classical MHC-I,no,yes
5VGE,A,1,179,P10321,179,366,"HLA class I histocompatibility antigen, C alpha chain",Homo sapiens,HLA-C,Uniprotkb reviewed (swiss-prot),,HLA Class Ia,Classical MHC-I,no,yes
6APN,A,113,292,P04439,180,365,"HLA class I histocompatibility antigen, A alpha chain",Homo sapiens,HLA-A_SC,Uniprotkb reviewed (swiss-prot),Belongs to the MHC class I family,HLA Class Ia SC,Classical MHC-I SC,no,yes
6UON,D,1,179,C1K0Y1,179,366,HLA class I antigen,Homo sapiens,HLA-C,Uniprotkb unreviewed (trembl),Belongs to the MHC class I family,HLA Class Ia,Classical MHC-I,yes,yes
8YJ2,A,1,180,F6IQR9,180,337,MHC class I antigen,Homo sapiens,HLA-A,Uniprotkb unreviewed (trembl),Belongs to the MHC class I family,HLA Class Ia,Classical MHC-I,yes,yes
9C6V,A,116,295,I3ZN83,180,362,MHC class I antigen,Homo sapiens,HLA-B_SC,Uniprotkb unreviewed (trembl),Belongs to the MHC class I family,HLA Class Ia SC,Classical MHC-I SC,no,yes
5IB2,A,1,180,P01889,180,362,"HLA class I histocompatibility antigen, B alpha chain",Homo sapiens,HLA-B,Uniprotkb reviewed (swiss-prot),,HLA Class Ia,Classical MHC-I,no,yes
3B6S,A,1,180,P01889,180,362,"HLA class I histocompatibility antigen, B alpha chain",Homo sapiens,HLA-B,Uniprotkb reviewed (swiss-prot),,HLA Class Ia,Classical MHC-I,no,yes
1OGT,A,1,180,P01889,180,362,"HLA class I histocompatibility antigen, B alpha chain",Homo sapiens,HLA-B,Uniprotkb reviewed (swiss-prot),,HLA Class Ia,Classical MHC-I,no,yes
7N2Q,A,1,180,A3F718,180,296,MHC class I antigen,Homo sapiens,HLA-B,Uniprotkb unreviewed (trembl),Belongs to the MHC class I family,HLA Class Ia,Classical MHC-I,yes,yes
6Y2A,A,1,180,A0A6B7HFJ9,180,362,MHC class I antigen,Homo sapiens,HLA-B,Uniprotkb unreviewed (trembl),Belongs to the MHC class I family,HLA Class Ia,Classical MHC-I,no,yes
8V50,A,1,179,O19626,179,322,HLA-B35,Homo sapiens,HLA-B,Uniprotkb unreviewed (trembl),Belongs to the MHC class I family,HLA Class Ia,Classical MHC-I,yes,yes
8GVI,H,1,180,F6IQZ4,180,337,MHC class I antigen,Homo sapiens,HLA-A,Uniprotkb unreviewed (trembl),Belongs to the MHC class I family,HLA Class Ia,Classical MHC-I,yes,yes
3CII,A,1,179,P13747,179,358,"HLA class I histocompatibility antigen, alpha chain E",Homo sapiens,HLA-E,Uniprotkb reviewed (swiss-prot),Belongs to the MHC class I family,HLA Class Ib,Non-classical MHC-I,yes,yes
7QPD,M,1,178,P04439,178,365,"HLA class I histocompatibility antigen, A alpha chain",Homo sapiens,HLA-A,Uniprotkb reviewed (swiss-prot),Belongs to the MHC class I family,HLA Class Ia,Classical MHC-I,yes,no
4U1K,A,2,180,P01889,179,362,"HLA class I histocompatibility antigen, B alpha chain",Homo sapiens,HLA-B,Uniprotkb reviewed (swiss-prot),,HLA Class Ia,Classical MHC-I,no,yes
1JGE,A,1,180,P01889,180,362,"HLA class I histocompatibility antigen, B alpha chain",Homo sapiens,HLA-B,Uniprotkb reviewed (swiss-prot),,HLA Class Ia,Classical MHC-I,no,yes
5IB3,A,1,180,P01889,180,362,"HLA class I histocompatibility antigen, B alpha chain",Homo sapiens,HLA-B,Uniprotkb reviewed (swiss-prot),,HLA Class Ia,Classical MHC-I,no,yes
1UXS,A,1,180,P01889,180,362,"HLA class I histocompatibility antigen, B alpha chain",Homo sapiens,HLA-B,Uniprotkb reviewed (swiss-prot),,HLA Class Ia,Classical MHC-I,no,yes
2HLA,A,1,180,P04439,180,365,"HLA class I histocompatibility antigen, A alpha chain",Homo sapiens,HLA-A,Uniprotkb reviewed (swiss-prot),Belongs to the MHC class I family,HLA Class Ia,Classical MHC-I,no,no
8EC5,A,1,161,Q5SS57,161,362,HLA class I antigen,Homo sapiens,HLA-B,Uniprotkb unreviewed (trembl),Belongs to the MHC class I family,HLA Class Ia,Classical MHC-I,no,yes
8VRB,A,1,180,A0A3G8GE10,180,365,HLA-A antigen,Homo sapiens,HLA-A,Uniprotkb unreviewed (trembl),Belongs to the MHC class I family,HLA Class Ia,Classical MHC-I,yes,yes
1QQD,A,1,179,P10321,179,366,"HLA class I histocompatibility antigen, C alpha chain",Homo sapiens,HLA-C,Uniprotkb reviewed (swiss-prot),,HLA Class Ia,Classical MHC-I,no,yes
7DUU,A,1,179,F6IQA6,179,349,MHC class I antigen,Homo sapiens,HLA-C,Uniprotkb unreviewed (trembl),Belongs to the MHC class I family,HLA Class Ia,Classical MHC-I,yes,yes
1EFX,A,2,180,P10321,179,366,"HLA class I histocompatibility antigen, C alpha chain",Homo sapiens,HLA-C,Uniprotkb reviewed (swiss-prot),,HLA Class Ia,Classical MHC-I,yes,yes
8ESA,A,1,180,Q53Z42,180,365,HLA class I antigen,Homo sapiens,HLA-A,Uniprotkb unreviewed (trembl),Belongs to the MHC class I family,HLA Class Ia,Classical MHC-I,no,yes
8TMU,A,1,179,A0A583ZBV1,179,362,MHC class I antigen,Homo sapiens,HLA-B,Uniprotkb unreviewed (trembl),Belongs to the MHC class I family,HLA Class Ia,Classical MHC-I,yes,yes
1IM9,A,1,179,P10321,179,366,"HLA class I histocompatibility antigen, C alpha chain",Homo sapiens,HLA-C,Uniprotkb reviewed (swiss-prot),,HLA Class Ia,Classical MHC-I,yes,yes
5E6I,I,1,180,P04439,180,365,"HLA class I histocompatibility antigen, A alpha chain",Homo sapiens,HLA-A,Uniprotkb reviewed (swiss-prot),Belongs to the MHC class I family,HLA Class Ia,Classical MHC-I,yes,yes
9C3E,H,94,252,H9BNV4,159,312,MHC class I antigen,Homo sapiens,HLA-A_SC,Uniprotkb unreviewed (trembl),Belongs to the MHC class I family,HLA Class Ia SC,Classical MHC-I SC,yes,yes
6PUI,A,3,177,Q95460,175,341,Major histocompatibility complex class I-related protein 1,Homo sapiens,MR1,Uniprotkb reviewed (swiss-prot),Belongs to the MHC class I family,MR1,MHC-I like,yes,yes
5U1R,C,3,175,Q95460,173,341,Major histocompatibility complex class I-related protein 1,Homo sapiens,MR1,Uniprotkb reviewed (swiss-prot),Belongs to the MHC class I family,MR1,MHC-I like,yes,yes
5U72,A,3,173,Q95460,171,341,Major histocompatibility complex class I-related protein 1,Homo sapiens,MR1,Uniprotkb reviewed (swiss-prot),Belongs to the MHC class I family,MR1,MHC-I like,yes,no
6PUL,A,3,177,Q95460,175,341,Major histocompatibility complex class I-related protein 1,Homo sapiens,MR1,Uniprotkb reviewed (swiss-prot),Belongs to the MHC class I family,MR1,MHC-I like,yes,yes
5U16,A,3,175,Q95460,173,341,Major histocompatibility complex class I-related protein 1,Homo sapiens,MR1,Uniprotkb reviewed (swiss-prot),Belongs to the MHC class I family,MR1,MHC-I like,yes,yes
6PUD,A,3,177,Q95460,175,341,Major histocompatibility complex class I-related protein 1,Homo sapiens,MR1,Uniprotkb reviewed (swiss-prot),Belongs to the MHC class I family,MR1,MHC-I like,yes,yes
6XQP,A,1,175,Q95460,175,341,Major histocompatibility complex class I-related protein 1,Homo sapiens,MR1,Uniprotkb reviewed (swiss-prot),Belongs to the MHC class I family,MR1,MHC-I like,yes,yes
7ZT8,A,3,178,Q95460,176,341,Major histocompatibility complex class I-related protein 1,Homo sapiens,MR1,Uniprotkb reviewed (swiss-prot),Belongs to the MHC class I family,MR1,MHC-I like,yes,yes
9BTX,A,3,175,Q95460,173,341,Major histocompatibility complex class I-related protein 1,Homo sapiens,MR1,Uniprotkb reviewed (swiss-prot),Belongs to the MHC class I family,MR1,MHC-I like,yes,yes
5U6Q,C,3,175,Q95460,173,341,Major histocompatibility complex class I-related protein 1,Homo sapiens,MR1,Uniprotkb reviewed (swiss-prot),Belongs to the MHC class I family,MR1,MHC-I like,yes,yes
4NQD,A,1,177,Q95460,177,341,Major histocompatibility complex class I-related protein 1,Homo sapiens,MR1,Uniprotkb reviewed (swiss-prot),Belongs to the MHC class I family,MR1,MHC-I like,no,yes
6PUM,A,3,175,Q95460,173,341,Major histocompatibility complex class I-related protein 1,Homo sapiens,MR1,Uniprotkb reviewed (swiss-prot),Belongs to the MHC class I family,MR1,MHC-I like,yes,yes
4L4V,A,1,176,Q95460,176,341,Major histocompatibility complex class I-related protein 1,Homo sapiens,MR1,Uniprotkb reviewed (swiss-prot),Belongs to the MHC class I family,MR1,MHC-I like,yes,yes
6PUC,A,3,177,Q95460,175,341,Major histocompatibility complex class I-related protein 1,Homo sapiens,MR1,Uniprotkb reviewed (swiss-prot),Belongs to the MHC class I family,MR1,MHC-I like,yes,yes
6PUJ,A,3,175,Q95460,173,341,Major histocompatibility complex class I-related protein 1,Homo sapiens,MR1,Uniprotkb reviewed (swiss-prot),Belongs to the MHC class I family,MR1,MHC-I like,yes,yes
9CGS,A,3,175,Q95460,173,341,Major histocompatibility complex class I-related protein 1,Homo sapiens,MR1,Uniprotkb reviewed (swiss-prot),Belongs to the MHC class I family,MR1,MHC-I like,no,no
6W9U,A,3,177,Q95460,175,341,Major histocompatibility complex class I-related protein 1,Homo sapiens,MR1,Uniprotkb reviewed (swiss-prot),Belongs to the MHC class I family,MR1,MHC-I like,yes,yes
6PUH,A,3,177,Q95460,175,341,Major histocompatibility complex class I-related protein 1,Homo sapiens,MR1,Uniprotkb reviewed (swiss-prot),Belongs to the MHC class I family,MR1,MHC-I like,yes,yes
9CGR,A,3,178,Q95460,176,341,Major histocompatibility complex class I-related protein 1,Homo sapiens,MR1,Uniprotkb reviewed (swiss-prot),Belongs to the MHC class I family,MR1,MHC-I like,yes,yes
8Y6X,A,3,178,Q95460,176,341,Major histocompatibility complex class I-related protein 1,Homo sapiens,MR1,Uniprotkb reviewed (swiss-prot),Belongs to the MHC class I family,MR1,MHC-I like,yes,yes
4PJF,A,1,175,Q95460,175,341,Major histocompatibility complex class I-related protein 1,Homo sapiens,MR1,Uniprotkb reviewed (swiss-prot),Belongs to the MHC class I family,MR1,MHC-I like,yes,yes
5D7I,A,1,175,Q95460,175,341,Major histocompatibility complex class I-related protein 1,Homo sapiens,MR1,Uniprotkb reviewed (swiss-prot),Belongs to the MHC class I family,MR1,MHC-I like,yes,yes
6PVD,A,3,175,Q95460,173,341,Major histocompatibility complex class I-related protein 1,Homo sapiens,MR1,Uniprotkb reviewed (swiss-prot),Belongs to the MHC class I family,MR1,MHC-I like,yes,yes
6PVC,A,3,177,Q95460,175,341,Major histocompatibility complex class I-related protein 1,Homo sapiens,MR1,Uniprotkb reviewed (swiss-prot),Belongs to the MHC class I family,MR1,MHC-I like,yes,yes
6PUF,A,3,175,Q95460,173,341,Major histocompatibility complex class I-related protein 1,Homo sapiens,MR1,Uniprotkb reviewed (swiss-prot),Belongs to the MHC class I family,MR1,MHC-I like,yes,yes
4PJI,A,1,174,Q95460,174,341,Major histocompatibility complex class I-related protein 1,Homo sapiens,MR1,Uniprotkb reviewed (swiss-prot),Belongs to the MHC class I family,MR1,MHC-I like,yes,yes
4NQE,A,3,178,Q95460,176,341,Major histocompatibility complex class I-related protein 1,Homo sapiens,MR1,Uniprotkb reviewed (swiss-prot),Belongs to the MHC class I family,MR1,MHC-I like,yes,yes
4NQC,A,3,175,Q95460,173,341,Major histocompatibility complex class I-related protein 1,Homo sapiens,MR1,Uniprotkb reviewed (swiss-prot),Belongs to the MHC class I family,MR1,MHC-I like,no,yes
5U2V,A,3,178,Q95460,176,341,Major histocompatibility complex class I-related protein 1,Homo sapiens,MR1,Uniprotkb reviewed (swiss-prot),Belongs to the MHC class I family,MR1,MHC-I like,yes,yes
4PJ5,A,1,175,Q95460,175,341,Major histocompatibility complex class I-related protein 1,Homo sapiens,MR1,Uniprotkb reviewed (swiss-prot),Belongs to the MHC class I family,MR1,MHC-I like,yes,yes
9BTY,A,3,177,Q95460,175,341,Major histocompatibility complex class I-related protein 1,Homo sapiens,MR1,Uniprotkb reviewed (swiss-prot),Belongs to the MHC class I family,MR1,MHC-I like,yes,yes
6PUG,A,3,177,Q95460,175,341,Major histocompatibility complex class I-related protein 1,Homo sapiens,MR1,Uniprotkb reviewed (swiss-prot),Belongs to the MHC class I family,MR1,MHC-I like,yes,yes
6PUE,A,3,177,Q95460,175,341,Major histocompatibility complex class I-related protein 1,Homo sapiens,MR1,Uniprotkb reviewed (swiss-prot),Belongs to the MHC class I family,MR1,MHC-I like,yes,yes
5U17,A,1,177,Q95460,177,341,Major histocompatibility complex class I-related protein 1,Homo sapiens,MR1,Uniprotkb reviewed (swiss-prot),Belongs to the MHC class I family,MR1,MHC-I like,yes,yes
7ZT3,A,2,178,Q95460,177,341,Major histocompatibility complex class I-related protein 1,Homo sapiens,MR1,Uniprotkb reviewed (swiss-prot),Belongs to the MHC class I family,MR1,MHC-I like,yes,no
4PJE,A,1,172,Q95460,172,341,Major histocompatibility complex class I-related protein 1,Homo sapiens,MR1,Uniprotkb reviewed (swiss-prot),Belongs to the MHC class I family,MR1,MHC-I like,yes,yes
5D7L,A,1,177,Q95460,177,341,Major histocompatibility complex class I-related protein 1,Homo sapiens,MR1,Uniprotkb reviewed (swiss-prot),Belongs to the MHC class I family,MR1,MHC-I like,no,yes
6PUK,A,3,175,Q95460,173,341,Major histocompatibility complex class I-related protein 1,Homo sapiens,MR1,Uniprotkb reviewed (swiss-prot),Belongs to the MHC class I family,MR1,MHC-I like,yes,yes
6W9V,A,3,177,Q95460,175,341,Major histocompatibility complex class I-related protein 1,Homo sapiens,MR1,Uniprotkb reviewed (swiss-prot),Belongs to the MHC class I family,MR1,MHC-I like,yes,no
7ZT2,A,1,177,Q95460,177,341,Major histocompatibility complex class I-related protein 1,Homo sapiens,MR1,Uniprotkb reviewed (swiss-prot),Belongs to the MHC class I family,MR1,MHC-I like,yes,yes
9BTZ,A,3,176,Q95460,174,341,Major histocompatibility complex class I-related protein 1,Homo sapiens,MR1,Uniprotkb reviewed (swiss-prot),Belongs to the MHC class I family,MR1,MHC-I like,yes,yes
4PJ9,A,3,178,Q95460,176,341,Major histocompatibility complex class I-related protein 1,Homo sapiens,MR1,Uniprotkb reviewed (swiss-prot),Belongs to the MHC class I family,MR1,MHC-I like,yes,yes
4PJG,A,1,175,Q95460,175,341,Major histocompatibility complex class I-related protein 1,Homo sapiens,MR1,Uniprotkb reviewed (swiss-prot),Belongs to the MHC class I family,MR1,MHC-I like,yes,yes
4PJC,A,3,176,Q95460,174,341,Major histocompatibility complex class I-related protein 1,Homo sapiens,MR1,Uniprotkb reviewed (swiss-prot),Belongs to the MHC class I family,MR1,MHC-I like,yes,yes
7UFJ,A,3,176,Q95460,174,341,Major histocompatibility complex class I-related protein 1,Homo sapiens,MR1,Uniprotkb reviewed (swiss-prot),Belongs to the MHC class I family,MR1,MHC-I like,yes,yes
5D7J,E,1,174,Q95460,174,341,Major histocompatibility complex class I-related protein 1,Homo sapiens,MR1,Uniprotkb reviewed (swiss-prot),Belongs to the MHC class I family,MR1,MHC-I like,yes,yes
4PJ7,A,3,176,Q95460,174,341,Major histocompatibility complex class I-related protein 1,Homo sapiens,MR1,Uniprotkb reviewed (swiss-prot),Belongs to the MHC class I family,MR1,MHC-I like,yes,yes
9BU0,A,3,175,Q95460,173,341,Major histocompatibility complex class I-related protein 1,Homo sapiens,MR1,Uniprotkb reviewed (swiss-prot),Belongs to the MHC class I family,MR1,MHC-I like,yes,yes
4PJH,A,1,174,Q95460,174,341,Major histocompatibility complex class I-related protein 1,Homo sapiens,MR1,Uniprotkb reviewed (swiss-prot),Belongs to the MHC class I family,MR1,MHC-I like,yes,yes
5D5M,A,1,175,Q95460,175,341,Major histocompatibility complex class I-related protein 1,Homo sapiens,MR1,Uniprotkb reviewed (swiss-prot),Belongs to the MHC class I family,MR1,MHC-I like,no,yes
7ZT5,A,3,176,Q95460,174,341,Major histocompatibility complex class I-related protein 1,Homo sapiens,MR1,Uniprotkb reviewed (swiss-prot),Belongs to the MHC class I family,MR1,MHC-I like,yes,yes
4PJD,A,3,178,Q95460,176,341,Major histocompatibility complex class I-related protein 1,Homo sapiens,MR1,Uniprotkb reviewed (swiss-prot),Belongs to the MHC class I family,MR1,MHC-I like,yes,yes
7ZT7,A,3,176,Q95460,174,341,Major histocompatibility complex class I-related protein 1,Homo sapiens,MR1,Uniprotkb reviewed (swiss-prot),Belongs to the MHC class I family,MR1,MHC-I like,yes,yes
4PJX,A,3,174,Q95460,172,341,Major histocompatibility complex class I-related protein 1,Homo sapiens,MR1,Uniprotkb reviewed (swiss-prot),Belongs to the MHC class I family,MR1,MHC-I like,yes,yes
7ZT4,A,3,176,Q95460,174,341,Major histocompatibility complex class I-related protein 1,Homo sapiens,MR1,Uniprotkb reviewed (swiss-prot),Belongs to the MHC class I family,MR1,MHC-I like,yes,yes
4PJA,A,3,176,Q95460,174,341,Major histocompatibility complex class I-related protein 1,Homo sapiens,MR1,Uniprotkb reviewed (swiss-prot),Belongs to the MHC class I family,MR1,MHC-I like,yes,yes
8BP6,A,100,275,Q95460,176,341,Major histocompatibility complex class I-related protein 1,Homo sapiens,MR1_SC,Uniprotkb reviewed (swiss-prot),Belongs to the MHC class I family,MR1 SC,MHC-I like SC,no,yes
7LLI,C,3,178,Q95460,176,341,Major histocompatibility complex class I-related protein 1,Homo sapiens,MR1,Uniprotkb reviewed (swiss-prot),Belongs to the MHC class I family,MR1,MHC-I like,yes,yes
4LCW,A,3,176,Q95460,174,341,Major histocompatibility complex class I-related protein 1,Homo sapiens,MR1,Uniprotkb reviewed (swiss-prot),Belongs to the MHC class I family,MR1,MHC-I like,yes,yes
4L4T,A,3,178,Q95460,176,341,Major histocompatibility complex class I-related protein 1,Homo sapiens,MR1,Uniprotkb reviewed (swiss-prot),Belongs to the MHC class I family,MR1,MHC-I like,yes,yes
7UMG,A,2,175,Q95460,174,341,Major histocompatibility complex class I-related protein 1,Homo sapiens,MR1,Uniprotkb reviewed (swiss-prot),Belongs to the MHC class I family,MR1,MHC-I like,no,yes
4GUP,A,2,176,Q95460,175,341,Major histocompatibility complex class I-related protein 1,Homo sapiens,MR1,Uniprotkb reviewed (swiss-prot),Belongs to the MHC class I family,MR1,MHC-I like,no,yes
7ZT9,A,3,176,Q95460,174,341,Major histocompatibility complex class I-related protein 1,Homo sapiens,MR1,Uniprotkb reviewed (swiss-prot),Belongs to the MHC class I family,MR1,MHC-I like,yes,yes
4PJB,A,3,178,Q95460,176,341,Major histocompatibility complex class I-related protein 1,Homo sapiens,MR1,Uniprotkb reviewed (swiss-prot),Belongs to the MHC class I family,MR1,MHC-I like,yes,yes
7LLJ,C,3,178,Q95460,176,341,Major histocompatibility complex class I-related protein 1,Homo sapiens,MR1,Uniprotkb reviewed (swiss-prot),Belongs to the MHC class I family,MR1,MHC-I like,yes,yes
1T7X,A,2,176,P25311,175,298,Zinc-alpha-2-glycoprotein,Homo sapiens,ZAG,Uniprotkb reviewed (swiss-prot),Belongs to the MHC class I family,ZAG,MHC-I like,no,no
6MWR,A,2,176,Q95460,175,341,Major histocompatibility complex class I-related protein 1,Homo sapiens,MR1,Uniprotkb reviewed (swiss-prot),Belongs to the MHC class I family,MR1,MHC-I like,no,yes
1T7Y,A,2,175,P25311,174,298,Zinc-alpha-2-glycoprotein,Homo sapiens,ZAG,Uniprotkb reviewed (swiss-prot),Belongs to the MHC class I family,ZAG,MHC-I like,no,no
3ES6,A,6,179,P25311,174,298,Zinc-alpha-2-glycoprotein,Homo sapiens,ZAG,Uniprotkb reviewed (swiss-prot),Belongs to the MHC class I family,ZAG,MHC-I like,no,yes
1T7Z,A,2,175,P25311,174,298,Zinc-alpha-2-glycoprotein,Homo sapiens,ZAG,Uniprotkb reviewed (swiss-prot),Belongs to the MHC class I family,ZAG,MHC-I like,no,no
1T80,A,2,177,P25311,176,298,Zinc-alpha-2-glycoprotein,Homo sapiens,ZAG,Uniprotkb reviewed (swiss-prot),Belongs to the MHC class I family,ZAG,MHC-I like,no,no
1DE4,A,1,178,Q30201,178,348,Hereditary hemochromatosis protein,Homo sapiens,HFE,Uniprotkb reviewed (swiss-prot),Belongs to the MHC class I family,HFE,MHC-I like,yes,no
1T7V,A,2,175,P25311,174,298,Zinc-alpha-2-glycoprotein,Homo sapiens,ZAG,Uniprotkb reviewed (swiss-prot),Belongs to the MHC class I family,ZAG,MHC-I like,no,yes
1T7W,A,2,175,P25311,174,298,Zinc-alpha-2-glycoprotein,Homo sapiens,ZAG,Uniprotkb reviewed (swiss-prot),Belongs to the MHC class I family,ZAG,MHC-I like,no,no
6R2U,A,2,178,P25311,177,298,Zinc-alpha-2-glycoprotein,Homo sapiens,ZAG,Uniprotkb reviewed (swiss-prot),Belongs to the MHC class I family,ZAG,MHC-I like,no,no
1A6Z,A,1,178,Q30201,178,348,Hereditary hemochromatosis protein,Homo sapiens,HFE,Uniprotkb reviewed (swiss-prot),Belongs to the MHC class I family,HFE,MHC-I like,no,no
1ZAG,A,2,174,P25311,173,298,Zinc-alpha-2-glycoprotein,Homo sapiens,ZAG,Uniprotkb reviewed (swiss-prot),Belongs to the MHC class I family,ZAG,MHC-I like,no,no
6NHA,A,3,163,P55899,161,365,IgG receptor FcRn large subunit p51,Homo sapiens,FcRn,Uniprotkb reviewed (swiss-prot),Belongs to the immunoglobulin superfamily,FcRn,MHC-I like,no,no
6C98,A,2,169,P55899,168,365,IgG receptor FcRn large subunit p51,Homo sapiens,FcRn,Uniprotkb reviewed (swiss-prot),Belongs to the immunoglobulin superfamily,FcRn,MHC-I like,no,no
7Q15,A,1,171,P55899,171,365,IgG receptor FcRn large subunit p51,Homo sapiens,FcRn,Uniprotkb reviewed (swiss-prot),Belongs to the immunoglobulin superfamily,FcRn,MHC-I like,yes,no
6WNA,A,2,171,P55899,170,365,IgG receptor FcRn large subunit p51,Homo sapiens,FcRn,Uniprotkb reviewed (swiss-prot),Belongs to the immunoglobulin superfamily,FcRn,MHC-I like,yes,no
7RNO,A,2,175,Q95460,174,341,Major histocompatibility complex class I-related protein 1,Homo sapiens,MR1_SC,Uniprotkb reviewed (swiss-prot),Belongs to the MHC class I family,MR1 SC,MHC-I like SC,no,no
6C97,A,2,171,P55899,170,365,IgG receptor FcRn large subunit p51,Homo sapiens,FcRn,Uniprotkb reviewed (swiss-prot),Belongs to the immunoglobulin superfamily,FcRn,MHC-I like,no,no
6WOL,A,2,169,P55899,168,365,IgG receptor FcRn large subunit p51,Homo sapiens,FcRn,Uniprotkb reviewed (swiss-prot),Belongs to the immunoglobulin superfamily,FcRn,MHC-I like,yes,no
2WY3,A,3,173,Q29980,171,383,MHC class I polypeptide-related sequence B,Homo sapiens,MICB,Uniprotkb reviewed (swiss-prot),Belongs to the MHC class I family.,MIC,MHC-I like,yes,no
6QIO,B,1,172,P55899,172,365,IgG receptor FcRn large subunit p51,Homo sapiens,FcRn,Uniprotkb reviewed (swiss-prot),Belongs to the immunoglobulin superfamily,FcRn,MHC-I like,yes,no
5BJT,A,2,171,P55899,170,365,IgG receptor FcRn large subunit p51,Homo sapiens,FcRn,Uniprotkb reviewed (swiss-prot),Belongs to the immunoglobulin superfamily,FcRn,MHC-I like,no,no
6C99,A,3,172,P55899,170,365,IgG receptor FcRn large subunit p51,Homo sapiens,FcRn,Uniprotkb reviewed (swiss-prot),Belongs to the immunoglobulin superfamily,FcRn,MHC-I like,no,no
4N0F,A,2,171,P55899,170,365,IgG receptor FcRn large subunit p51,Homo sapiens,FcRn,Uniprotkb reviewed (swiss-prot),Belongs to the immunoglobulin superfamily,FcRn,MHC-I like,yes,no
4N0U,A,2,171,P55899,170,365,IgG receptor FcRn large subunit p51,Homo sapiens,FcRn,Uniprotkb reviewed (swiss-prot),Belongs to the immunoglobulin superfamily,FcRn,MHC-I like,yes,no
6FGB,A,1,171,P55899,171,365,IgG receptor FcRn large subunit p51,Homo sapiens,FcRn,Uniprotkb reviewed (swiss-prot),Belongs to the immunoglobulin superfamily,FcRn,MHC-I like,yes,no
6LA6,E,1,171,P55899,171,365,IgG receptor FcRn large subunit p51,Homo sapiens,FcRn,Uniprotkb reviewed (swiss-prot),Belongs to the immunoglobulin superfamily,FcRn,MHC-I like,yes,no
6QIP,B,1,172,P55899,172,365,IgG receptor FcRn large subunit p51,Homo sapiens,FcRn,Uniprotkb reviewed (swiss-prot),Belongs to the immunoglobulin superfamily,FcRn,MHC-I like,yes,no
6ILM,E,2,171,P55899,170,365,IgG receptor FcRn large subunit p51,Homo sapiens,FcRn,Uniprotkb reviewed (swiss-prot),Belongs to the immunoglobulin superfamily,FcRn,MHC-I like,yes,no
4WO4,A,3,172,P15813,170,335,Antigen-presenting glycoprotein CD1d,Homo sapiens,CD1d,Uniprotkb reviewed (swiss-prot),,CD1,MHC-I like,yes,yes
1JE6,A,3,176,Q29980,174,383,MHC class I polypeptide-related sequence B,Homo sapiens,MICB,Uniprotkb reviewed (swiss-prot),Belongs to the MHC class I family.,MIC,MHC-I like,no,no
5WHK,A,2,158,P55899,157,365,IgG receptor FcRn large subunit p51,Homo sapiens,FcRn,Uniprotkb reviewed (swiss-prot),Belongs to the immunoglobulin superfamily,FcRn,MHC-I like,yes,no
8TM0,C,1,161,Q29983,161,383,MHC class I polypeptide-related sequence A,Homo sapiens,MICA,Uniprotkb reviewed (swiss-prot),Belongs to the MHC class I family.,MIC,MHC-I like,yes,no
6V7Y,A,6,179,P15813,174,335,Antigen-presenting glycoprotein CD1d,Homo sapiens,CD1d,Uniprotkb reviewed (swiss-prot),,CD1,MHC-I like,yes,yes
3M17,A,2,168,P55899,167,365,IgG receptor FcRn large subunit p51,Homo sapiens,FcRn,Uniprotkb reviewed (swiss-prot),Belongs to the immunoglobulin superfamily,FcRn,MHC-I like,no,no
8TM2,C,1,164,Q29983,164,383,MHC class I polypeptide-related sequence A,Homo sapiens,MICA,Uniprotkb reviewed (swiss-prot),Belongs to the MHC class I family.,MIC,MHC-I like,yes,no
5BXF,A,2,170,P55899,169,365,IgG receptor FcRn large subunit p51,Homo sapiens,FcRn,Uniprotkb reviewed (swiss-prot),Belongs to the immunoglobulin superfamily,FcRn,MHC-I like,no,no
4K71,B,2,171,P55899,170,365,IgG receptor FcRn large subunit p51,Homo sapiens,FcRn,Uniprotkb reviewed (swiss-prot),Belongs to the immunoglobulin superfamily,FcRn,MHC-I like,yes,no
3SDX,A,1,176,P15813,176,335,Antigen-presenting glycoprotein CD1d,Homo sapiens,CD1d,Uniprotkb reviewed (swiss-prot),,CD1,MHC-I like,yes,yes
1ONQ,A,2,173,P06126,172,327,T-cell surface glycoprotein CD1a,Homo sapiens,CD1a,Uniprotkb reviewed (swiss-prot),,CD1,MHC-I like,no,yes
1EXU,A,3,163,P55899,161,365,IgG receptor FcRn large subunit p51,Homo sapiens,FcRn,Uniprotkb reviewed (swiss-prot),Belongs to the immunoglobulin superfamily,FcRn,MHC-I like,no,no
6LA7,E,2,170,P55899,169,365,IgG receptor FcRn large subunit p51,Homo sapiens,FcRn,Uniprotkb reviewed (swiss-prot),Belongs to the immunoglobulin superfamily,FcRn,MHC-I like,yes,no
8SOS,E,3,179,P15813,177,335,Antigen-presenting glycoprotein CD1d,Homo sapiens,CD1d,Uniprotkb reviewed (swiss-prot),,CD1,MHC-I like,yes,yes
8TLZ,A,1,162,Q29983,162,383,MHC class I polypeptide-related sequence A,Homo sapiens,MICA,Uniprotkb reviewed (swiss-prot),Belongs to the MHC class I family.,MIC,MHC-I like,no,no
3M1B,A,2,167,P55899,166,365,IgG receptor FcRn large subunit p51,Homo sapiens,FcRn,Uniprotkb reviewed (swiss-prot),Belongs to the immunoglobulin superfamily,FcRn,MHC-I like,no,no
3JTC,A,1,171,Q9UNN8,171,238,Endothelial protein C receptor,Homo sapiens,EPCR,Uniprotkb reviewed (swiss-prot),,EPCR,MHC-I like,no,no
7MXF,A,1,178,P29017,178,333,T-cell surface glycoprotein CD1c,Homo sapiens,CD1c_chimera,Uniprotkb reviewed (swiss-prot),,CD chimera,MHC-I like chimera,no,yes
7C9V,E,2,170,P55899,169,365,IgG receptor FcRn large subunit p51,Homo sapiens,FcRn,Uniprotkb reviewed (swiss-prot),Belongs to the immunoglobulin superfamily,FcRn,MHC-I like,yes,no
1KCG,C,1,170,Q9BZM4,170,244,UL16-binding protein 3,Homo sapiens,ULBP,Uniprotkb reviewed (swiss-prot),Belongs to the MHC class I family,ULBP,MHC-I like,yes,no
4S0U,C,1,174,Q5VY80,174,246,UL16-binding protein 6,Homo sapiens,ULBP,Uniprotkb reviewed (swiss-prot),Belongs to the MHC class I family,ULBP,MHC-I like,yes,no
7MX4,A,1,178,P29017,178,333,T-cell surface glycoprotein CD1c,Homo sapiens,CD1c_chimera,Uniprotkb reviewed (swiss-prot),,CD chimera,MHC-I like chimera,no,yes
1B3J,A,1,165,Q29983,165,383,MHC class I polypeptide-related sequence A,Homo sapiens,MICA,Uniprotkb reviewed (swiss-prot),Belongs to the MHC class I family.,MIC,MHC-I like,no,no
3U0P,A,1,177,P15813,177,335,Antigen-presenting glycoprotein CD1d,Homo sapiens,CD1d,Uniprotkb reviewed (swiss-prot),,CD1,MHC-I like,no,yes
1XZ0,A,1,176,P06126,176,327,T-cell surface glycoprotein CD1a,Homo sapiens,CD1a,Uniprotkb reviewed (swiss-prot),,CD1,MHC-I like,no,yes
4WW2,C,6,177,P15813,172,335,Antigen-presenting glycoprotein CD1d,Homo sapiens,CD1d,Uniprotkb reviewed (swiss-prot),,CD1,MHC-I like,yes,yes
6V7Z,A,3,179,P15813,177,335,Antigen-presenting glycoprotein CD1d,Homo sapiens,CD1d,Uniprotkb reviewed (swiss-prot),,CD1,MHC-I like,yes,yes
1LQV,A,1,169,Q9UNN8,169,238,Endothelial protein C receptor,Homo sapiens,EPCR,Uniprotkb reviewed (swiss-prot),,EPCR,MHC-I like,no,no
8DV4,A,1,177,P29016,177,333,T-cell surface glycoprotein CD1b,Homo sapiens,CD1b,Uniprotkb reviewed (swiss-prot),,CD1,MHC-I like,no,yes
4LHU,A,4,176,P15813,173,335,Antigen-presenting glycoprotein CD1d,Homo sapiens,CD1d,Uniprotkb reviewed (swiss-prot),,CD1,MHC-I like,yes,yes
8SGM,A,3,176,P15813,174,335,Antigen-presenting glycoprotein CD1d,Homo sapiens,CD1d,Uniprotkb reviewed (swiss-prot),,CD1,MHC-I like,yes,yes
3HUJ,A,1,173,P15813,173,335,Antigen-presenting glycoprotein CD1d,Homo sapiens,CD1d,Uniprotkb reviewed (swiss-prot),,CD1,MHC-I like,yes,yes
6SNY,B,2,167,Q9UNN8,166,238,Endothelial protein C receptor,Homo sapiens,EPCR,Uniprotkb reviewed (swiss-prot),,EPCR,MHC-I like,yes,yes
8DV3,A,6,179,P29016,174,333,T-cell surface glycoprotein CD1b,Homo sapiens,CD1b,Uniprotkb reviewed (swiss-prot),,CD1,MHC-I like,yes,yes
3D2U,A,1,181,P08560,181,368,Glycoprotein UL18,Human cytomegalovirus (strain AD169),UL18,Uniprotkb reviewed (swiss-prot),,UL18,MHC mimetics,no,yes
3VWK,A,2,171,P15813,170,335,Antigen-presenting glycoprotein CD1d,Homo sapiens,CD1d,Uniprotkb reviewed (swiss-prot),,CD1,MHC-I like,yes,yes
7RYO,A,2,176,P06126,175,327,T-cell surface glycoprotein CD1a,Homo sapiens,CD1a,Uniprotkb reviewed (swiss-prot),,CD1,MHC-I like,yes,yes
3TZV,C,2,175,P15813,174,335,Antigen-presenting glycoprotein CD1d,Homo sapiens,CD1d,Uniprotkb reviewed (swiss-prot),,CD1,MHC-I like,yes,yes
1L8J,A,3,168,Q9UNN8,166,238,Endothelial protein C receptor,Homo sapiens,EPCR,Uniprotkb reviewed (swiss-prot),,EPCR,MHC-I like,no,yes
7FI9,C,3,161,Q29983,159,383,MHC class I polypeptide-related sequence A,Homo sapiens,MICA,Uniprotkb reviewed (swiss-prot),Belongs to the MHC class I family.,MIC,MHC-I like,yes,no
7RYN,A,3,173,P06126,171,327,T-cell surface glycoprotein CD1a,Homo sapiens,CD1a,Uniprotkb reviewed (swiss-prot),,CD1,MHC-I like,no,yes
8GLE,A,6,179,P29016,174,333,T-cell surface glycoprotein CD1b,Homo sapiens,CD1b,Uniprotkb reviewed (swiss-prot),,CD1,MHC-I like,no,yes
4MNG,A,1,177,P15813,177,335,Antigen-presenting glycoprotein CD1d,Homo sapiens,CD1d_chimera,Uniprotkb reviewed (swiss-prot),,CD chimera,MHC-I like chimera,yes,yes
7FI6,C,1,165,Q29983,165,383,MHC class I polypeptide-related sequence A,Homo sapiens,MICA,Uniprotkb reviewed (swiss-prot),Belongs to the MHC class I family.,MIC,MHC-I like,yes,no
8GLF,A,6,179,P29016,174,333,T-cell surface glycoprotein CD1b,Homo sapiens,CD1b,Uniprotkb reviewed (swiss-prot),,CD1,MHC-I like,no,yes
7MXH,A,4,179,P29017,176,333,T-cell surface glycoprotein CD1c,Homo sapiens,CD1c_chimera,Uniprotkb reviewed (swiss-prot),,CD chimera,MHC-I like chimera,no,yes
5L2J,A,6,179,P29016,174,333,T-cell surface glycoprotein CD1b,Homo sapiens,CD1b,Uniprotkb reviewed (swiss-prot),,CD1,MHC-I like,no,yes
4EN3,C,2,174,P15813,173,335,Antigen-presenting glycoprotein CD1d,Homo sapiens,CD1d,Uniprotkb reviewed (swiss-prot),,CD1,MHC-I like,yes,yes
7KP1,A,3,171,P06126,169,327,T-cell surface glycoprotein CD1a,Homo sapiens,CD1a,Uniprotkb reviewed (swiss-prot),,CD1,MHC-I like,no,yes
7OKS,A,1,166,Q9UNN8,166,238,Endothelial protein C receptor,Homo sapiens,EPCR,Uniprotkb reviewed (swiss-prot),,EPCR,MHC-I like,no,yes
8SGB,A,3,177,P15813,175,335,Antigen-presenting glycoprotein CD1d,Homo sapiens,CD1d,Uniprotkb reviewed (swiss-prot),,CD1,MHC-I like,yes,yes
6NUX,A,2,167,P06126,166,327,T-cell surface glycoprotein CD1a,Homo sapiens,CD1a,Uniprotkb reviewed (swiss-prot),,CD1,MHC-I like,no,yes
1GZP,A,6,179,P29016,174,333,T-cell surface glycoprotein CD1b,Homo sapiens,CD1b,Uniprotkb reviewed (swiss-prot),,CD1,MHC-I like,no,yes
1HYR,C,2,176,Q29983,175,383,MHC class I polypeptide-related sequence A,Homo sapiens,MICA,Uniprotkb reviewed (swiss-prot),Belongs to the MHC class I family.,MIC,MHC-I like,yes,no
8GLH,A,3,179,P29016,177,333,T-cell surface glycoprotein CD1b,Homo sapiens,CD1b,Uniprotkb reviewed (swiss-prot),,CD1,MHC-I like,no,yes
7FI5,C,1,162,Q29983,162,383,MHC class I polypeptide-related sequence A,Homo sapiens,MICA,Uniprotkb reviewed (swiss-prot),Belongs to the MHC class I family.,MIC,MHC-I like,yes,no
7KP0,A,1,171,P06126,171,327,T-cell surface glycoprotein CD1a,Homo sapiens,CD1a,Uniprotkb reviewed (swiss-prot),,CD1,MHC-I like,no,yes
4X6D,A,2,171,P06126,170,327,T-cell surface glycoprotein CD1a,Homo sapiens,CD1a,Uniprotkb reviewed (swiss-prot),,CD1,MHC-I like,yes,yes
4V3E,B,2,166,Q9UNN8,165,238,Endothelial protein C receptor,Homo sapiens,EPCR,Uniprotkb reviewed (swiss-prot),,EPCR,MHC-I like,yes,yes
5WL1,A,6,179,P29016,174,333,T-cell surface glycoprotein CD1b,Homo sapiens,CD1b,Uniprotkb reviewed (swiss-prot),,CD1,MHC-I like,no,yes
5C9J,A,1,174,P29017,174,333,T-cell surface glycoprotein CD1c,Homo sapiens,CD1c_chimera,Uniprotkb reviewed (swiss-prot),,CD chimera,MHC-I like chimera,no,yes
7OKU,A,3,171,Q9UNN8,169,238,Endothelial protein C receptor,Homo sapiens,EPCR,Uniprotkb reviewed (swiss-prot),,EPCR,MHC-I like,no,yes
7RYM,A,2,171,P06126,170,327,T-cell surface glycoprotein CD1a,Homo sapiens,CD1a,Uniprotkb reviewed (swiss-prot),,CD1,MHC-I like,yes,no
8GLI,A,6,179,P29016,174,333,T-cell surface glycoprotein CD1b,Homo sapiens,CD1b,Uniprotkb reviewed (swiss-prot),,CD1,MHC-I like,no,yes
3T8X,A,3,179,P29016,177,333,T-cell surface glycoprotein CD1b,Homo sapiens,CD1b,Uniprotkb reviewed (swiss-prot),,CD1,MHC-I like,no,yes
6D64,A,6,179,P29016,174,333,T-cell surface glycoprotein CD1b,Homo sapiens,CD1b,Uniprotkb reviewed (swiss-prot),,CD1,MHC-I like,no,yes
7SH4,A,1,169,P06126,169,327,T-cell surface glycoprotein CD1a,Homo sapiens,CD1a,Uniprotkb reviewed (swiss-prot),,CD1,MHC-I like,no,yes
3OV6,A,106,279,P29017,174,333,T-cell surface glycoprotein CD1c,Homo sapiens,CD1c_SC,Uniprotkb reviewed (swiss-prot),,CD SC,MHC-I like SC,no,yes
4V3D,D,1,167,Q9UNN8,167,238,Endothelial protein C receptor,Homo sapiens,EPCR,Uniprotkb reviewed (swiss-prot),,EPCR,MHC-I like,yes,yes
6C09,A,2,173,P29017,172,333,T-cell surface glycoprotein CD1c,Homo sapiens,CD1c,Uniprotkb reviewed (swiss-prot),,CD1,MHC-I like,yes,yes
2PO6,A,3,176,P15813,174,335,Antigen-presenting glycoprotein CD1d,Homo sapiens,CD1d,Uniprotkb reviewed (swiss-prot),,CD1,MHC-I like,yes,yes
8GLG,A,3,178,P29016,176,333,T-cell surface glycoprotein CD1b,Homo sapiens,CD1b,Uniprotkb reviewed (swiss-prot),,CD1,MHC-I like,no,yes
4X6E,A,2,164,P06126,163,327,T-cell surface glycoprotein CD1a,Homo sapiens,CD1a,Uniprotkb reviewed (swiss-prot),,CD1,MHC-I like,no,yes
7OKV,A,2,165,Q9UNN8,164,238,Endothelial protein C receptor,Homo sapiens,EPCR,Uniprotkb reviewed (swiss-prot),,EPCR,MHC-I like,no,yes
7FI7,C,3,165,Q29983,163,383,MHC class I polypeptide-related sequence A,Homo sapiens,MICA,Uniprotkb reviewed (swiss-prot),Belongs to the MHC class I family.,MIC,MHC-I like,yes,no
6CUG,A,4,180,P29016,177,333,T-cell surface glycoprotein CD1b,Homo sapiens,CD1b,Uniprotkb reviewed (swiss-prot),,CD1,MHC-I like,yes,yes
1GZQ,A,4,180,P29016,177,333,T-cell surface glycoprotein CD1b,Homo sapiens,CD1b,Uniprotkb reviewed (swiss-prot),,CD1,MHC-I like,no,yes
7Q5D,A,2,171,Q9UNN8,170,238,Endothelial protein C receptor,Homo sapiens,EPCR,Uniprotkb reviewed (swiss-prot),,EPCR,MHC-I like,no,yes
2H26,A,6,179,P29016,174,333,T-cell surface glycoprotein CD1b,Homo sapiens,CD1b,Uniprotkb reviewed (swiss-prot),,CD1,MHC-I like,no,yes
4WWK,C,2,171,P15813,170,335,Antigen-presenting glycoprotein CD1d,Homo sapiens,CD1d,Uniprotkb reviewed (swiss-prot),,CD1,MHC-I like,yes,yes
5L2K,A,6,179,P29016,174,333,T-cell surface glycoprotein CD1b,Homo sapiens,CD1b,Uniprotkb reviewed (swiss-prot),,CD1,MHC-I like,yes,yes
7OKT,A,2,162,Q9UNN8,161,238,Endothelial protein C receptor,Homo sapiens,EPCR,Uniprotkb reviewed (swiss-prot),,EPCR,MHC-I like,no,yes
3VWJ,A,2,169,P15813,168,335,Antigen-presenting glycoprotein CD1d,Homo sapiens,CD1d,Uniprotkb reviewed (swiss-prot),,CD1,MHC-I like,yes,yes
5J1A,A,2,168,P06126,167,327,T-cell surface glycoprotein CD1a,Homo sapiens,CD1a,Uniprotkb reviewed (swiss-prot),,CD1,MHC-I like,no,yes
5WKE,A,6,179,P29016,174,333,T-cell surface glycoprotein CD1b,Homo sapiens,CD1b,Uniprotkb reviewed (swiss-prot),,CD1,MHC-I like,no,yes
4ONO,A,106,277,P29016,172,333,T-cell surface glycoprotein CD1b,Homo sapiens,CD1c_SC,Uniprotkb reviewed (swiss-prot),,CD SC,MHC-I like SC,no,yes
5WKG,A,6,179,P29016,174,333,T-cell surface glycoprotein CD1b,Homo sapiens,CD1b,Uniprotkb reviewed (swiss-prot),,CD1,MHC-I like,no,yes
1ZT4,A,4,176,P15813,173,335,Antigen-presenting glycoprotein CD1d,Homo sapiens,CD1d,Uniprotkb reviewed (swiss-prot),,CD1,MHC-I like,no,yes
6V80,A,1,177,P15813,177,335,Antigen-presenting glycoprotein CD1d,Homo sapiens,CD1d,Uniprotkb reviewed (swiss-prot),,CD1,MHC-I like,yes,yes
7FI8,C,3,164,Q29983,162,383,MHC class I polypeptide-related sequence A,Homo sapiens,MICA,Uniprotkb reviewed (swiss-prot),Belongs to the MHC class I family.,MIC,MHC-I like,yes,no
4MQ7,A,1,168,P15813,168,335,Antigen-presenting glycoprotein CD1d,Homo sapiens,CD1d_chimera,Uniprotkb reviewed (swiss-prot),,CD chimera,MHC-I like chimera,no,yes
5WKI,A,1,175,P29016,175,333,T-cell surface glycoprotein CD1b,Homo sapiens,CD1b,Uniprotkb reviewed (swiss-prot),,CD1,MHC-I like,yes,yes
8ZOX,A,3,176,P29016,174,333,T-cell surface glycoprotein CD1b,Homo sapiens,CD1b,Uniprotkb reviewed (swiss-prot),,CD1,MHC-I like,yes,yes
7KOZ,A,1,170,P06126,170,327,T-cell surface glycoprotein CD1a,Homo sapiens,CD1a,Uniprotkb reviewed (swiss-prot),,CD1,MHC-I like,no,yes
8C44,C,2,164,Q9UNN8,163,238,Endothelial protein C receptor,Homo sapiens,EPCR,Uniprotkb reviewed (swiss-prot),,EPCR,MHC-I like,yes,yes
1UQS,A,7,180,P29016,174,333,T-cell surface glycoprotein CD1b,Homo sapiens,CD1b,Uniprotkb reviewed (swiss-prot),,CD1,MHC-I like,no,yes
4X6F,A,2,163,P06126,162,327,T-cell surface glycoprotein CD1a,Homo sapiens,CD1a,Uniprotkb reviewed (swiss-prot),,CD1,MHC-I like,no,yes
4X6C,A,2,165,P06126,164,327,T-cell surface glycoprotein CD1a,Homo sapiens,CD1a,Uniprotkb reviewed (swiss-prot),,CD1,MHC-I like,yes,yes
4FFE,X,1,148,Q8QN43,148,171,CPXV018 protein,Cowpox virus (strain Brighton Red),OMCP,Uniprotkb unreviewed (trembl),,OMCP,MHC mimetics,no,no
6C15,A,3,169,P29017,167,333,T-cell surface glycoprotein CD1c,Homo sapiens,CD1c,Uniprotkb reviewed (swiss-prot),,CD1,MHC-I like,no,yes
7XXA,E,2,144,P55899,143,365,IgG receptor FcRn large subunit p51,Homo sapiens,FcRn,Uniprotkb reviewed (swiss-prot),Belongs to the immunoglobulin superfamily,FcRn,MHC-I like,yes,no
4PDC,E,1,148,Q8QN43,148,171,CPXV018 protein,Cowpox virus (strain Brighton Red),OMCP,Uniprotkb unreviewed (trembl),,OMCP,MHC mimetics,yes,no
3IT8,D,2,177,Q9DHW0,176,338,2L protein,Yaba-like disease virus,2L,Uniprotkb unreviewed (trembl),,2L,MHC mimetics,yes,no
3S6C,A,103,269,P15812,167,388,"T-cell surface glycoprotein CD1e, membrane-associated",Homo sapiens,CD1e_SC,Uniprotkb reviewed (swiss-prot),,CD SC,MHC-I like SC,no,no
7NUI,A,-,-,-,-,-,-,Homo sapiens,HLA-B,-,-,HLA Class Ia,Classical MHC-I,yes,yes
8ELG,A,-,-,-,-,-,-,Homo sapiens,HLA-B,-,-,HLA Class Ia,Classical MHC-I,no,yes
8ERX,A,-,-,-,-,-,-,Homo sapiens,HLA-A,-,-,HLA Class Ia,Classical MHC-I,no,yes
8ELH,A,-,-,-,-,-,-,Homo sapiens,HLA-B,-,-,HLA Class Ia,Classical MHC-I,no,yes
5XS3,A,-,-,-,-,-,-,Homo sapiens,HLA-C,-,-,HLA Class Ia,Classical MHC-I,no,yes
