[CONFIG] STEP5
[PATH] INPUT_CIF_DIR=/mnt/c/Users/gio/Documents/foldseek/version_02/filter/step2/pdb/1_assemblies
[PATH] INPUT_CSV=/mnt/c/Users/gio/Documents/foldseek_nefertari/filter/ligands_pipeline/step2_1/functional_annotation/pdb/filtered/pdb_assemblies_filtered.csv
[PATH] MATRIX_DIR=/mnt/c/Users/gio/Documents/foldseek_nefertari/filter/ligands_pipeline/step4/pdb/1_aligned/matrices
[PATH] CONFIGURED_PDB_DIR=/mnt/c/Users/gio/Documents/foldseek_nefertari/filter/ligands_pipeline/step5/pdb/1_mhc_configured

[CSV] rows=1485 primary=1161

[START] STEP5
[PROCESSING] 8RLV
[SAVED] 8RLV: chains=5->5 matrix=8rlv_matrix.txt output=8rlv_mhc_configured.pdb
[PROCESSING] 3X11
[SAVED] 3X11: chains=3->3 matrix=3x11_matrix.txt output=3x11_mhc_configured.pdb
[PROCESSING] 1QSE
[SAVED] 1QSE: chains=5->5 matrix=1qse_matrix.txt output=1qse_mhc_configured.pdb
[PROCESSING] 3BZF
[SAVED] 3BZF: chains=3->3 matrix=3bzf_matrix.txt output=3bzf_mhc_configured.pdb
[PROCESSING] 7P49
[SAVED] 7P49: chains=3->3 matrix=7p49_matrix.txt output=7p49_mhc_configured.pdb
[PROCESSING] 1BD2
[SAVED] 1BD2: chains=5->5 matrix=1bd2_matrix.txt output=1bd2_mhc_configured.pdb
[PROCESSING] 7LFZ
[SAVED] 7LFZ: chains=3->3 matrix=7lfz_matrix.txt output=7lfz_mhc_configured.pdb
[PROCESSING] 5JZI
[SAVED] 5JZI: chains=5->5 matrix=5jzi_matrix.txt output=5jzi_mhc_configured.pdb
[PROCESSING] 7NDT
[FILTERED] 7NDT: removed_far_chains=['FFF', 'GGG', 'HHH', 'III']
[SAVED] 7NDT: chains=10->6 matrix=7ndt_matrix.txt output=7ndt_mhc_configured.pdb
[PROCESSING] 7BH8
[FILTERED] 7BH8: removed_far_chains=['E', 'F', 'Q']
[SAVED] 7BH8: chains=10->7 matrix=7bh8_matrix.txt output=7bh8_mhc_configured.pdb
[PROCESSING] 3X12
[SAVED] 3X12: chains=3->3 matrix=3x12_matrix.txt output=3x12_mhc_configured.pdb
[PROCESSING] 6J1W
[SAVED] 6J1W: chains=3->3 matrix=6j1w_matrix.txt output=6j1w_mhc_configured.pdb
[PROCESSING] 7EJL
[SAVED] 7EJL: chains=3->3 matrix=7ejl_matrix.txt output=7ejl_mhc_configured.pdb
[PROCESSING] 3VXU
[SAVED] 3VXU: chains=5->5 matrix=3vxu_matrix.txt output=3vxu_mhc_configured.pdb
[PROCESSING] 7TUD
[SAVED] 7TUD: chains=4->4 matrix=7tud_matrix.txt output=7tud_mhc_configured.pdb
[PROCESSING] 1P7Q
[SAVED] 1P7Q: chains=4->4 matrix=1p7q_matrix.txt output=1p7q_mhc_configured.pdb
[PROCESSING] 5EO1
[SAVED] 5EO1: chains=3->3 matrix=5eo1_matrix.txt output=5eo1_mhc_configured.pdb
[PROCESSING] 6P27
[SAVED] 6P27: chains=3->3 matrix=6p27_matrix.txt output=6p27_mhc_configured.pdb
[PROCESSING] 3GSN
[SAVED] 3GSN: chains=5->5 matrix=3gsn_matrix.txt output=3gsn_mhc_configured.pdb
[PROCESSING] 1T22
[SAVED] 1T22: chains=3->3 matrix=1t22_matrix.txt output=1t22_mhc_configured.pdb
[PROCESSING] 2D31
[SAVED] 2D31: chains=3->3 matrix=2d31_matrix.txt output=2d31_mhc_configured.pdb
[PROCESSING] 1T1Y
[SAVED] 1T1Y: chains=3->3 matrix=1t1y_matrix.txt output=1t1y_mhc_configured.pdb
[PROCESSING] 3FQU
[SAVED] 3FQU: chains=3->3 matrix=3fqu_matrix.txt output=3fqu_mhc_configured.pdb
[PROCESSING] 7OW6
[SAVED] 7OW6: chains=5->5 matrix=7ow6_matrix.txt output=7ow6_mhc_configured.pdb
[PROCESSING] 7UM2
[SAVED] 7UM2: chains=3->3 matrix=7um2_matrix.txt output=7um2_mhc_configured.pdb
[PROCESSING] 8ZV9
[SAVED] 8ZV9: chains=3->3 matrix=8zv9_matrix.txt output=8zv9_mhc_configured.pdb
[PROCESSING] 5VVP
[SAVED] 5VVP: chains=3->3 matrix=5vvp_matrix.txt output=5vvp_mhc_configured.pdb
[PROCESSING] 6ZKW
[SAVED] 6ZKW: chains=5->5 matrix=6zkw_matrix.txt output=6zkw_mhc_configured.pdb
[PROCESSING] 7LG0
[SAVED] 7LG0: chains=3->3 matrix=7lg0_matrix.txt output=7lg0_mhc_configured.pdb
[PROCESSING] 1HHK
[SAVED] 1HHK: chains=3->3 matrix=1hhk_matrix.txt output=1hhk_mhc_configured.pdb
[PROCESSING] 5XOV
[SAVED] 5XOV: chains=5->5 matrix=5xov_matrix.txt output=5xov_mhc_configured.pdb
[PROCESSING] 1T1Z
[SAVED] 1T1Z: chains=3->3 matrix=1t1z_matrix.txt output=1t1z_mhc_configured.pdb
[PROCESSING] 7ZUC
[SAVED] 7ZUC: chains=3->3 matrix=7zuc_matrix.txt output=7zuc_mhc_configured.pdb
[PROCESSING] 7SIS
[SAVED] 7SIS: chains=3->3 matrix=7sis_matrix.txt output=7sis_mhc_configured.pdb
[PROCESSING] 5TXS
[SAVED] 5TXS: chains=3->3 matrix=5txs_matrix.txt output=5txs_mhc_configured.pdb
[PROCESSING] 5VWD
[SAVED] 5VWD: chains=3->3 matrix=5vwd_matrix.txt output=5vwd_mhc_configured.pdb
[PROCESSING] 6Z9W
[SAVED] 6Z9W: chains=3->3 matrix=6z9w_matrix.txt output=6z9w_mhc_configured.pdb
[PROCESSING] 5WWU
[SAVED] 5WWU: chains=3->3 matrix=5wwu_matrix.txt output=5wwu_mhc_configured.pdb
[PROCESSING] 8YE4
[SAVED] 8YE4: chains=5->5 matrix=8ye4_matrix.txt output=8ye4_mhc_configured.pdb
[PROCESSING] 7NME
[SAVED] 7NME: chains=5->5 matrix=7nme_matrix.txt output=7nme_mhc_configured.pdb
[PROCESSING] 3VXS
[SAVED] 3VXS: chains=5->5 matrix=3vxs_matrix.txt output=3vxs_mhc_configured.pdb
[PROCESSING] 5VWF
[SAVED] 5VWF: chains=3->3 matrix=5vwf_matrix.txt output=5vwf_mhc_configured.pdb
[PROCESSING] 6P23
[SAVED] 6P23: chains=3->3 matrix=6p23_matrix.txt output=6p23_mhc_configured.pdb
[PROCESSING] 4F7P
[SAVED] 4F7P: chains=3->3 matrix=4f7p_matrix.txt output=4f7p_mhc_configured.pdb
[PROCESSING] 5HHQ
[SAVED] 5HHQ: chains=3->3 matrix=5hhq_matrix.txt output=5hhq_mhc_configured.pdb
[PROCESSING] 7BBG
[SAVED] 7BBG: chains=5->5 matrix=7bbg_matrix.txt output=7bbg_mhc_configured.pdb
[PROCESSING] 7RTD
[SAVED] 7RTD: chains=3->3 matrix=7rtd_matrix.txt output=7rtd_mhc_configured.pdb
[PROCESSING] 2ESV
[SAVED] 2ESV: chains=5->5 matrix=2esv_matrix.txt output=2esv_mhc_configured.pdb
[PROCESSING] 4NO0
[SAVED] 4NO0: chains=4->4 matrix=4no0_matrix.txt output=4no0_mhc_configured.pdb
[PROCESSING] 5HGB
[SAVED] 5HGB: chains=3->3 matrix=5hgb_matrix.txt output=5hgb_mhc_configured.pdb
[PROCESSING] 7NMD
[SAVED] 7NMD: chains=3->3 matrix=7nmd_matrix.txt output=7nmd_mhc_configured.pdb
[PROCESSING] 1A9E
[SAVED] 1A9E: chains=3->3 matrix=1a9e_matrix.txt output=1a9e_mhc_configured.pdb
[PROCESSING] 7N6E
[SAVED] 7N6E: chains=5->5 matrix=7n6e_matrix.txt output=7n6e_mhc_configured.pdb
[PROCESSING] 7U1R
[SAVED] 7U1R: chains=3->3 matrix=7u1r_matrix.txt output=7u1r_mhc_configured.pdb
[PROCESSING] 7P4B
[SAVED] 7P4B: chains=3->3 matrix=7p4b_matrix.txt output=7p4b_mhc_configured.pdb
[PROCESSING] 7JYX
[SAVED] 7JYX: chains=3->3 matrix=7jyx_matrix.txt output=7jyx_mhc_configured.pdb
[PROCESSING] 1Q94
[SAVED] 1Q94: chains=3->3 matrix=1q94_matrix.txt output=1q94_mhc_configured.pdb
[PROCESSING] 2F54
[SAVED] 2F54: chains=5->5 matrix=2f54_matrix.txt output=2f54_mhc_configured.pdb
[PROCESSING] 4QOK
[SAVED] 4QOK: chains=5->5 matrix=4qok_matrix.txt output=4qok_mhc_configured.pdb
[PROCESSING] 5XOT
[SAVED] 5XOT: chains=5->5 matrix=5xot_matrix.txt output=5xot_mhc_configured.pdb
[PROCESSING] 1T21
[SAVED] 1T21: chains=3->3 matrix=1t21_matrix.txt output=1t21_mhc_configured.pdb
[PROCESSING] 3RL2
[SAVED] 3RL2: chains=3->3 matrix=3rl2_matrix.txt output=3rl2_mhc_configured.pdb
[PROCESSING] 7TR4
[SAVED] 7TR4: chains=5->5 matrix=7tr4_matrix.txt output=7tr4_mhc_configured.pdb
[PROCESSING] 6MTM
[SAVED] 6MTM: chains=5->5 matrix=6mtm_matrix.txt output=6mtm_mhc_configured.pdb
[PROCESSING] 7MJA
[SAVED] 7MJA: chains=3->3 matrix=7mja_matrix.txt output=7mja_mhc_configured.pdb
[PROCESSING] 3GSW
[SAVED] 3GSW: chains=3->3 matrix=3gsw_matrix.txt output=3gsw_mhc_configured.pdb
[PROCESSING] 1AKJ
[SAVED] 1AKJ: chains=5->5 matrix=1akj_matrix.txt output=1akj_mhc_configured.pdb
[PROCESSING] 1QSF
[SAVED] 1QSF: chains=5->5 matrix=1qsf_matrix.txt output=1qsf_mhc_configured.pdb
[PROCESSING] 5W6A
[SAVED] 5W6A: chains=3->3 matrix=5w6a_matrix.txt output=5w6a_mhc_configured.pdb
[PROCESSING] 3FQT
[SAVED] 3FQT: chains=3->3 matrix=3fqt_matrix.txt output=3fqt_mhc_configured.pdb
[PROCESSING] 4F7M
[SAVED] 4F7M: chains=3->3 matrix=4f7m_matrix.txt output=4f7m_mhc_configured.pdb
[PROCESSING] 1HHH
[SAVED] 1HHH: chains=3->3 matrix=1hhh_matrix.txt output=1hhh_mhc_configured.pdb
[PROCESSING] 1T1X
[SAVED] 1T1X: chains=3->3 matrix=1t1x_matrix.txt output=1t1x_mhc_configured.pdb
[PROCESSING] 8QFY
[SAVED] 8QFY: chains=5->5 matrix=8qfy_matrix.txt output=8qfy_mhc_configured.pdb
[PROCESSING] 7NDQ
[SAVED] 7NDQ: chains=5->5 matrix=7ndq_matrix.txt output=7ndq_mhc_configured.pdb
[PROCESSING] 6W51
[SAVED] 6W51: chains=5->5 matrix=6w51_matrix.txt output=6w51_mhc_configured.pdb
[PROCESSING] 8EN8
[SAVED] 8EN8: chains=5->5 matrix=8en8_matrix.txt output=8en8_mhc_configured.pdb
[PROCESSING] 6J2A
[SAVED] 6J2A: chains=3->3 matrix=6j2a_matrix.txt output=6j2a_mhc_configured.pdb
[PROCESSING] 7S8S
[SAVED] 7S8S: chains=3->3 matrix=7s8s_matrix.txt output=7s8s_mhc_configured.pdb
[PROCESSING] 5WJL
[SAVED] 5WJL: chains=3->3 matrix=5wjl_matrix.txt output=5wjl_mhc_configured.pdb
[PROCESSING] 7S7E
[SAVED] 7S7E: chains=4->4 matrix=7s7e_matrix.txt output=7s7e_mhc_configured.pdb
[PROCESSING] 6UZ1
[SAVED] 6UZ1: chains=5->5 matrix=6uz1_matrix.txt output=6uz1_mhc_configured.pdb
[PROCESSING] 7WJ2
[SAVED] 7WJ2: chains=3->3 matrix=7wj2_matrix.txt output=7wj2_mhc_configured.pdb
[PROCESSING] 3D3V
[SAVED] 3D3V: chains=5->5 matrix=3d3v_matrix.txt output=3d3v_mhc_configured.pdb
[PROCESSING] 7F4W
[SAVED] 7F4W: chains=3->3 matrix=7f4w_matrix.txt output=7f4w_mhc_configured.pdb
[PROCESSING] 3I6L
[SAVED] 3I6L: chains=3->3 matrix=3i6l_matrix.txt output=3i6l_mhc_configured.pdb
[PROCESSING] 1XR9
[SAVED] 1XR9: chains=3->3 matrix=1xr9_matrix.txt output=1xr9_mhc_configured.pdb
[PROCESSING] 2XPG
[SAVED] 2XPG: chains=3->3 matrix=2xpg_matrix.txt output=2xpg_mhc_configured.pdb
[PROCESSING] 3PWP
[SAVED] 3PWP: chains=5->5 matrix=3pwp_matrix.txt output=3pwp_mhc_configured.pdb
[PROCESSING] 6J1V
[SAVED] 6J1V: chains=3->3 matrix=6j1v_matrix.txt output=6j1v_mhc_configured.pdb
[PROCESSING] 3KXF
[SAVED] 3KXF: chains=5->5 matrix=3kxf_matrix.txt output=3kxf_mhc_configured.pdb
[PROCESSING] 1I4F
[SAVED] 1I4F: chains=3->3 matrix=1i4f_matrix.txt output=1i4f_mhc_configured.pdb
[PROCESSING] 8RYO
[SAVED] 8RYO: chains=5->5 matrix=8ryo_matrix.txt output=8ryo_mhc_configured.pdb
[PROCESSING] 6MT3
[SAVED] 6MT3: chains=3->3 matrix=6mt3_matrix.txt output=6mt3_mhc_configured.pdb
[PROCESSING] 3V5K
[SAVED] 3V5K: chains=3->3 matrix=3v5k_matrix.txt output=3v5k_mhc_configured.pdb
[PROCESSING] 6UK2
[SAVED] 6UK2: chains=3->3 matrix=6uk2_matrix.txt output=6uk2_mhc_configured.pdb
[PROCESSING] 7KGO
[SAVED] 7KGO: chains=3->3 matrix=7kgo_matrix.txt output=7kgo_mhc_configured.pdb
[PROCESSING] 7RTR
[SAVED] 7RTR: chains=5->5 matrix=7rtr_matrix.txt output=7rtr_mhc_configured.pdb
[PROCESSING] 3WLB
[SAVED] 3WLB: chains=3->3 matrix=3wlb_matrix.txt output=3wlb_mhc_configured.pdb
[PROCESSING] 8RBV
[SAVED] 8RBV: chains=3->3 matrix=8rbv_matrix.txt output=8rbv_mhc_configured.pdb
[PROCESSING] 6UJ7
[SAVED] 6UJ7: chains=3->3 matrix=6uj7_matrix.txt output=6uj7_mhc_configured.pdb
[PROCESSING] 6GHN
[SAVED] 6GHN: chains=3->3 matrix=6ghn_matrix.txt output=6ghn_mhc_configured.pdb
[PROCESSING] 1T1W
[SAVED] 1T1W: chains=3->3 matrix=1t1w_matrix.txt output=1t1w_mhc_configured.pdb
[PROCESSING] 7JYU
[SAVED] 7JYU: chains=3->3 matrix=7jyu_matrix.txt output=7jyu_mhc_configured.pdb
[PROCESSING] 8XKC
[SAVED] 8XKC: chains=3->3 matrix=8xkc_matrix.txt output=8xkc_mhc_configured.pdb
[PROCESSING] 6VM8
[SAVED] 6VM8: chains=5->5 matrix=6vm8_matrix.txt output=6vm8_mhc_configured.pdb
[PROCESSING] 6ZKZ
[SAVED] 6ZKZ: chains=5->5 matrix=6zkz_matrix.txt output=6zkz_mhc_configured.pdb
[PROCESSING] 4QRR
[SAVED] 4QRR: chains=5->5 matrix=4qrr_matrix.txt output=4qrr_mhc_configured.pdb
[PROCESSING] 3VXP
[SAVED] 3VXP: chains=3->3 matrix=3vxp_matrix.txt output=3vxp_mhc_configured.pdb
[PROCESSING] 5WSH
[SAVED] 5WSH: chains=3->3 matrix=5wsh_matrix.txt output=5wsh_mhc_configured.pdb
[PROCESSING] 5WWJ
[SAVED] 5WWJ: chains=3->3 matrix=5wwj_matrix.txt output=5wwj_mhc_configured.pdb
[PROCESSING] 5VZ5
[SAVED] 5VZ5: chains=3->3 matrix=5vz5_matrix.txt output=5vz5_mhc_configured.pdb
[PROCESSING] 7NUI
[SAVED] 7NUI: chains=3->3 matrix=7nui_matrix.txt output=7nui_mhc_configured.pdb
[PROCESSING] 5HHN
[SAVED] 5HHN: chains=3->3 matrix=5hhn_matrix.txt output=5hhn_mhc_configured.pdb
[PROCESSING] 1S8D
[SAVED] 1S8D: chains=3->3 matrix=1s8d_matrix.txt output=1s8d_mhc_configured.pdb
[PROCESSING] 7RK7
[SAVED] 7RK7: chains=5->5 matrix=7rk7_matrix.txt output=7rk7_mhc_configured.pdb
[PROCESSING] 4JFP
[SAVED] 4JFP: chains=3->3 matrix=4jfp_matrix.txt output=4jfp_mhc_configured.pdb
[PROCESSING] 6ZKY
[SAVED] 6ZKY: chains=5->5 matrix=6zky_matrix.txt output=6zky_mhc_configured.pdb
[PROCESSING] 8I5D
[SAVED] 8I5D: chains=5->5 matrix=8i5d_matrix.txt output=8i5d_mhc_configured.pdb
[PROCESSING] 1DUY
[SAVED] 1DUY: chains=3->3 matrix=1duy_matrix.txt output=1duy_mhc_configured.pdb
[PROCESSING] 3UTT
[SAVED] 3UTT: chains=5->5 matrix=3utt_matrix.txt output=3utt_mhc_configured.pdb
[PROCESSING] 7PBE
[SAVED] 7PBE: chains=5->5 matrix=7pbe_matrix.txt output=7pbe_mhc_configured.pdb
[PROCESSING] 3H9S
[SAVED] 3H9S: chains=5->5 matrix=3h9s_matrix.txt output=3h9s_mhc_configured.pdb
[PROCESSING] 4O2F
[SAVED] 4O2F: chains=3->3 matrix=4o2f_matrix.txt output=4o2f_mhc_configured.pdb
[PROCESSING] 1A9B
[SAVED] 1A9B: chains=3->3 matrix=1a9b_matrix.txt output=1a9b_mhc_configured.pdb
[PROCESSING] 6ZKX
[SAVED] 6ZKX: chains=5->5 matrix=6zkx_matrix.txt output=6zkx_mhc_configured.pdb
[PROCESSING] 1YDP
[SAVED] 1YDP: chains=3->3 matrix=1ydp_matrix.txt output=1ydp_mhc_configured.pdb
[PROCESSING] 7EJM
[SAVED] 7EJM: chains=3->3 matrix=7ejm_matrix.txt output=7ejm_mhc_configured.pdb
[PROCESSING] 3V5D
[SAVED] 3V5D: chains=3->3 matrix=3v5d_matrix.txt output=3v5d_mhc_configured.pdb
[PROCESSING] 3QFJ
[SAVED] 3QFJ: chains=5->5 matrix=3qfj_matrix.txt output=3qfj_mhc_configured.pdb
[PROCESSING] 2NX5
[SAVED] 2NX5: chains=5->5 matrix=2nx5_matrix.txt output=2nx5_mhc_configured.pdb
[PROCESSING] 6ULI
[SAVED] 6ULI: chains=3->3 matrix=6uli_matrix.txt output=6uli_mhc_configured.pdb
[PROCESSING] 7LG2
[SAVED] 7LG2: chains=3->3 matrix=7lg2_matrix.txt output=7lg2_mhc_configured.pdb
[PROCESSING] 1CG9
[SAVED] 1CG9: chains=3->3 matrix=1cg9_matrix.txt output=1cg9_mhc_configured.pdb
[PROCESSING] 6GGM
[SAVED] 6GGM: chains=3->3 matrix=6ggm_matrix.txt output=6ggm_mhc_configured.pdb
[PROCESSING] 5ENW
[SAVED] 5ENW: chains=3->3 matrix=5enw_matrix.txt output=5enw_mhc_configured.pdb
[PROCESSING] 7S8Q
[SAVED] 7S8Q: chains=3->3 matrix=7s8q_matrix.txt output=7s8q_mhc_configured.pdb
[PROCESSING] 3WL9
[SAVED] 3WL9: chains=3->3 matrix=3wl9_matrix.txt output=3wl9_mhc_configured.pdb
[PROCESSING] 1S9Y
[SAVED] 1S9Y: chains=3->3 matrix=1s9y_matrix.txt output=1s9y_mhc_configured.pdb
[PROCESSING] 2CLR
[SAVED] 2CLR: chains=3->3 matrix=2clr_matrix.txt output=2clr_mhc_configured.pdb
[PROCESSING] 5IUE
[SAVED] 5IUE: chains=3->3 matrix=5iue_matrix.txt output=5iue_mhc_configured.pdb
[PROCESSING] 3MGT
[SAVED] 3MGT: chains=3->3 matrix=3mgt_matrix.txt output=3mgt_mhc_configured.pdb
[PROCESSING] 5F9J
[SAVED] 5F9J: chains=3->3 matrix=5f9j_matrix.txt output=5f9j_mhc_configured.pdb
[PROCESSING] 3OX8
[SAVED] 3OX8: chains=3->3 matrix=3ox8_matrix.txt output=3ox8_mhc_configured.pdb
[PROCESSING] 1E27
[SAVED] 1E27: chains=3->3 matrix=1e27_matrix.txt output=1e27_mhc_configured.pdb
[PROCESSING] 3FT2
[SAVED] 3FT2: chains=3->3 matrix=3ft2_matrix.txt output=3ft2_mhc_configured.pdb
[PROCESSING] 3FQW
[SAVED] 3FQW: chains=3->3 matrix=3fqw_matrix.txt output=3fqw_mhc_configured.pdb
[PROCESSING] 1T20
[SAVED] 1T20: chains=3->3 matrix=1t20_matrix.txt output=1t20_mhc_configured.pdb
[PROCESSING] 3C9N
[SAVED] 3C9N: chains=3->3 matrix=3c9n_matrix.txt output=3c9n_mhc_configured.pdb
[PROCESSING] 4WU5
[SAVED] 4WU5: chains=3->3 matrix=4wu5_matrix.txt output=4wu5_mhc_configured.pdb
[PROCESSING] 2BVP
[SAVED] 2BVP: chains=3->3 matrix=2bvp_matrix.txt output=2bvp_mhc_configured.pdb
[PROCESSING] 4NQV
[SAVED] 4NQV: chains=3->3 matrix=4nqv_matrix.txt output=4nqv_mhc_configured.pdb
[PROCESSING] 7KGS
[SAVED] 7KGS: chains=3->3 matrix=7kgs_matrix.txt output=7kgs_mhc_configured.pdb
[PROCESSING] 6AEE
[SAVED] 6AEE: chains=4->4 matrix=6aee_matrix.txt output=6aee_mhc_configured.pdb
[PROCESSING] 6JP3
[SAVED] 6JP3: chains=4->4 matrix=6jp3_matrix.txt output=6jp3_mhc_configured.pdb
[PROCESSING] 5HGA
[SAVED] 5HGA: chains=3->3 matrix=5hga_matrix.txt output=5hga_mhc_configured.pdb
[PROCESSING] 1HHG
[SAVED] 1HHG: chains=3->3 matrix=1hhg_matrix.txt output=1hhg_mhc_configured.pdb
[PROCESSING] 4JFF
[SAVED] 4JFF: chains=5->5 matrix=4jff_matrix.txt output=4jff_mhc_configured.pdb
[PROCESSING] 7N2R
[SAVED] 7N2R: chains=5->5 matrix=7n2r_matrix.txt output=7n2r_mhc_configured.pdb
[PROCESSING] 8ELG
[SAVED] 8ELG: chains=3->3 matrix=8elg_matrix.txt output=8elg_mhc_configured.pdb
[PROCESSING] 5NMK
[SAVED] 5NMK: chains=3->3 matrix=5nmk_matrix.txt output=5nmk_mhc_configured.pdb
[PROCESSING] 1MHE
[FILTERED] 1MHE: removed_far_chains=['D']
[SAVED] 1MHE: chains=6->5 matrix=1mhe_matrix.txt output=1mhe_mhc_configured.pdb
[PROCESSING] 6GH4
[SAVED] 6GH4: chains=3->3 matrix=6gh4_matrix.txt output=6gh4_mhc_configured.pdb
[PROCESSING] 8RYM
[SAVED] 8RYM: chains=5->5 matrix=8rym_matrix.txt output=8rym_mhc_configured.pdb
[PROCESSING] 5D9S
[SAVED] 5D9S: chains=3->3 matrix=5d9s_matrix.txt output=5d9s_mhc_configured.pdb
[PROCESSING] 7LG3
[SAVED] 7LG3: chains=3->3 matrix=7lg3_matrix.txt output=7lg3_mhc_configured.pdb
[PROCESSING] 6MPP
[SAVED] 6MPP: chains=3->3 matrix=6mpp_matrix.txt output=6mpp_mhc_configured.pdb
[PROCESSING] 3VXN
[SAVED] 3VXN: chains=3->3 matrix=3vxn_matrix.txt output=3vxn_mhc_configured.pdb
[PROCESSING] 8RLT
[SAVED] 8RLT: chains=5->5 matrix=8rlt_matrix.txt output=8rlt_mhc_configured.pdb
[PROCESSING] 8ENH
[SAVED] 8ENH: chains=5->5 matrix=8enh_matrix.txt output=8enh_mhc_configured.pdb
[PROCESSING] 7N1B
[SAVED] 7N1B: chains=3->3 matrix=7n1b_matrix.txt output=7n1b_mhc_configured.pdb
[PROCESSING] 8RH6
[FILTERED] 8RH6: removed_far_chains=['D', 'H', 'I']
[SAVED] 8RH6: chains=9->6 matrix=8rh6_matrix.txt output=8rh6_mhc_configured.pdb
[PROCESSING] 7SA2
[SAVED] 7SA2: chains=3->3 matrix=7sa2_matrix.txt output=7sa2_mhc_configured.pdb
[PROCESSING] 5IM7
[SAVED] 5IM7: chains=3->3 matrix=5im7_matrix.txt output=5im7_mhc_configured.pdb
[PROCESSING] 8RNG
[SAVED] 8RNG: chains=3->3 matrix=8rng_matrix.txt output=8rng_mhc_configured.pdb
[PROCESSING] 6D2B
[SAVED] 6D2B: chains=3->3 matrix=6d2b_matrix.txt output=6d2b_mhc_configured.pdb
[PROCESSING] 7S8F
[SAVED] 7S8F: chains=3->3 matrix=7s8f_matrix.txt output=7s8f_mhc_configured.pdb
[PROCESSING] 7KGP
[SAVED] 7KGP: chains=3->3 matrix=7kgp_matrix.txt output=7kgp_mhc_configured.pdb
[PROCESSING] 1EEY
[SAVED] 1EEY: chains=3->3 matrix=1eey_matrix.txt output=1eey_mhc_configured.pdb
[PROCESSING] 2X4N
[SAVED] 2X4N: chains=3->3 matrix=2x4n_matrix.txt output=2x4n_mhc_configured.pdb
[PROCESSING] 7N1E
[SAVED] 7N1E: chains=5->5 matrix=7n1e_matrix.txt output=7n1e_mhc_configured.pdb
[PROCESSING] 5W1V
[SAVED] 5W1V: chains=5->5 matrix=5w1v_matrix.txt output=5w1v_mhc_configured.pdb
[PROCESSING] 8ROP
[SAVED] 8ROP: chains=3->3 matrix=8rop_matrix.txt output=8rop_mhc_configured.pdb
[PROCESSING] 8RHQ
[FILTERED] 8RHQ: removed_far_chains=['F', 'H', 'I']
[SAVED] 8RHQ: chains=9->6 matrix=8rhq_matrix.txt output=8rhq_mhc_configured.pdb
[PROCESSING] 7S79
[SAVED] 7S79: chains=3->3 matrix=7s79_matrix.txt output=7s79_mhc_configured.pdb
[PROCESSING] 6P2S
[SAVED] 6P2S: chains=3->3 matrix=6p2s_matrix.txt output=6p2s_mhc_configured.pdb
[PROCESSING] 4F7T
[SAVED] 4F7T: chains=3->3 matrix=4f7t_matrix.txt output=4f7t_mhc_configured.pdb
[PROCESSING] 5JHD
[SAVED] 5JHD: chains=5->5 matrix=5jhd_matrix.txt output=5jhd_mhc_configured.pdb
[PROCESSING] 7WT4
[SAVED] 7WT4: chains=3->3 matrix=7wt4_matrix.txt output=7wt4_mhc_configured.pdb
[PROCESSING] 1QVO
[SAVED] 1QVO: chains=3->3 matrix=1qvo_matrix.txt output=1qvo_mhc_configured.pdb
[PROCESSING] 1QEW
[SAVED] 1QEW: chains=3->3 matrix=1qew_matrix.txt output=1qew_mhc_configured.pdb
[PROCESSING] 4O2C
[SAVED] 4O2C: chains=3->3 matrix=4o2c_matrix.txt output=4o2c_mhc_configured.pdb
[PROCESSING] 2F53
[SAVED] 2F53: chains=5->5 matrix=2f53_matrix.txt output=2f53_mhc_configured.pdb
[PROCESSING] 7S7F
[SAVED] 7S7F: chains=4->4 matrix=7s7f_matrix.txt output=7s7f_mhc_configured.pdb
[PROCESSING] 7KGQ
[SAVED] 7KGQ: chains=3->3 matrix=7kgq_matrix.txt output=7kgq_mhc_configured.pdb
[PROCESSING] 3O3B
[SAVED] 3O3B: chains=3->3 matrix=3o3b_matrix.txt output=3o3b_mhc_configured.pdb
[PROCESSING] 1S9X
[SAVED] 1S9X: chains=3->3 matrix=1s9x_matrix.txt output=1s9x_mhc_configured.pdb
[PROCESSING] 2UWE
[SAVED] 2UWE: chains=5->5 matrix=2uwe_matrix.txt output=2uwe_mhc_configured.pdb
[PROCESSING] 5HGD
[SAVED] 5HGD: chains=3->3 matrix=5hgd_matrix.txt output=5hgd_mhc_configured.pdb
[PROCESSING] 6VB1
[SAVED] 6VB1: chains=3->3 matrix=6vb1_matrix.txt output=6vb1_mhc_configured.pdb
[PROCESSING] 1LP9
[SAVED] 1LP9: chains=5->5 matrix=1lp9_matrix.txt output=1lp9_mhc_configured.pdb
[PROCESSING] 8RYQ
[SAVED] 8RYQ: chains=5->5 matrix=8ryq_matrix.txt output=8ryq_mhc_configured.pdb
[PROCESSING] 6TDQ
[SAVED] 6TDQ: chains=2->2 matrix=6tdq_matrix.txt output=6tdq_mhc_configured.pdb
[PROCESSING] 7RZD
[SAVED] 7RZD: chains=3->3 matrix=7rzd_matrix.txt output=7rzd_mhc_configured.pdb
[PROCESSING] 3REW
[SAVED] 3REW: chains=3->3 matrix=3rew_matrix.txt output=3rew_mhc_configured.pdb
[PROCESSING] 5ISZ
[SAVED] 5ISZ: chains=5->5 matrix=5isz_matrix.txt output=5isz_mhc_configured.pdb
[PROCESSING] 7WKJ
[SAVED] 7WKJ: chains=3->3 matrix=7wkj_matrix.txt output=7wkj_mhc_configured.pdb
[PROCESSING] 6AVF
[SAVED] 6AVF: chains=5->5 matrix=6avf_matrix.txt output=6avf_mhc_configured.pdb
[PROCESSING] 5WJN
[SAVED] 5WJN: chains=3->3 matrix=5wjn_matrix.txt output=5wjn_mhc_configured.pdb
[PROCESSING] 8RYP
[SAVED] 8RYP: chains=5->5 matrix=8ryp_matrix.txt output=8ryp_mhc_configured.pdb
[PROCESSING] 8XFZ
[SAVED] 8XFZ: chains=3->3 matrix=8xfz_matrix.txt output=8xfz_mhc_configured.pdb
[PROCESSING] 6GL1
[SAVED] 6GL1: chains=3->3 matrix=6gl1_matrix.txt output=6gl1_mhc_configured.pdb
[PROCESSING] 6UZQ
[SAVED] 6UZQ: chains=3->3 matrix=6uzq_matrix.txt output=6uzq_mhc_configured.pdb
[PROCESSING] 1QRN
[SAVED] 1QRN: chains=5->5 matrix=1qrn_matrix.txt output=1qrn_mhc_configured.pdb
[PROCESSING] 6MT4
[SAVED] 6MT4: chains=3->3 matrix=6mt4_matrix.txt output=6mt4_mhc_configured.pdb
[PROCESSING] 5EU3
[SAVED] 5EU3: chains=3->3 matrix=5eu3_matrix.txt output=5eu3_mhc_configured.pdb
[PROCESSING] 5FDW
[SAVED] 5FDW: chains=3->3 matrix=5fdw_matrix.txt output=5fdw_mhc_configured.pdb
[PROCESSING] 8E13
[SAVED] 8E13: chains=3->3 matrix=8e13_matrix.txt output=8e13_mhc_configured.pdb
[PROCESSING] 6TDR
[SAVED] 6TDR: chains=2->2 matrix=6tdr_matrix.txt output=6tdr_mhc_configured.pdb
[PROCESSING] 6UZS
[SAVED] 6UZS: chains=3->3 matrix=6uzs_matrix.txt output=6uzs_mhc_configured.pdb
[PROCESSING] 3FQX
[SAVED] 3FQX: chains=3->3 matrix=3fqx_matrix.txt output=3fqx_mhc_configured.pdb
[PROCESSING] 6VM9
[SAVED] 6VM9: chains=5->5 matrix=6vm9_matrix.txt output=6vm9_mhc_configured.pdb
[PROCESSING] 3FT4
[SAVED] 3FT4: chains=3->3 matrix=3ft4_matrix.txt output=3ft4_mhc_configured.pdb
[PROCESSING] 6AM5
[SAVED] 6AM5: chains=5->5 matrix=6am5_matrix.txt output=6am5_mhc_configured.pdb
[PROCESSING] 8RYN
[SAVED] 8RYN: chains=5->5 matrix=8ryn_matrix.txt output=8ryn_mhc_configured.pdb
[PROCESSING] 8ROO
[SAVED] 8ROO: chains=3->3 matrix=8roo_matrix.txt output=8roo_mhc_configured.pdb
[PROCESSING] 6PAG
[SAVED] 6PAG: chains=4->4 matrix=6pag_matrix.txt output=6pag_mhc_configured.pdb
[PROCESSING] 4NO5
[SAVED] 4NO5: chains=3->3 matrix=4no5_matrix.txt output=4no5_mhc_configured.pdb
[PROCESSING] 5HYJ
[SAVED] 5HYJ: chains=5->5 matrix=5hyj_matrix.txt output=5hyj_mhc_configured.pdb
[PROCESSING] 5W69
[SAVED] 5W69: chains=3->3 matrix=5w69_matrix.txt output=5w69_mhc_configured.pdb
[PROCESSING] 6ID4
[SAVED] 6ID4: chains=5->5 matrix=6id4_matrix.txt output=6id4_mhc_configured.pdb
[PROCESSING] 7MKB
[SAVED] 7MKB: chains=3->3 matrix=7mkb_matrix.txt output=7mkb_mhc_configured.pdb
[PROCESSING] 8EB2
[SAVED] 8EB2: chains=5->5 matrix=8eb2_matrix.txt output=8eb2_mhc_configured.pdb
[PROCESSING] 7NMF
[SAVED] 7NMF: chains=5->5 matrix=7nmf_matrix.txt output=7nmf_mhc_configured.pdb
[PROCESSING] 8DVG
[SAVED] 8DVG: chains=3->3 matrix=8dvg_matrix.txt output=8dvg_mhc_configured.pdb
[PROCESSING] 8GON
[SAVED] 8GON: chains=5->5 matrix=8gon_matrix.txt output=8gon_mhc_configured.pdb
[PROCESSING] 7OW4
[SAVED] 7OW4: chains=3->3 matrix=7ow4_matrix.txt output=7ow4_mhc_configured.pdb
[PROCESSING] 7P3D
[SAVED] 7P3D: chains=3->3 matrix=7p3d_matrix.txt output=7p3d_mhc_configured.pdb
[PROCESSING] 7P3E
[SAVED] 7P3E: chains=3->3 matrix=7p3e_matrix.txt output=7p3e_mhc_configured.pdb
[PROCESSING] 6JOZ
[SAVED] 6JOZ: chains=3->3 matrix=6joz_matrix.txt output=6joz_mhc_configured.pdb
[PROCESSING] 1HSB
[SAVED] 1HSB: chains=3->3 matrix=1hsb_matrix.txt output=1hsb_mhc_configured.pdb
[PROCESSING] 3MGO
[SAVED] 3MGO: chains=3->3 matrix=3mgo_matrix.txt output=3mgo_mhc_configured.pdb
[PROCESSING] 8RLU
[SAVED] 8RLU: chains=5->5 matrix=8rlu_matrix.txt output=8rlu_mhc_configured.pdb
[PROCESSING] 6GH1
[SAVED] 6GH1: chains=3->3 matrix=6gh1_matrix.txt output=6gh1_mhc_configured.pdb
[PROCESSING] 5V5L
[SAVED] 5V5L: chains=3->3 matrix=5v5l_matrix.txt output=5v5l_mhc_configured.pdb
[PROCESSING] 4N8V
[SAVED] 4N8V: chains=4->4 matrix=4n8v_matrix.txt output=4n8v_mhc_configured.pdb
[PROCESSING] 3H9H
[SAVED] 3H9H: chains=3->3 matrix=3h9h_matrix.txt output=3h9h_mhc_configured.pdb
[PROCESSING] 6AMT
[SAVED] 6AMT: chains=3->3 matrix=6amt_matrix.txt output=6amt_mhc_configured.pdb
[PROCESSING] 1I7T
[SAVED] 1I7T: chains=3->3 matrix=1i7t_matrix.txt output=1i7t_mhc_configured.pdb
[PROCESSING] 1HHI
[SAVED] 1HHI: chains=3->3 matrix=1hhi_matrix.txt output=1hhi_mhc_configured.pdb
[PROCESSING] 7S8E
[SAVED] 7S8E: chains=3->3 matrix=7s8e_matrix.txt output=7s8e_mhc_configured.pdb
[PROCESSING] 4JFE
[SAVED] 4JFE: chains=5->5 matrix=4jfe_matrix.txt output=4jfe_mhc_configured.pdb
[PROCESSING] 7PB2
[SAVED] 7PB2: chains=5->5 matrix=7pb2_matrix.txt output=7pb2_mhc_configured.pdb
[PROCESSING] 3NFN
[SAVED] 3NFN: chains=3->3 matrix=3nfn_matrix.txt output=3nfn_mhc_configured.pdb
[PROCESSING] 5HGH
[SAVED] 5HGH: chains=3->3 matrix=5hgh_matrix.txt output=5hgh_mhc_configured.pdb
[PROCESSING] 5T6Y
[SAVED] 5T6Y: chains=3->3 matrix=5t6y_matrix.txt output=5t6y_mhc_configured.pdb
[PROCESSING] 5VUE
[SAVED] 5VUE: chains=3->3 matrix=5vue_matrix.txt output=5vue_mhc_configured.pdb
[PROCESSING] 7MJ7
[SAVED] 7MJ7: chains=3->3 matrix=7mj7_matrix.txt output=7mj7_mhc_configured.pdb
[PROCESSING] 8I5C
[SAVED] 8I5C: chains=5->5 matrix=8i5c_matrix.txt output=8i5c_mhc_configured.pdb
[PROCESSING] 7S7D
[SAVED] 7S7D: chains=3->3 matrix=7s7d_matrix.txt output=7s7d_mhc_configured.pdb
[PROCESSING] 5WKF
[SAVED] 5WKF: chains=5->5 matrix=5wkf_matrix.txt output=5wkf_mhc_configured.pdb
[PROCESSING] 4NQX
[SAVED] 4NQX: chains=3->3 matrix=4nqx_matrix.txt output=4nqx_mhc_configured.pdb
[PROCESSING] 6J29
[SAVED] 6J29: chains=3->3 matrix=6j29_matrix.txt output=6j29_mhc_configured.pdb
[PROCESSING] 4PRN
[SAVED] 4PRN: chains=3->3 matrix=4prn_matrix.txt output=4prn_mhc_configured.pdb
[PROCESSING] 5HHM
[SAVED] 5HHM: chains=5->5 matrix=5hhm_matrix.txt output=5hhm_mhc_configured.pdb
[PROCESSING] 3OXR
[SAVED] 3OXR: chains=3->3 matrix=3oxr_matrix.txt output=3oxr_mhc_configured.pdb
[PROCESSING] 7MJ9
[SAVED] 7MJ9: chains=3->3 matrix=7mj9_matrix.txt output=7mj9_mhc_configured.pdb
[PROCESSING] 6JTP
[SAVED] 6JTP: chains=3->3 matrix=6jtp_matrix.txt output=6jtp_mhc_configured.pdb
[PROCESSING] 5VUF
[SAVED] 5VUF: chains=3->3 matrix=5vuf_matrix.txt output=5vuf_mhc_configured.pdb
[PROCESSING] 5T6X
[SAVED] 5T6X: chains=3->3 matrix=5t6x_matrix.txt output=5t6x_mhc_configured.pdb
[PROCESSING] 5C07
[SAVED] 5C07: chains=5->5 matrix=5c07_matrix.txt output=5c07_mhc_configured.pdb
[PROCESSING] 3GJF
[SAVED] 3GJF: chains=5->5 matrix=3gjf_matrix.txt output=3gjf_mhc_configured.pdb
[PROCESSING] 7LGD
[SAVED] 7LGD: chains=3->3 matrix=7lgd_matrix.txt output=7lgd_mhc_configured.pdb
[PROCESSING] 5BRZ
[SAVED] 5BRZ: chains=5->5 matrix=5brz_matrix.txt output=5brz_mhc_configured.pdb
[PROCESSING] 5C0C
[SAVED] 5C0C: chains=5->5 matrix=5c0c_matrix.txt output=5c0c_mhc_configured.pdb
[PROCESSING] 8ISN
[SAVED] 8ISN: chains=4->4 matrix=8isn_matrix.txt output=8isn_mhc_configured.pdb
[PROCESSING] 3VFN
[SAVED] 3VFN: chains=3->3 matrix=3vfn_matrix.txt output=3vfn_mhc_configured.pdb
[PROCESSING] 7KGT
[SAVED] 7KGT: chains=3->3 matrix=7kgt_matrix.txt output=7kgt_mhc_configured.pdb
[PROCESSING] 3O4L
[SAVED] 3O4L: chains=5->5 matrix=3o4l_matrix.txt output=3o4l_mhc_configured.pdb
[PROCESSING] 5W1W
[SAVED] 5W1W: chains=5->5 matrix=5w1w_matrix.txt output=5w1w_mhc_configured.pdb
[PROCESSING] 2X70
[SAVED] 2X70: chains=3->3 matrix=2x70_matrix.txt output=2x70_mhc_configured.pdb
[PROCESSING] 6Z9X
[SAVED] 6Z9X: chains=3->3 matrix=6z9x_matrix.txt output=6z9x_mhc_configured.pdb
[PROCESSING] 2BVO
[SAVED] 2BVO: chains=3->3 matrix=2bvo_matrix.txt output=2bvo_mhc_configured.pdb
[PROCESSING] 3GSO
[SAVED] 3GSO: chains=3->3 matrix=3gso_matrix.txt output=3gso_mhc_configured.pdb
[PROCESSING] 6P64
[SAVED] 6P64: chains=5->5 matrix=6p64_matrix.txt output=6p64_mhc_configured.pdb
[PROCESSING] 6P2C
[SAVED] 6P2C: chains=3->3 matrix=6p2c_matrix.txt output=6p2c_mhc_configured.pdb
[PROCESSING] 4XXC
[SAVED] 4XXC: chains=3->3 matrix=4xxc_matrix.txt output=4xxc_mhc_configured.pdb
[PROCESSING] 7S8A
[SAVED] 7S8A: chains=3->3 matrix=7s8a_matrix.txt output=7s8a_mhc_configured.pdb
[PROCESSING] 9BL6
[SAVED] 9BL6: chains=4->4 matrix=9bl6_matrix.txt output=9bl6_mhc_configured.pdb
[PROCESSING] 6SSA
[SAVED] 6SSA: chains=3->3 matrix=6ssa_matrix.txt output=6ssa_mhc_configured.pdb
[PROCESSING] 8TBW
[SAVED] 8TBW: chains=3->3 matrix=8tbw_matrix.txt output=8tbw_mhc_configured.pdb
[PROCESSING] 3VFP
[SAVED] 3VFP: chains=3->3 matrix=3vfp_matrix.txt output=3vfp_mhc_configured.pdb
[PROCESSING] 7OW5
[SAVED] 7OW5: chains=5->5 matrix=7ow5_matrix.txt output=7ow5_mhc_configured.pdb
[PROCESSING] 2VLL
[SAVED] 2VLL: chains=3->3 matrix=2vll_matrix.txt output=2vll_mhc_configured.pdb
[PROCESSING] 7JYV
[SAVED] 7JYV: chains=3->3 matrix=7jyv_matrix.txt output=7jyv_mhc_configured.pdb
[PROCESSING] 3MRB
[SAVED] 3MRB: chains=3->3 matrix=3mrb_matrix.txt output=3mrb_mhc_configured.pdb
[PROCESSING] 5SWQ
[SAVED] 5SWQ: chains=3->3 matrix=5swq_matrix.txt output=5swq_mhc_configured.pdb
[PROCESSING] 8RBU
[SAVED] 8RBU: chains=3->3 matrix=8rbu_matrix.txt output=8rbu_mhc_configured.pdb
[PROCESSING] 3PWL
[SAVED] 3PWL: chains=3->3 matrix=3pwl_matrix.txt output=3pwl_mhc_configured.pdb
[PROCESSING] 3X13
[SAVED] 3X13: chains=3->3 matrix=3x13_matrix.txt output=3x13_mhc_configured.pdb
[PROCESSING] 2X4S
[SAVED] 2X4S: chains=3->3 matrix=2x4s_matrix.txt output=2x4s_mhc_configured.pdb
[PROCESSING] 4G8G
[SAVED] 4G8G: chains=5->5 matrix=4g8g_matrix.txt output=4g8g_mhc_configured.pdb
[PROCESSING] 3IXA
[SAVED] 3IXA: chains=3->3 matrix=3ixa_matrix.txt output=3ixa_mhc_configured.pdb
[PROCESSING] 7PBC
[SAVED] 7PBC: chains=5->5 matrix=7pbc_matrix.txt output=7pbc_mhc_configured.pdb
[PROCESSING] 6RP9
[SAVED] 6RP9: chains=5->5 matrix=6rp9_matrix.txt output=6rp9_mhc_configured.pdb
[PROCESSING] 7WJ3
[SAVED] 7WJ3: chains=3->3 matrix=7wj3_matrix.txt output=7wj3_mhc_configured.pdb
[PROCESSING] 7T5M
[SAVED] 7T5M: chains=3->3 matrix=7t5m_matrix.txt output=7t5m_mhc_configured.pdb
[PROCESSING] 3VFU
[SAVED] 3VFU: chains=3->3 matrix=3vfu_matrix.txt output=3vfu_mhc_configured.pdb
[PROCESSING] 6Q3S
[SAVED] 6Q3S: chains=3->3 matrix=6q3s_matrix.txt output=6q3s_mhc_configured.pdb
[PROCESSING] 1A1N
[SAVED] 1A1N: chains=3->3 matrix=1a1n_matrix.txt output=1a1n_mhc_configured.pdb
[PROCESSING] 5HHO
[SAVED] 5HHO: chains=5->5 matrix=5hho_matrix.txt output=5hho_mhc_configured.pdb
[PROCESSING] 4JQV
[SAVED] 4JQV: chains=3->3 matrix=4jqv_matrix.txt output=4jqv_mhc_configured.pdb
[PROCESSING] 6UJ8
[SAVED] 6UJ8: chains=3->3 matrix=6uj8_matrix.txt output=6uj8_mhc_configured.pdb
[PROCESSING] 8F5A
[SAVED] 8F5A: chains=5->5 matrix=8f5a_matrix.txt output=8f5a_mhc_configured.pdb
[PROCESSING] 3LN4
[SAVED] 3LN4: chains=3->3 matrix=3ln4_matrix.txt output=3ln4_mhc_configured.pdb
[PROCESSING] 4MNQ
[SAVED] 4MNQ: chains=5->5 matrix=4mnq_matrix.txt output=4mnq_mhc_configured.pdb
[PROCESSING] 7R7X
[SAVED] 7R7X: chains=3->3 matrix=7r7x_matrix.txt output=7r7x_mhc_configured.pdb
[PROCESSING] 6VB2
[SAVED] 6VB2: chains=3->3 matrix=6vb2_matrix.txt output=6vb2_mhc_configured.pdb
[PROCESSING] 8XG2
[SAVED] 8XG2: chains=3->3 matrix=8xg2_matrix.txt output=8xg2_mhc_configured.pdb
[PROCESSING] 6R2L
[SAVED] 6R2L: chains=5->5 matrix=6r2l_matrix.txt output=6r2l_mhc_configured.pdb
[PROCESSING] 8SBK
[SAVED] 8SBK: chains=3->3 matrix=8sbk_matrix.txt output=8sbk_mhc_configured.pdb
[PROCESSING] 4WUU
[SAVED] 4WUU: chains=5->5 matrix=4wuu_matrix.txt output=4wuu_mhc_configured.pdb
[PROCESSING] 5E00
[SAVED] 5E00: chains=3->3 matrix=5e00_matrix.txt output=5e00_mhc_configured.pdb
[PROCESSING] 5FA4
[SAVED] 5FA4: chains=3->3 matrix=5fa4_matrix.txt output=5fa4_mhc_configured.pdb
[PROCESSING] 8E8I
[SAVED] 8E8I: chains=3->3 matrix=8e8i_matrix.txt output=8e8i_mhc_configured.pdb
[PROCESSING] 6MT6
[SAVED] 6MT6: chains=3->3 matrix=6mt6_matrix.txt output=6mt6_mhc_configured.pdb
[PROCESSING] 3MRQ
[SAVED] 3MRQ: chains=3->3 matrix=3mrq_matrix.txt output=3mrq_mhc_configured.pdb
[PROCESSING] 8TUH
[SAVED] 8TUH: chains=3->3 matrix=8tuh_matrix.txt output=8tuh_mhc_configured.pdb
[PROCESSING] 1W72
[SAVED] 1W72: chains=5->5 matrix=1w72_matrix.txt output=1w72_mhc_configured.pdb
[PROCESSING] 6G3J
[SAVED] 6G3J: chains=3->3 matrix=6g3j_matrix.txt output=6g3j_mhc_configured.pdb
[PROCESSING] 8SHI
[SAVED] 8SHI: chains=5->5 matrix=8shi_matrix.txt output=8shi_mhc_configured.pdb
[PROCESSING] 6O4Z
[SAVED] 6O4Z: chains=3->3 matrix=6o4z_matrix.txt output=6o4z_mhc_configured.pdb
[PROCESSING] 2VLK
[SAVED] 2VLK: chains=5->5 matrix=2vlk_matrix.txt output=2vlk_mhc_configured.pdb
[PROCESSING] 2P5E
[SAVED] 2P5E: chains=5->5 matrix=2p5e_matrix.txt output=2p5e_mhc_configured.pdb
[PROCESSING] 4O2E
[SAVED] 4O2E: chains=3->3 matrix=4o2e_matrix.txt output=4o2e_mhc_configured.pdb
[PROCESSING] 7LGT
[SAVED] 7LGT: chains=3->3 matrix=7lgt_matrix.txt output=7lgt_mhc_configured.pdb
[PROCESSING] 6O4Y
[SAVED] 6O4Y: chains=3->3 matrix=6o4y_matrix.txt output=6o4y_mhc_configured.pdb
[PROCESSING] 3PWN
[SAVED] 3PWN: chains=3->3 matrix=3pwn_matrix.txt output=3pwn_mhc_configured.pdb
[PROCESSING] 4LCY
[SAVED] 4LCY: chains=1->1 matrix=4lcy_matrix.txt output=4lcy_mhc_configured.pdb
[PROCESSING] 6PTE
[SAVED] 6PTE: chains=3->3 matrix=6pte_matrix.txt output=6pte_mhc_configured.pdb
[PROCESSING] 5C08
[SAVED] 5C08: chains=5->5 matrix=5c08_matrix.txt output=5c08_mhc_configured.pdb
[PROCESSING] 5E9D
[SAVED] 5E9D: chains=5->5 matrix=5e9d_matrix.txt output=5e9d_mhc_configured.pdb
[PROCESSING] 5HHP
[SAVED] 5HHP: chains=3->3 matrix=5hhp_matrix.txt output=5hhp_mhc_configured.pdb
[PROCESSING] 2GJ6
[SAVED] 2GJ6: chains=5->5 matrix=2gj6_matrix.txt output=2gj6_mhc_configured.pdb
[PROCESSING] 3MRM
[SAVED] 3MRM: chains=3->3 matrix=3mrm_matrix.txt output=3mrm_mhc_configured.pdb
[PROCESSING] 6RSY
[SAVED] 6RSY: chains=5->5 matrix=6rsy_matrix.txt output=6rsy_mhc_configured.pdb
[PROCESSING] 6TRO
[SAVED] 6TRO: chains=5->5 matrix=6tro_matrix.txt output=6tro_mhc_configured.pdb
[PROCESSING] 8XES
[SAVED] 8XES: chains=3->3 matrix=8xes_matrix.txt output=8xes_mhc_configured.pdb
[PROCESSING] 4PRA
[SAVED] 4PRA: chains=3->3 matrix=4pra_matrix.txt output=4pra_mhc_configured.pdb
[PROCESSING] 8FU4
[SAVED] 8FU4: chains=3->3 matrix=8fu4_matrix.txt output=8fu4_mhc_configured.pdb
[PROCESSING] 6BXP
[SAVED] 6BXP: chains=3->3 matrix=6bxp_matrix.txt output=6bxp_mhc_configured.pdb
[PROCESSING] 3HPJ
[SAVED] 3HPJ: chains=3->3 matrix=3hpj_matrix.txt output=3hpj_mhc_configured.pdb
[PROCESSING] 2DYP
[SAVED] 2DYP: chains=4->4 matrix=2dyp_matrix.txt output=2dyp_mhc_configured.pdb
[PROCESSING] 3O3E
[SAVED] 3O3E: chains=3->3 matrix=3o3e_matrix.txt output=3o3e_mhc_configured.pdb
[PROCESSING] 3V5H
[SAVED] 3V5H: chains=3->3 matrix=3v5h_matrix.txt output=3v5h_mhc_configured.pdb
[PROCESSING] 5WKH
[SAVED] 5WKH: chains=5->5 matrix=5wkh_matrix.txt output=5wkh_mhc_configured.pdb
[PROCESSING] 3SJV
[SAVED] 3SJV: chains=5->5 matrix=3sjv_matrix.txt output=3sjv_mhc_configured.pdb
[PROCESSING] 3BXN
[SAVED] 3BXN: chains=3->3 matrix=3bxn_matrix.txt output=3bxn_mhc_configured.pdb
[PROCESSING] 6O9C
[SAVED] 6O9C: chains=3->3 matrix=6o9c_matrix.txt output=6o9c_mhc_configured.pdb
[PROCESSING] 3BH8
[SAVED] 3BH8: chains=3->3 matrix=3bh8_matrix.txt output=3bh8_mhc_configured.pdb
[PROCESSING] 8I5E
[SAVED] 8I5E: chains=3->3 matrix=8i5e_matrix.txt output=8i5e_mhc_configured.pdb
[PROCESSING] 3VRJ
[SAVED] 3VRJ: chains=3->3 matrix=3vrj_matrix.txt output=3vrj_mhc_configured.pdb
[PROCESSING] 5WMP
[SAVED] 5WMP: chains=3->3 matrix=5wmp_matrix.txt output=5wmp_mhc_configured.pdb
[PROCESSING] 1I1F
[SAVED] 1I1F: chains=3->3 matrix=1i1f_matrix.txt output=1i1f_mhc_configured.pdb
[PROCESSING] 6TRN
[SAVED] 6TRN: chains=3->3 matrix=6trn_matrix.txt output=6trn_mhc_configured.pdb
[PROCESSING] 3VFV
[SAVED] 3VFV: chains=3->3 matrix=3vfv_matrix.txt output=3vfv_mhc_configured.pdb
[PROCESSING] 8TBV
[SAVED] 8TBV: chains=3->3 matrix=8tbv_matrix.txt output=8tbv_mhc_configured.pdb
[PROCESSING] 6SS9
[SAVED] 6SS9: chains=3->3 matrix=6ss9_matrix.txt output=6ss9_mhc_configured.pdb
[PROCESSING] 8U9G
[SAVED] 8U9G: chains=3->3 matrix=8u9g_matrix.txt output=8u9g_mhc_configured.pdb
[PROCESSING] 5MEN
[SAVED] 5MEN: chains=5->5 matrix=5men_matrix.txt output=5men_mhc_configured.pdb
[PROCESSING] 5WMN
[SAVED] 5WMN: chains=3->3 matrix=5wmn_matrix.txt output=5wmn_mhc_configured.pdb
[PROCESSING] 7WT5
[SAVED] 7WT5: chains=3->3 matrix=7wt5_matrix.txt output=7wt5_mhc_configured.pdb
[PROCESSING] 3D39
[SAVED] 3D39: chains=5->5 matrix=3d39_matrix.txt output=3d39_mhc_configured.pdb
[PROCESSING] 7L1C
[SAVED] 7L1C: chains=3->3 matrix=7l1c_matrix.txt output=7l1c_mhc_configured.pdb
[PROCESSING] 5IRO
[SAVED] 5IRO: chains=4->4 matrix=5iro_matrix.txt output=5iro_mhc_configured.pdb
[PROCESSING] 6V2P
[SAVED] 6V2P: chains=3->3 matrix=6v2p_matrix.txt output=6v2p_mhc_configured.pdb
[PROCESSING] 1S9W
[SAVED] 1S9W: chains=3->3 matrix=1s9w_matrix.txt output=1s9w_mhc_configured.pdb
[PROCESSING] 5N6B
[SAVED] 5N6B: chains=3->3 matrix=5n6b_matrix.txt output=5n6b_mhc_configured.pdb
[PROCESSING] 6VMA
[SAVED] 6VMA: chains=5->5 matrix=6vma_matrix.txt output=6vma_mhc_configured.pdb
[PROCESSING] 7WZZ
[SAVED] 7WZZ: chains=3->3 matrix=7wzz_matrix.txt output=7wzz_mhc_configured.pdb
[PROCESSING] 3LN5
[SAVED] 3LN5: chains=3->3 matrix=3ln5_matrix.txt output=3ln5_mhc_configured.pdb
[PROCESSING] 3GSX
[SAVED] 3GSX: chains=3->3 matrix=3gsx_matrix.txt output=3gsx_mhc_configured.pdb
[PROCESSING] 8EO8
[SAVED] 8EO8: chains=5->5 matrix=8eo8_matrix.txt output=8eo8_mhc_configured.pdb
[PROCESSING] 5V5M
[SAVED] 5V5M: chains=3->3 matrix=5v5m_matrix.txt output=5v5m_mhc_configured.pdb
[PROCESSING] 8EMG
[SAVED] 8EMG: chains=3->3 matrix=8emg_matrix.txt output=8emg_mhc_configured.pdb
[PROCESSING] 7RM4
[SAVED] 7RM4: chains=5->5 matrix=7rm4_matrix.txt output=7rm4_mhc_configured.pdb
[PROCESSING] 7RRG
[SAVED] 7RRG: chains=5->5 matrix=7rrg_matrix.txt output=7rrg_mhc_configured.pdb
[PROCESSING] 2AV1
[SAVED] 2AV1: chains=3->3 matrix=2av1_matrix.txt output=2av1_mhc_configured.pdb
[PROCESSING] 7DZN
[SAVED] 7DZN: chains=5->5 matrix=7dzn_matrix.txt output=7dzn_mhc_configured.pdb
[PROCESSING] 4U6Y
[SAVED] 4U6Y: chains=3->3 matrix=4u6y_matrix.txt output=4u6y_mhc_configured.pdb
[PROCESSING] 7SRK
[SAVED] 7SRK: chains=2->2 matrix=7srk_matrix.txt output=7srk_mhc_configured.pdb
[PROCESSING] 5C0B
[SAVED] 5C0B: chains=5->5 matrix=5c0b_matrix.txt output=5c0b_mhc_configured.pdb
[PROCESSING] 8ERX
[SAVED] 8ERX: chains=3->3 matrix=8erx_matrix.txt output=8erx_mhc_configured.pdb
[PROCESSING] 8ES9
[FILTERED] 8ES9: removed_far_chains=['D', 'E', 'F', 'G', 'H', 'L', 'T', 'Y', 'Z']
[SAVED] 8ES9: chains=14->5 matrix=8es9_matrix.txt output=8es9_mhc_configured.pdb
[PROCESSING] 6VB0
[SAVED] 6VB0: chains=3->3 matrix=6vb0_matrix.txt output=6vb0_mhc_configured.pdb
[PROCESSING] 8E2Z
[SAVED] 8E2Z: chains=3->3 matrix=8e2z_matrix.txt output=8e2z_mhc_configured.pdb
[PROCESSING] 4U1I
[SAVED] 4U1I: chains=3->3 matrix=4u1i_matrix.txt output=4u1i_mhc_configured.pdb
[PROCESSING] 2GUO
[SAVED] 2GUO: chains=3->3 matrix=2guo_matrix.txt output=2guo_mhc_configured.pdb
[PROCESSING] 3L3K
[SAVED] 3L3K: chains=3->3 matrix=3l3k_matrix.txt output=3l3k_mhc_configured.pdb
[PROCESSING] 3UTS
[SAVED] 3UTS: chains=5->5 matrix=3uts_matrix.txt output=3uts_mhc_configured.pdb
[PROCESSING] 9BL5
[SAVED] 9BL5: chains=4->4 matrix=9bl5_matrix.txt output=9bl5_mhc_configured.pdb
[PROCESSING] 4UQ3
[SAVED] 4UQ3: chains=3->3 matrix=4uq3_matrix.txt output=4uq3_mhc_configured.pdb
[PROCESSING] 5WXC
[SAVED] 5WXC: chains=3->3 matrix=5wxc_matrix.txt output=5wxc_mhc_configured.pdb
[PROCESSING] 5T6W
[SAVED] 5T6W: chains=3->3 matrix=5t6w_matrix.txt output=5t6w_mhc_configured.pdb
[PROCESSING] 6JTN
[SAVED] 6JTN: chains=3->3 matrix=6jtn_matrix.txt output=6jtn_mhc_configured.pdb
[PROCESSING] 1OGA
[SAVED] 1OGA: chains=5->5 matrix=1oga_matrix.txt output=1oga_mhc_configured.pdb
[PROCESSING] 6D2T
[SAVED] 6D2T: chains=3->3 matrix=6d2t_matrix.txt output=6d2t_mhc_configured.pdb
[PROCESSING] 6PBH
[SAVED] 6PBH: chains=3->3 matrix=6pbh_matrix.txt output=6pbh_mhc_configured.pdb
[PROCESSING] 5IEH
[SAVED] 5IEH: chains=3->3 matrix=5ieh_matrix.txt output=5ieh_mhc_configured.pdb
[PROCESSING] 1B0G
[SAVED] 1B0G: chains=3->3 matrix=1b0g_matrix.txt output=1b0g_mhc_configured.pdb
[PROCESSING] 7RZJ
[FILTERED] 7RZJ: removed_far_chains=['C-2']
[SAVED] 7RZJ: chains=4->3 matrix=7rzj_matrix.txt output=7rzj_mhc_configured.pdb
[PROCESSING] 6MTL
[SAVED] 6MTL: chains=3->3 matrix=6mtl_matrix.txt output=6mtl_mhc_configured.pdb
[PROCESSING] 3MR9
[SAVED] 3MR9: chains=3->3 matrix=3mr9_matrix.txt output=3mr9_mhc_configured.pdb
[PROCESSING] 1B0R
[SAVED] 1B0R: chains=3->3 matrix=1b0r_matrix.txt output=1b0r_mhc_configured.pdb
[PROCESSING] 3GSQ
[SAVED] 3GSQ: chains=3->3 matrix=3gsq_matrix.txt output=3gsq_mhc_configured.pdb
[PROCESSING] 2GTW
[SAVED] 2GTW: chains=3->3 matrix=2gtw_matrix.txt output=2gtw_mhc_configured.pdb
[PROCESSING] 3MRC
[SAVED] 3MRC: chains=3->3 matrix=3mrc_matrix.txt output=3mrc_mhc_configured.pdb
[PROCESSING] 3HCV
[SAVED] 3HCV: chains=3->3 matrix=3hcv_matrix.txt output=3hcv_mhc_configured.pdb
[PROCESSING] 6EWC
[SAVED] 6EWC: chains=4->4 matrix=6ewc_matrix.txt output=6ewc_mhc_configured.pdb
[PROCESSING] 1AGF
[SAVED] 1AGF: chains=3->3 matrix=1agf_matrix.txt output=1agf_mhc_configured.pdb
[PROCESSING] 4JRX
[SAVED] 4JRX: chains=5->5 matrix=4jrx_matrix.txt output=4jrx_mhc_configured.pdb
[PROCESSING] 8ES8
[FILTERED] 8ES8: removed_far_chains=['C', 'D', 'E', 'F', 'G', 'J', 'Q', 'T', 'U', 'V', 'Y', 'Z']
[SAVED] 8ES8: chains=17->5 matrix=8es8_matrix.txt output=8es8_mhc_configured.pdb
[PROCESSING] 3I6G
[SAVED] 3I6G: chains=3->3 matrix=3i6g_matrix.txt output=3i6g_mhc_configured.pdb
[PROCESSING] 4L29
[SAVED] 4L29: chains=3->3 matrix=4l29_matrix.txt output=4l29_mhc_configured.pdb
[PROCESSING] 6BJ2
[FILTERED] 6BJ2: removed_far_chains=['F']
[SAVED] 6BJ2: chains=6->5 matrix=6bj2_matrix.txt output=6bj2_mhc_configured.pdb
[PROCESSING] 7WT3
[SAVED] 7WT3: chains=3->3 matrix=7wt3_matrix.txt output=7wt3_mhc_configured.pdb
[PROCESSING] 4I4W
[SAVED] 4I4W: chains=3->3 matrix=4i4w_matrix.txt output=4i4w_mhc_configured.pdb
[PROCESSING] 7NDU
[SAVED] 7NDU: chains=5->5 matrix=7ndu_matrix.txt output=7ndu_mhc_configured.pdb
[PROCESSING] 5EU4
[SAVED] 5EU4: chains=3->3 matrix=5eu4_matrix.txt output=5eu4_mhc_configured.pdb
[PROCESSING] 6VB7
[SAVED] 6VB7: chains=3->3 matrix=6vb7_matrix.txt output=6vb7_mhc_configured.pdb
[PROCESSING] 3KPO
[SAVED] 3KPO: chains=3->3 matrix=3kpo_matrix.txt output=3kpo_mhc_configured.pdb
[PROCESSING] 3PWJ
[SAVED] 3PWJ: chains=3->3 matrix=3pwj_matrix.txt output=3pwj_mhc_configured.pdb
[PROCESSING] 7N6D
[SAVED] 7N6D: chains=3->3 matrix=7n6d_matrix.txt output=7n6d_mhc_configured.pdb
[PROCESSING] 4E5X
[SAVED] 4E5X: chains=4->4 matrix=4e5x_matrix.txt output=4e5x_mhc_configured.pdb
[PROCESSING] 5C09
[SAVED] 5C09: chains=5->5 matrix=5c09_matrix.txt output=5c09_mhc_configured.pdb
[PROCESSING] 1AGD
[SAVED] 1AGD: chains=3->3 matrix=1agd_matrix.txt output=1agd_mhc_configured.pdb
[PROCESSING] 7KGR
[SAVED] 7KGR: chains=3->3 matrix=7kgr_matrix.txt output=7kgr_mhc_configured.pdb
[PROCESSING] 1AO7
[SAVED] 1AO7: chains=5->5 matrix=1ao7_matrix.txt output=1ao7_mhc_configured.pdb
[PROCESSING] 7SIH
[SAVED] 7SIH: chains=3->3 matrix=7sih_matrix.txt output=7sih_mhc_configured.pdb
[PROCESSING] 3GSR
[SAVED] 3GSR: chains=3->3 matrix=3gsr_matrix.txt output=3gsr_mhc_configured.pdb
[PROCESSING] 3H7B
[SAVED] 3H7B: chains=3->3 matrix=3h7b_matrix.txt output=3h7b_mhc_configured.pdb
[PROCESSING] 7Q98
[SAVED] 7Q98: chains=3->3 matrix=7q98_matrix.txt output=7q98_mhc_configured.pdb
[PROCESSING] 1TVH
[SAVED] 1TVH: chains=3->3 matrix=1tvh_matrix.txt output=1tvh_mhc_configured.pdb
[PROCESSING] 3GSU
[SAVED] 3GSU: chains=3->3 matrix=3gsu_matrix.txt output=3gsu_mhc_configured.pdb
[PROCESSING] 3BZE
[SAVED] 3BZE: chains=3->3 matrix=3bze_matrix.txt output=3bze_mhc_configured.pdb
[PROCESSING] 7EJN
[SAVED] 7EJN: chains=3->3 matrix=7ejn_matrix.txt output=7ejn_mhc_configured.pdb
[PROCESSING] 8RJI
[SAVED] 8RJI: chains=3->3 matrix=8rji_matrix.txt output=8rji_mhc_configured.pdb
[PROCESSING] 3MRJ
[SAVED] 3MRJ: chains=3->3 matrix=3mrj_matrix.txt output=3mrj_mhc_configured.pdb
[PROCESSING] 2J8U
[SAVED] 2J8U: chains=5->5 matrix=2j8u_matrix.txt output=2j8u_mhc_configured.pdb
[PROCESSING] 4FTV
[SAVED] 4FTV: chains=5->5 matrix=4ftv_matrix.txt output=4ftv_mhc_configured.pdb
[PROCESSING] 3HAE
[SAVED] 3HAE: chains=5->5 matrix=3hae_matrix.txt output=3hae_mhc_configured.pdb
[PROCESSING] 6UZN
[SAVED] 6UZN: chains=3->3 matrix=6uzn_matrix.txt output=6uzn_mhc_configured.pdb
[PROCESSING] 1QR1
[SAVED] 1QR1: chains=3->3 matrix=1qr1_matrix.txt output=1qr1_mhc_configured.pdb
[PROCESSING] 6V3J
[SAVED] 6V3J: chains=4->4 matrix=6v3j_matrix.txt output=6v3j_mhc_configured.pdb
[PROCESSING] 5NMF
[SAVED] 5NMF: chains=5->5 matrix=5nmf_matrix.txt output=5nmf_mhc_configured.pdb
[PROCESSING] 7Q9A
[SAVED] 7Q9A: chains=5->5 matrix=7q9a_matrix.txt output=7q9a_mhc_configured.pdb
[PROCESSING] 7JYW
[SAVED] 7JYW: chains=3->3 matrix=7jyw_matrix.txt output=7jyw_mhc_configured.pdb
[PROCESSING] 2AV7
[SAVED] 2AV7: chains=3->3 matrix=2av7_matrix.txt output=2av7_mhc_configured.pdb
[PROCESSING] 6PYV
[SAVED] 6PYV: chains=3->3 matrix=6pyv_matrix.txt output=6pyv_mhc_configured.pdb
[PROCESSING] 7N1F
[SAVED] 7N1F: chains=5->5 matrix=7n1f_matrix.txt output=7n1f_mhc_configured.pdb
[PROCESSING] 6VM7
[SAVED] 6VM7: chains=5->5 matrix=6vm7_matrix.txt output=6vm7_mhc_configured.pdb
[PROCESSING] 8EMK
[SAVED] 8EMK: chains=3->3 matrix=8emk_matrix.txt output=8emk_mhc_configured.pdb
[PROCESSING] 6D2R
[SAVED] 6D2R: chains=3->3 matrix=6d2r_matrix.txt output=6d2r_mhc_configured.pdb
[PROCESSING] 7U21
[SAVED] 7U21: chains=3->3 matrix=7u21_matrix.txt output=7u21_mhc_configured.pdb
[PROCESSING] 6TDP
[SAVED] 6TDP: chains=2->2 matrix=6tdp_matrix.txt output=6tdp_mhc_configured.pdb
[PROCESSING] 5DDH
[SAVED] 5DDH: chains=3->3 matrix=5ddh_matrix.txt output=5ddh_mhc_configured.pdb
[PROCESSING] 7M8T
[SAVED] 7M8T: chains=3->3 matrix=7m8t_matrix.txt output=7m8t_mhc_configured.pdb
[PROCESSING] 3VFS
[SAVED] 3VFS: chains=3->3 matrix=3vfs_matrix.txt output=3vfs_mhc_configured.pdb
[PROCESSING] 3VRI
[SAVED] 3VRI: chains=3->3 matrix=3vri_matrix.txt output=3vri_mhc_configured.pdb
[PROCESSING] 6Z9V
[SAVED] 6Z9V: chains=3->3 matrix=6z9v_matrix.txt output=6z9v_mhc_configured.pdb
[PROCESSING] 4U1L
[SAVED] 4U1L: chains=3->3 matrix=4u1l_matrix.txt output=4u1l_mhc_configured.pdb
[PROCESSING] 7NMG
[SAVED] 7NMG: chains=5->5 matrix=7nmg_matrix.txt output=7nmg_mhc_configured.pdb
[PROCESSING] 2BCK
[SAVED] 2BCK: chains=3->3 matrix=2bck_matrix.txt output=2bck_mhc_configured.pdb
[PROCESSING] 2RFX
[SAVED] 2RFX: chains=3->3 matrix=2rfx_matrix.txt output=2rfx_mhc_configured.pdb
[PROCESSING] 6UJ9
[SAVED] 6UJ9: chains=5->5 matrix=6uj9_matrix.txt output=6uj9_mhc_configured.pdb
[PROCESSING] 8EK5
[SAVED] 8EK5: chains=4->4 matrix=8ek5_matrix.txt output=8ek5_mhc_configured.pdb
[PROCESSING] 2BNR
[SAVED] 2BNR: chains=5->5 matrix=2bnr_matrix.txt output=2bnr_mhc_configured.pdb
[PROCESSING] 1AGE
[SAVED] 1AGE: chains=3->3 matrix=1age_matrix.txt output=1age_mhc_configured.pdb
[PROCESSING] 7QPJ
[SAVED] 7QPJ: chains=5->5 matrix=7qpj_matrix.txt output=7qpj_mhc_configured.pdb
[PROCESSING] 5EUO
[SAVED] 5EUO: chains=5->5 matrix=5euo_matrix.txt output=5euo_mhc_configured.pdb
[PROCESSING] 3FT3
[SAVED] 3FT3: chains=3->3 matrix=3ft3_matrix.txt output=3ft3_mhc_configured.pdb
[PROCESSING] 3MRH
[SAVED] 3MRH: chains=3->3 matrix=3mrh_matrix.txt output=3mrh_mhc_configured.pdb
[PROCESSING] 7Q9B
[FILTERED] 7Q9B: removed_far_chains=['FFF', 'GGG', 'HHH', 'III', 'JJJ']
[SAVED] 7Q9B: chains=10->5 matrix=7q9b_matrix.txt output=7q9b_mhc_configured.pdb
[PROCESSING] 5N1Y
[SAVED] 5N1Y: chains=3->3 matrix=5n1y_matrix.txt output=5n1y_mhc_configured.pdb
[PROCESSING] 6UJO
[SAVED] 6UJO: chains=3->3 matrix=6ujo_matrix.txt output=6ujo_mhc_configured.pdb
[PROCESSING] 4GKS
[SAVED] 4GKS: chains=3->3 matrix=4gks_matrix.txt output=4gks_mhc_configured.pdb
[PROCESSING] 6VB6
[SAVED] 6VB6: chains=3->3 matrix=6vb6_matrix.txt output=6vb6_mhc_configured.pdb
[PROCESSING] 3L3J
[SAVED] 3L3J: chains=3->3 matrix=3l3j_matrix.txt output=3l3j_mhc_configured.pdb
[PROCESSING] 7SR5
[SAVED] 7SR5: chains=2->2 matrix=7sr5_matrix.txt output=7sr5_mhc_configured.pdb
[PROCESSING] 5EOT
[SAVED] 5EOT: chains=3->3 matrix=5eot_matrix.txt output=5eot_mhc_configured.pdb
[PROCESSING] 7SIF
[SAVED] 7SIF: chains=3->3 matrix=7sif_matrix.txt output=7sif_mhc_configured.pdb
[PROCESSING] 5MEP
[SAVED] 5MEP: chains=3->3 matrix=5mep_matrix.txt output=5mep_mhc_configured.pdb
[PROCESSING] 4QRS
[SAVED] 4QRS: chains=3->3 matrix=4qrs_matrix.txt output=4qrs_mhc_configured.pdb
[PROCESSING] 6IEX
[SAVED] 6IEX: chains=3->3 matrix=6iex_matrix.txt output=6iex_mhc_configured.pdb
[PROCESSING] 3KYN
[SAVED] 3KYN: chains=3->3 matrix=3kyn_matrix.txt output=3kyn_mhc_configured.pdb
[PROCESSING] 4HWZ
[SAVED] 4HWZ: chains=3->3 matrix=4hwz_matrix.txt output=4hwz_mhc_configured.pdb
[PROCESSING] 7MJ8
[SAVED] 7MJ8: chains=3->3 matrix=7mj8_matrix.txt output=7mj8_mhc_configured.pdb
[PROCESSING] 3BHB
[SAVED] 3BHB: chains=3->3 matrix=3bhb_matrix.txt output=3bhb_mhc_configured.pdb
[PROCESSING] 8RNH
[SAVED] 8RNH: chains=3->3 matrix=8rnh_matrix.txt output=8rnh_mhc_configured.pdb
[PROCESSING] 6SS7
[SAVED] 6SS7: chains=3->3 matrix=6ss7_matrix.txt output=6ss7_mhc_configured.pdb
[PROCESSING] 6P2F
[SAVED] 6P2F: chains=3->3 matrix=6p2f_matrix.txt output=6p2f_mhc_configured.pdb
[PROCESSING] 5FA3
[SAVED] 5FA3: chains=3->3 matrix=5fa3_matrix.txt output=5fa3_mhc_configured.pdb
[PROCESSING] 3KPP
[SAVED] 3KPP: chains=3->3 matrix=3kpp_matrix.txt output=3kpp_mhc_configured.pdb
[PROCESSING] 8UDR
[SAVED] 8UDR: chains=5->5 matrix=8udr_matrix.txt output=8udr_mhc_configured.pdb
[PROCESSING] 4MJI
[SAVED] 4MJI: chains=5->5 matrix=4mji_matrix.txt output=4mji_mhc_configured.pdb
[PROCESSING] 7N2O
[SAVED] 7N2O: chains=5->5 matrix=7n2o_matrix.txt output=7n2o_mhc_configured.pdb
[PROCESSING] 1I7U
[SAVED] 1I7U: chains=3->3 matrix=1i7u_matrix.txt output=1i7u_mhc_configured.pdb
[PROCESSING] 8SBL
[SAVED] 8SBL: chains=3->3 matrix=8sbl_matrix.txt output=8sbl_mhc_configured.pdb
[PROCESSING] 3LKO
[SAVED] 3LKO: chains=3->3 matrix=3lko_matrix.txt output=3lko_mhc_configured.pdb
[PROCESSING] 3RL1
[SAVED] 3RL1: chains=3->3 matrix=3rl1_matrix.txt output=3rl1_mhc_configured.pdb
[PROCESSING] 3HG1
[SAVED] 3HG1: chains=5->5 matrix=3hg1_matrix.txt output=3hg1_mhc_configured.pdb
[PROCESSING] 4NNY
[SAVED] 4NNY: chains=3->3 matrix=4nny_matrix.txt output=4nny_mhc_configured.pdb
[PROCESSING] 3VXM
[SAVED] 3VXM: chains=5->5 matrix=3vxm_matrix.txt output=3vxm_mhc_configured.pdb
[PROCESSING] 1I7R
[SAVED] 1I7R: chains=3->3 matrix=1i7r_matrix.txt output=1i7r_mhc_configured.pdb
[PROCESSING] 5C0E
[SAVED] 5C0E: chains=3->3 matrix=5c0e_matrix.txt output=5c0e_mhc_configured.pdb
[PROCESSING] 6UZP
[SAVED] 6UZP: chains=3->3 matrix=6uzp_matrix.txt output=6uzp_mhc_configured.pdb
[PROCESSING] 5W67
[SAVED] 5W67: chains=3->3 matrix=5w67_matrix.txt output=5w67_mhc_configured.pdb
[PROCESSING] 7SU9
[SAVED] 7SU9: chains=5->5 matrix=7su9_matrix.txt output=7su9_mhc_configured.pdb
[PROCESSING] 6VB5
[SAVED] 6VB5: chains=3->3 matrix=6vb5_matrix.txt output=6vb5_mhc_configured.pdb
[PROCESSING] 4JRY
[SAVED] 4JRY: chains=5->5 matrix=4jry_matrix.txt output=4jry_mhc_configured.pdb
[PROCESSING] 2HJL
[SAVED] 2HJL: chains=3->3 matrix=2hjl_matrix.txt output=2hjl_mhc_configured.pdb
[PROCESSING] 3LKN
[SAVED] 3LKN: chains=3->3 matrix=3lkn_matrix.txt output=3lkn_mhc_configured.pdb
[PROCESSING] 2JCC
[SAVED] 2JCC: chains=5->5 matrix=2jcc_matrix.txt output=2jcc_mhc_configured.pdb
[PROCESSING] 6ULK
[SAVED] 6ULK: chains=3->3 matrix=6ulk_matrix.txt output=6ulk_mhc_configured.pdb
[PROCESSING] 3MRG
[SAVED] 3MRG: chains=3->3 matrix=3mrg_matrix.txt output=3mrg_mhc_configured.pdb
[PROCESSING] 7MJ6
[SAVED] 7MJ6: chains=3->3 matrix=7mj6_matrix.txt output=7mj6_mhc_configured.pdb
[PROCESSING] 3MV9
[SAVED] 3MV9: chains=5->5 matrix=3mv9_matrix.txt output=3mv9_mhc_configured.pdb
[PROCESSING] 6XQA
[SAVED] 6XQA: chains=3->3 matrix=6xqa_matrix.txt output=6xqa_mhc_configured.pdb
[PROCESSING] 8TUB
[SAVED] 8TUB: chains=3->3 matrix=8tub_matrix.txt output=8tub_mhc_configured.pdb
[PROCESSING] 5C0F
[SAVED] 5C0F: chains=3->3 matrix=5c0f_matrix.txt output=5c0f_mhc_configured.pdb
[PROCESSING] 3MRP
[SAVED] 3MRP: chains=3->3 matrix=3mrp_matrix.txt output=3mrp_mhc_configured.pdb
[PROCESSING] 4U6X
[SAVED] 4U6X: chains=3->3 matrix=4u6x_matrix.txt output=4u6x_mhc_configured.pdb
[PROCESSING] 3MRO
[SAVED] 3MRO: chains=3->3 matrix=3mro_matrix.txt output=3mro_mhc_configured.pdb
[PROCESSING] 5WMO
[SAVED] 5WMO: chains=3->3 matrix=5wmo_matrix.txt output=5wmo_mhc_configured.pdb
[PROCESSING] 5C0D
[SAVED] 5C0D: chains=3->3 matrix=5c0d_matrix.txt output=5c0d_mhc_configured.pdb
[PROCESSING] 3GSV
[SAVED] 3GSV: chains=3->3 matrix=3gsv_matrix.txt output=3gsv_mhc_configured.pdb
[PROCESSING] 3UTQ
[SAVED] 3UTQ: chains=3->3 matrix=3utq_matrix.txt output=3utq_mhc_configured.pdb
[PROCESSING] 1JF1
[SAVED] 1JF1: chains=3->3 matrix=1jf1_matrix.txt output=1jf1_mhc_configured.pdb
[PROCESSING] 2BNQ
[SAVED] 2BNQ: chains=5->5 matrix=2bnq_matrix.txt output=2bnq_mhc_configured.pdb
[PROCESSING] 3QFD
[SAVED] 3QFD: chains=3->3 matrix=3qfd_matrix.txt output=3qfd_mhc_configured.pdb
[PROCESSING] 3BH9
[SAVED] 3BH9: chains=3->3 matrix=3bh9_matrix.txt output=3bh9_mhc_configured.pdb
[PROCESSING] 6VMX
[SAVED] 6VMX: chains=5->5 matrix=6vmx_matrix.txt output=6vmx_mhc_configured.pdb
[PROCESSING] 4MJ6
[SAVED] 4MJ6: chains=3->3 matrix=4mj6_matrix.txt output=4mj6_mhc_configured.pdb
[PROCESSING] 6UZO
[SAVED] 6UZO: chains=3->3 matrix=6uzo_matrix.txt output=6uzo_mhc_configured.pdb
[PROCESSING] 1N2R
[SAVED] 1N2R: chains=3->3 matrix=1n2r_matrix.txt output=1n2r_mhc_configured.pdb
[PROCESSING] 7Q99
[SAVED] 7Q99: chains=5->5 matrix=7q99_matrix.txt output=7q99_mhc_configured.pdb
[PROCESSING] 8EMJ
[SAVED] 8EMJ: chains=3->3 matrix=8emj_matrix.txt output=8emj_mhc_configured.pdb
[PROCESSING] 5TEZ
[SAVED] 5TEZ: chains=5->5 matrix=5tez_matrix.txt output=5tez_mhc_configured.pdb
[PROCESSING] 3FQN
[SAVED] 3FQN: chains=3->3 matrix=3fqn_matrix.txt output=3fqn_mhc_configured.pdb
[PROCESSING] 7SR0
[SAVED] 7SR0: chains=2->2 matrix=7sr0_matrix.txt output=7sr0_mhc_configured.pdb
[PROCESSING] 3VFR
[SAVED] 3VFR: chains=3->3 matrix=3vfr_matrix.txt output=3vfr_mhc_configured.pdb
[PROCESSING] 7N2S
[SAVED] 7N2S: chains=5->5 matrix=7n2s_matrix.txt output=7n2s_mhc_configured.pdb
[PROCESSING] 2HN7
[SAVED] 2HN7: chains=3->3 matrix=2hn7_matrix.txt output=2hn7_mhc_configured.pdb
[PROCESSING] 3OXS
[SAVED] 3OXS: chains=3->3 matrix=3oxs_matrix.txt output=3oxs_mhc_configured.pdb
[PROCESSING] 3O3A
[SAVED] 3O3A: chains=3->3 matrix=3o3a_matrix.txt output=3o3a_mhc_configured.pdb
[PROCESSING] 6OPD
[SAVED] 6OPD: chains=3->3 matrix=6opd_matrix.txt output=6opd_mhc_configured.pdb
[PROCESSING] 6AMU
[SAVED] 6AMU: chains=5->5 matrix=6amu_matrix.txt output=6amu_mhc_configured.pdb
[PROCESSING] 6EWO
[SAVED] 6EWO: chains=4->4 matrix=6ewo_matrix.txt output=6ewo_mhc_configured.pdb
[PROCESSING] 4I48
[SAVED] 4I48: chains=3->3 matrix=4i48_matrix.txt output=4i48_mhc_configured.pdb
[PROCESSING] 5IND
[SAVED] 5IND: chains=3->3 matrix=5ind_matrix.txt output=5ind_mhc_configured.pdb
[PROCESSING] 3KLA
[SAVED] 3KLA: chains=3->3 matrix=3kla_matrix.txt output=3kla_mhc_configured.pdb
[PROCESSING] 3BWA
[SAVED] 3BWA: chains=3->3 matrix=3bwa_matrix.txt output=3bwa_mhc_configured.pdb
[PROCESSING] 6BXQ
[SAVED] 6BXQ: chains=3->3 matrix=6bxq_matrix.txt output=6bxq_mhc_configured.pdb
[PROCESSING] 6O9B
[SAVED] 6O9B: chains=3->3 matrix=6o9b_matrix.txt output=6o9b_mhc_configured.pdb
[PROCESSING] 4WJ5
[SAVED] 4WJ5: chains=3->3 matrix=4wj5_matrix.txt output=4wj5_mhc_configured.pdb
[PROCESSING] 7SR3
[SAVED] 7SR3: chains=2->2 matrix=7sr3_matrix.txt output=7sr3_mhc_configured.pdb
[PROCESSING] 4QRP
[SAVED] 4QRP: chains=5->5 matrix=4qrp_matrix.txt output=4qrp_mhc_configured.pdb
[PROCESSING] 5EU6
[SAVED] 5EU6: chains=5->5 matrix=5eu6_matrix.txt output=5eu6_mhc_configured.pdb
[PROCESSING] 5INC
[SAVED] 5INC: chains=3->3 matrix=5inc_matrix.txt output=5inc_mhc_configured.pdb
[PROCESSING] 9BL2
[SAVED] 9BL2: chains=4->4 matrix=9bl2_matrix.txt output=9bl2_mhc_configured.pdb
[PROCESSING] 7X1C
[SAVED] 7X1C: chains=3->3 matrix=7x1c_matrix.txt output=7x1c_mhc_configured.pdb
[PROCESSING] 3MRK
[SAVED] 3MRK: chains=3->3 matrix=3mrk_matrix.txt output=3mrk_mhc_configured.pdb
[PROCESSING] 8ESH
[SAVED] 8ESH: chains=3->3 matrix=8esh_matrix.txt output=8esh_mhc_configured.pdb
[PROCESSING] 5VWJ
[SAVED] 5VWJ: chains=3->3 matrix=5vwj_matrix.txt output=5vwj_mhc_configured.pdb
[PROCESSING] 4PR5
[SAVED] 4PR5: chains=3->3 matrix=4pr5_matrix.txt output=4pr5_mhc_configured.pdb
[PROCESSING] 1X7Q
[SAVED] 1X7Q: chains=3->3 matrix=1x7q_matrix.txt output=1x7q_mhc_configured.pdb
[PROCESSING] 3LKP
[SAVED] 3LKP: chains=3->3 matrix=3lkp_matrix.txt output=3lkp_mhc_configured.pdb
[PROCESSING] 6SS8
[SAVED] 6SS8: chains=3->3 matrix=6ss8_matrix.txt output=6ss8_mhc_configured.pdb
[PROCESSING] 3VXO
[SAVED] 3VXO: chains=3->3 matrix=3vxo_matrix.txt output=3vxo_mhc_configured.pdb
[PROCESSING] 8RNE
[SAVED] 8RNE: chains=3->3 matrix=8rne_matrix.txt output=8rne_mhc_configured.pdb
[PROCESSING] 6VB4
[SAVED] 6VB4: chains=3->3 matrix=6vb4_matrix.txt output=6vb4_mhc_configured.pdb
[PROCESSING] 6VIU
[SAVED] 6VIU: chains=3->3 matrix=6viu_matrix.txt output=6viu_mhc_configured.pdb
[PROCESSING] 3MRE
[SAVED] 3MRE: chains=3->3 matrix=3mre_matrix.txt output=3mre_mhc_configured.pdb
[PROCESSING] 9DL1
[FILTERED] 9DL1: removed_far_chains=['C', 'E']
[SAVED] 9DL1: chains=8->6 matrix=9dl1_matrix.txt output=9dl1_mhc_configured.pdb
[PROCESSING] 2AXG
[SAVED] 2AXG: chains=3->3 matrix=2axg_matrix.txt output=2axg_mhc_configured.pdb
[PROCESSING] 3QZW
[SAVED] 3QZW: chains=5->5 matrix=3qzw_matrix.txt output=3qzw_mhc_configured.pdb
[PROCESSING] 6AT5
[SAVED] 6AT5: chains=3->3 matrix=6at5_matrix.txt output=6at5_mhc_configured.pdb
[PROCESSING] 3TO2
[SAVED] 3TO2: chains=3->3 matrix=3to2_matrix.txt output=3to2_mhc_configured.pdb
[PROCESSING] 1MI5
[SAVED] 1MI5: chains=5->5 matrix=1mi5_matrix.txt output=1mi5_mhc_configured.pdb
[PROCESSING] 3FQR
[SAVED] 3FQR: chains=3->3 matrix=3fqr_matrix.txt output=3fqr_mhc_configured.pdb
[PROCESSING] 7YG3
[SAVED] 7YG3: chains=3->3 matrix=7yg3_matrix.txt output=7yg3_mhc_configured.pdb
[PROCESSING] 8XKE
[SAVED] 8XKE: chains=3->3 matrix=8xke_matrix.txt output=8xke_mhc_configured.pdb
[PROCESSING] 3KPQ
[SAVED] 3KPQ: chains=3->3 matrix=3kpq_matrix.txt output=3kpq_mhc_configured.pdb
[PROCESSING] 6VQZ
[SAVED] 6VQZ: chains=3->3 matrix=6vqz_matrix.txt output=6vqz_mhc_configured.pdb
[PROCESSING] 7SR4
[SAVED] 7SR4: chains=2->2 matrix=7sr4_matrix.txt output=7sr4_mhc_configured.pdb
[PROCESSING] 6MT5
[SAVED] 6MT5: chains=3->3 matrix=6mt5_matrix.txt output=6mt5_mhc_configured.pdb
[PROCESSING] 3KYO
[SAVED] 3KYO: chains=3->3 matrix=3kyo_matrix.txt output=3kyo_mhc_configured.pdb
[PROCESSING] 1K5N
[SAVED] 1K5N: chains=3->3 matrix=1k5n_matrix.txt output=1k5n_mhc_configured.pdb
[PROCESSING] 4JFD
[SAVED] 4JFD: chains=5->5 matrix=4jfd_matrix.txt output=4jfd_mhc_configured.pdb
[PROCESSING] 7MLE
[SAVED] 7MLE: chains=3->3 matrix=7mle_matrix.txt output=7mle_mhc_configured.pdb
[PROCESSING] 7N2P
[SAVED] 7N2P: chains=5->5 matrix=7n2p_matrix.txt output=7n2p_mhc_configured.pdb
[PROCESSING] 6EQA
[SAVED] 6EQA: chains=5->5 matrix=6eqa_matrix.txt output=6eqa_mhc_configured.pdb
[PROCESSING] 3MRF
[SAVED] 3MRF: chains=3->3 matrix=3mrf_matrix.txt output=3mrf_mhc_configured.pdb
[PROCESSING] 8EMF
[SAVED] 8EMF: chains=3->3 matrix=8emf_matrix.txt output=8emf_mhc_configured.pdb
[PROCESSING] 3DX6
[SAVED] 3DX6: chains=3->3 matrix=3dx6_matrix.txt output=3dx6_mhc_configured.pdb
[PROCESSING] 3MRR
[SAVED] 3MRR: chains=3->3 matrix=3mrr_matrix.txt output=3mrr_mhc_configured.pdb
[PROCESSING] 3VXR
[SAVED] 3VXR: chains=5->5 matrix=3vxr_matrix.txt output=3vxr_mhc_configured.pdb
[PROCESSING] 3MYJ
[SAVED] 3MYJ: chains=3->3 matrix=3myj_matrix.txt output=3myj_mhc_configured.pdb
[PROCESSING] 3MRD
[SAVED] 3MRD: chains=3->3 matrix=3mrd_matrix.txt output=3mrd_mhc_configured.pdb
[PROCESSING] 5MEO
[SAVED] 5MEO: chains=3->3 matrix=5meo_matrix.txt output=5meo_mhc_configured.pdb
[PROCESSING] 7XF3
[SAVED] 7XF3: chains=3->3 matrix=7xf3_matrix.txt output=7xf3_mhc_configured.pdb
[PROCESSING] 5VUD
[SAVED] 5VUD: chains=3->3 matrix=5vud_matrix.txt output=5vud_mhc_configured.pdb
[PROCESSING] 5T6Z
[SAVED] 5T6Z: chains=4->4 matrix=5t6z_matrix.txt output=5t6z_mhc_configured.pdb
[PROCESSING] 1AGB
[SAVED] 1AGB: chains=3->3 matrix=1agb_matrix.txt output=1agb_mhc_configured.pdb
[PROCESSING] 7N1A
[SAVED] 7N1A: chains=3->3 matrix=7n1a_matrix.txt output=7n1a_mhc_configured.pdb
[PROCESSING] 6O51
[SAVED] 6O51: chains=3->3 matrix=6o51_matrix.txt output=6o51_mhc_configured.pdb
[PROCESSING] 3AM8
[SAVED] 3AM8: chains=3->3 matrix=3am8_matrix.txt output=3am8_mhc_configured.pdb
[PROCESSING] 5EU5
[SAVED] 5EU5: chains=3->3 matrix=5eu5_matrix.txt output=5eu5_mhc_configured.pdb
[PROCESSING] 6BJ3
[SAVED] 6BJ3: chains=5->5 matrix=6bj3_matrix.txt output=6bj3_mhc_configured.pdb
[PROCESSING] 5NMH
[SAVED] 5NMH: chains=3->3 matrix=5nmh_matrix.txt output=5nmh_mhc_configured.pdb
[PROCESSING] 2FZ3
[SAVED] 2FZ3: chains=3->3 matrix=2fz3_matrix.txt output=2fz3_mhc_configured.pdb
[PROCESSING] 6VQY
[SAVED] 6VQY: chains=3->3 matrix=6vqy_matrix.txt output=6vqy_mhc_configured.pdb
[PROCESSING] 6TDO
[SAVED] 6TDO: chains=2->2 matrix=6tdo_matrix.txt output=6tdo_mhc_configured.pdb
[PROCESSING] 2V2X
[SAVED] 2V2X: chains=3->3 matrix=2v2x_matrix.txt output=2v2x_mhc_configured.pdb
[PROCESSING] 6RPB
[SAVED] 6RPB: chains=5->5 matrix=6rpb_matrix.txt output=6rpb_mhc_configured.pdb
[PROCESSING] 5EO0
[SAVED] 5EO0: chains=3->3 matrix=5eo0_matrix.txt output=5eo0_mhc_configured.pdb
[PROCESSING] 3QDM
[SAVED] 3QDM: chains=5->5 matrix=3qdm_matrix.txt output=3qdm_mhc_configured.pdb
[PROCESSING] 8RNF
[SAVED] 8RNF: chains=3->3 matrix=8rnf_matrix.txt output=8rnf_mhc_configured.pdb
[PROCESSING] 4L3E
[SAVED] 4L3E: chains=5->5 matrix=4l3e_matrix.txt output=4l3e_mhc_configured.pdb
[PROCESSING] 3MRN
[SAVED] 3MRN: chains=3->3 matrix=3mrn_matrix.txt output=3mrn_mhc_configured.pdb
[PROCESSING] 4HX1
[SAVED] 4HX1: chains=3->3 matrix=4hx1_matrix.txt output=4hx1_mhc_configured.pdb
[PROCESSING] 6JTO
[SAVED] 6JTO: chains=3->3 matrix=6jto_matrix.txt output=6jto_mhc_configured.pdb
[PROCESSING] 4NT6
[SAVED] 4NT6: chains=3->3 matrix=4nt6_matrix.txt output=4nt6_mhc_configured.pdb
[PROCESSING] 3GIV
[SAVED] 3GIV: chains=3->3 matrix=3giv_matrix.txt output=3giv_mhc_configured.pdb
[PROCESSING] 4WU7
[SAVED] 4WU7: chains=3->3 matrix=4wu7_matrix.txt output=4wu7_mhc_configured.pdb
[PROCESSING] 6VMC
[SAVED] 6VMC: chains=5->5 matrix=6vmc_matrix.txt output=6vmc_mhc_configured.pdb
[PROCESSING] 8ELH
[SAVED] 8ELH: chains=3->3 matrix=8elh_matrix.txt output=8elh_mhc_configured.pdb
[PROCESSING] 1AGC
[SAVED] 1AGC: chains=3->3 matrix=1agc_matrix.txt output=1agc_mhc_configured.pdb
[PROCESSING] 6AVG
[SAVED] 6AVG: chains=5->5 matrix=6avg_matrix.txt output=6avg_mhc_configured.pdb
[PROCESSING] 3D25
[SAVED] 3D25: chains=3->3 matrix=3d25_matrix.txt output=3d25_mhc_configured.pdb
[PROCESSING] 3SPV
[SAVED] 3SPV: chains=3->3 matrix=3spv_matrix.txt output=3spv_mhc_configured.pdb
[PROCESSING] 4U1M
[SAVED] 4U1M: chains=3->3 matrix=4u1m_matrix.txt output=4u1m_mhc_configured.pdb
[PROCESSING] 4PRI
[SAVED] 4PRI: chains=5->5 matrix=4pri_matrix.txt output=4pri_mhc_configured.pdb
[PROCESSING] 5C0J
[SAVED] 5C0J: chains=3->3 matrix=5c0j_matrix.txt output=5c0j_mhc_configured.pdb
[PROCESSING] 1DUZ
[SAVED] 1DUZ: chains=3->3 matrix=1duz_matrix.txt output=1duz_mhc_configured.pdb
[PROCESSING] 1A1O
[SAVED] 1A1O: chains=3->3 matrix=1a1o_matrix.txt output=1a1o_mhc_configured.pdb
[PROCESSING] 6V2Q
[SAVED] 6V2Q: chains=3->3 matrix=6v2q_matrix.txt output=6v2q_mhc_configured.pdb
[PROCESSING] 7OW3
[SAVED] 7OW3: chains=3->3 matrix=7ow3_matrix.txt output=7ow3_mhc_configured.pdb
[PROCESSING] 7TUC
[SAVED] 7TUC: chains=3->3 matrix=7tuc_matrix.txt output=7tuc_mhc_configured.pdb
[PROCESSING] 5C0A
[SAVED] 5C0A: chains=5->5 matrix=5c0a_matrix.txt output=5c0a_mhc_configured.pdb
[PROCESSING] 8V51
[SAVED] 8V51: chains=5->5 matrix=8v51_matrix.txt output=8v51_mhc_configured.pdb
[PROCESSING] 8RJH
[SAVED] 8RJH: chains=3->3 matrix=8rjh_matrix.txt output=8rjh_mhc_configured.pdb
[PROCESSING] 1TVB
[SAVED] 1TVB: chains=3->3 matrix=1tvb_matrix.txt output=1tvb_mhc_configured.pdb
[PROCESSING] 2GIT
[SAVED] 2GIT: chains=3->3 matrix=2git_matrix.txt output=2git_mhc_configured.pdb
[PROCESSING] 5F7D
[SAVED] 5F7D: chains=3->3 matrix=5f7d_matrix.txt output=5f7d_mhc_configured.pdb
[PROCESSING] 5YXN
[SAVED] 5YXN: chains=5->5 matrix=5yxn_matrix.txt output=5yxn_mhc_configured.pdb
[PROCESSING] 7TLT
[SAVED] 7TLT: chains=3->3 matrix=7tlt_matrix.txt output=7tlt_mhc_configured.pdb
[PROCESSING] 3VFW
[SAVED] 3VFW: chains=3->3 matrix=3vfw_matrix.txt output=3vfw_mhc_configured.pdb
[PROCESSING] 6D7G
[SAVED] 6D7G: chains=3->3 matrix=6d7g_matrix.txt output=6d7g_mhc_configured.pdb
[PROCESSING] 8FRT
[SAVED] 8FRT: chains=1->1 matrix=8frt_matrix.txt output=8frt_mhc_configured.pdb
[PROCESSING] 3MRI
[SAVED] 3MRI: chains=3->3 matrix=3mri_matrix.txt output=3mri_mhc_configured.pdb
[PROCESSING] 2GT9
[SAVED] 2GT9: chains=3->3 matrix=2gt9_matrix.txt output=2gt9_mhc_configured.pdb
[PROCESSING] 6ULN
[SAVED] 6ULN: chains=5->5 matrix=6uln_matrix.txt output=6uln_mhc_configured.pdb
[PROCESSING] 5BS0
[SAVED] 5BS0: chains=5->5 matrix=5bs0_matrix.txt output=5bs0_mhc_configured.pdb
[PROCESSING] 6PYJ
[SAVED] 6PYJ: chains=3->3 matrix=6pyj_matrix.txt output=6pyj_mhc_configured.pdb
[PROCESSING] 1IM3
[SAVED] 1IM3: chains=4->4 matrix=1im3_matrix.txt output=1im3_mhc_configured.pdb
[PROCESSING] 3I6K
[SAVED] 3I6K: chains=3->3 matrix=3i6k_matrix.txt output=3i6k_mhc_configured.pdb
[PROCESSING] 2H6P
[SAVED] 2H6P: chains=3->3 matrix=2h6p_matrix.txt output=2h6p_mhc_configured.pdb
[PROCESSING] 3VFT
[SAVED] 3VFT: chains=3->3 matrix=3vft_matrix.txt output=3vft_mhc_configured.pdb
[PROCESSING] 7R7V
[SAVED] 7R7V: chains=3->3 matrix=7r7v_matrix.txt output=7r7v_mhc_configured.pdb
[PROCESSING] 8FJA
[SAVED] 8FJA: chains=5->5 matrix=8fja_matrix.txt output=8fja_mhc_configured.pdb
[PROCESSING] 7M8U
[SAVED] 7M8U: chains=3->3 matrix=7m8u_matrix.txt output=7m8u_mhc_configured.pdb
[PROCESSING] 4PRP
[SAVED] 4PRP: chains=5->5 matrix=4prp_matrix.txt output=4prp_mhc_configured.pdb
[PROCESSING] 7M8S
[SAVED] 7M8S: chains=3->3 matrix=7m8s_matrix.txt output=7m8s_mhc_configured.pdb
[PROCESSING] 3SKO
[SAVED] 3SKO: chains=3->3 matrix=3sko_matrix.txt output=3sko_mhc_configured.pdb
[PROCESSING] 3DX7
[SAVED] 3DX7: chains=3->3 matrix=3dx7_matrix.txt output=3dx7_mhc_configured.pdb
[PROCESSING] 1XH3
[SAVED] 1XH3: chains=3->3 matrix=1xh3_matrix.txt output=1xh3_mhc_configured.pdb
[PROCESSING] 3X14
[SAVED] 3X14: chains=3->3 matrix=3x14_matrix.txt output=3x14_mhc_configured.pdb
[PROCESSING] 3BW9
[SAVED] 3BW9: chains=3->3 matrix=3bw9_matrix.txt output=3bw9_mhc_configured.pdb
[PROCESSING] 5KNM
[SAVED] 5KNM: chains=4->4 matrix=5knm_matrix.txt output=5knm_mhc_configured.pdb
[PROCESSING] 7SIG
[SAVED] 7SIG: chains=3->3 matrix=7sig_matrix.txt output=7sig_mhc_configured.pdb
[PROCESSING] 5C0G
[SAVED] 5C0G: chains=3->3 matrix=5c0g_matrix.txt output=5c0g_mhc_configured.pdb
[PROCESSING] 2YPL
[SAVED] 2YPL: chains=5->5 matrix=2ypl_matrix.txt output=2ypl_mhc_configured.pdb
[PROCESSING] 5U98
[SAVED] 5U98: chains=3->3 matrix=5u98_matrix.txt output=5u98_mhc_configured.pdb
[PROCESSING] 2V2W
[SAVED] 2V2W: chains=3->3 matrix=2v2w_matrix.txt output=2v2w_mhc_configured.pdb
[PROCESSING] 5NQK
[SAVED] 5NQK: chains=5->5 matrix=5nqk_matrix.txt output=5nqk_mhc_configured.pdb
[PROCESSING] 6PTB
[SAVED] 6PTB: chains=3->3 matrix=6ptb_matrix.txt output=6ptb_mhc_configured.pdb
[PROCESSING] 2GTZ
[SAVED] 2GTZ: chains=3->3 matrix=2gtz_matrix.txt output=2gtz_mhc_configured.pdb
[PROCESSING] 5WXD
[SAVED] 5WXD: chains=3->3 matrix=5wxd_matrix.txt output=5wxd_mhc_configured.pdb
[PROCESSING] 4NNX
[SAVED] 4NNX: chains=3->3 matrix=4nnx_matrix.txt output=4nnx_mhc_configured.pdb
[PROCESSING] 9BLA
[SAVED] 9BLA: chains=4->4 matrix=9bla_matrix.txt output=9bla_mhc_configured.pdb
[PROCESSING] 8EMI
[SAVED] 8EMI: chains=3->3 matrix=8emi_matrix.txt output=8emi_mhc_configured.pdb
[PROCESSING] 5WWI
[SAVED] 5WWI: chains=3->3 matrix=5wwi_matrix.txt output=5wwi_mhc_configured.pdb
[PROCESSING] 7X00
[SAVED] 7X00: chains=3->3 matrix=7x00_matrix.txt output=7x00_mhc_configured.pdb
[PROCESSING] 5NHT
[SAVED] 5NHT: chains=5->5 matrix=5nht_matrix.txt output=5nht_mhc_configured.pdb
[PROCESSING] 7UR1
[SAVED] 7UR1: chains=3->3 matrix=7ur1_matrix.txt output=7ur1_mhc_configured.pdb
[PROCESSING] 3L3G
[SAVED] 3L3G: chains=3->3 matrix=3l3g_matrix.txt output=3l3g_mhc_configured.pdb
[PROCESSING] 3BGM
[SAVED] 3BGM: chains=3->3 matrix=3bgm_matrix.txt output=3bgm_mhc_configured.pdb
[PROCESSING] 4NO2
[SAVED] 4NO2: chains=3->3 matrix=4no2_matrix.txt output=4no2_mhc_configured.pdb
[PROCESSING] 6UK4
[SAVED] 6UK4: chains=3->3 matrix=6uk4_matrix.txt output=6uk4_mhc_configured.pdb
[PROCESSING] 7L1B
[SAVED] 7L1B: chains=3->3 matrix=7l1b_matrix.txt output=7l1b_mhc_configured.pdb
[PROCESSING] 4U1N
[SAVED] 4U1N: chains=3->3 matrix=4u1n_matrix.txt output=4u1n_mhc_configured.pdb
[PROCESSING] 1SYS
[SAVED] 1SYS: chains=3->3 matrix=1sys_matrix.txt output=1sys_mhc_configured.pdb
[PROCESSING] 1EEZ
[SAVED] 1EEZ: chains=3->3 matrix=1eez_matrix.txt output=1eez_mhc_configured.pdb
[PROCESSING] 5C0I
[SAVED] 5C0I: chains=3->3 matrix=5c0i_matrix.txt output=5c0i_mhc_configured.pdb
[PROCESSING] 7N2N
[SAVED] 7N2N: chains=5->5 matrix=7n2n_matrix.txt output=7n2n_mhc_configured.pdb
[PROCESSING] 3W39
[SAVED] 3W39: chains=3->3 matrix=3w39_matrix.txt output=3w39_mhc_configured.pdb
[PROCESSING] 2X4P
[SAVED] 2X4P: chains=3->3 matrix=2x4p_matrix.txt output=2x4p_mhc_configured.pdb
[PROCESSING] 7S8R
[SAVED] 7S8R: chains=3->3 matrix=7s8r_matrix.txt output=7s8r_mhc_configured.pdb
[PROCESSING] 4PRB
[SAVED] 4PRB: chains=3->3 matrix=4prb_matrix.txt output=4prb_mhc_configured.pdb
[PROCESSING] 7STG
[SAVED] 7STG: chains=2->2 matrix=7stg_matrix.txt output=7stg_mhc_configured.pdb
[PROCESSING] 1SYV
[SAVED] 1SYV: chains=3->3 matrix=1syv_matrix.txt output=1syv_mhc_configured.pdb
[PROCESSING] 3W0W
[SAVED] 3W0W: chains=5->5 matrix=3w0w_matrix.txt output=3w0w_mhc_configured.pdb
[PROCESSING] 7DZM
[SAVED] 7DZM: chains=5->5 matrix=7dzm_matrix.txt output=7dzm_mhc_configured.pdb
[PROCESSING] 4PRH
[SAVED] 4PRH: chains=5->5 matrix=4prh_matrix.txt output=4prh_mhc_configured.pdb
[PROCESSING] 3KPL
[SAVED] 3KPL: chains=3->3 matrix=3kpl_matrix.txt output=3kpl_mhc_configured.pdb
[PROCESSING] 6ULR
[SAVED] 6ULR: chains=5->5 matrix=6ulr_matrix.txt output=6ulr_mhc_configured.pdb
[PROCESSING] 6O53
[SAVED] 6O53: chains=3->3 matrix=6o53_matrix.txt output=6o53_mhc_configured.pdb
[PROCESSING] 6UJQ
[SAVED] 6UJQ: chains=3->3 matrix=6ujq_matrix.txt output=6ujq_mhc_configured.pdb
[PROCESSING] 3BVN
[SAVED] 3BVN: chains=3->3 matrix=3bvn_matrix.txt output=3bvn_mhc_configured.pdb
[PROCESSING] 6VRM
[SAVED] 6VRM: chains=5->5 matrix=6vrm_matrix.txt output=6vrm_mhc_configured.pdb
[PROCESSING] 2FYY
[SAVED] 2FYY: chains=3->3 matrix=2fyy_matrix.txt output=2fyy_mhc_configured.pdb
[PROCESSING] 6TDS
[SAVED] 6TDS: chains=2->2 matrix=6tds_matrix.txt output=6tds_mhc_configured.pdb
[PROCESSING] 1JHT
[SAVED] 1JHT: chains=3->3 matrix=1jht_matrix.txt output=1jht_mhc_configured.pdb
[PROCESSING] 5VWH
[SAVED] 5VWH: chains=3->3 matrix=5vwh_matrix.txt output=5vwh_mhc_configured.pdb
[PROCESSING] 2VLJ
[SAVED] 2VLJ: chains=5->5 matrix=2vlj_matrix.txt output=2vlj_mhc_configured.pdb
[PROCESSING] 1E28
[SAVED] 1E28: chains=3->3 matrix=1e28_matrix.txt output=1e28_mhc_configured.pdb
[PROCESSING] 7UC5
[SAVED] 7UC5: chains=3->3 matrix=7uc5_matrix.txt output=7uc5_mhc_configured.pdb
[PROCESSING] 5YXU
[SAVED] 5YXU: chains=5->5 matrix=5yxu_matrix.txt output=5yxu_mhc_configured.pdb
[PROCESSING] 2X4Q
[SAVED] 2X4Q: chains=3->3 matrix=2x4q_matrix.txt output=2x4q_mhc_configured.pdb
[PROCESSING] 4NO3
[SAVED] 4NO3: chains=3->3 matrix=4no3_matrix.txt output=4no3_mhc_configured.pdb
[PROCESSING] 3CDG
[SAVED] 3CDG: chains=5->5 matrix=3cdg_matrix.txt output=3cdg_mhc_configured.pdb
[PROCESSING] 8WUL
[SAVED] 8WUL: chains=5->5 matrix=8wul_matrix.txt output=8wul_mhc_configured.pdb
[PROCESSING] 3D18
[SAVED] 3D18: chains=3->3 matrix=3d18_matrix.txt output=3d18_mhc_configured.pdb
[PROCESSING] 4UQ2
[SAVED] 4UQ2: chains=3->3 matrix=4uq2_matrix.txt output=4uq2_mhc_configured.pdb
[PROCESSING] 1ZHK
[SAVED] 1ZHK: chains=3->3 matrix=1zhk_matrix.txt output=1zhk_mhc_configured.pdb
[PROCESSING] 8VCL
[SAVED] 8VCL: chains=3->3 matrix=8vcl_matrix.txt output=8vcl_mhc_configured.pdb
[PROCESSING] 6D29
[SAVED] 6D29: chains=3->3 matrix=6d29_matrix.txt output=6d29_mhc_configured.pdb
[PROCESSING] 4U1J
[SAVED] 4U1J: chains=3->3 matrix=4u1j_matrix.txt output=4u1j_mhc_configured.pdb
[PROCESSING] 7L1D
[SAVED] 7L1D: chains=5->5 matrix=7l1d_matrix.txt output=7l1d_mhc_configured.pdb
[PROCESSING] 8CX4
[SAVED] 8CX4: chains=5->5 matrix=8cx4_matrix.txt output=8cx4_mhc_configured.pdb
[PROCESSING] 4U1S
[SAVED] 4U1S: chains=3->3 matrix=4u1s_matrix.txt output=4u1s_mhc_configured.pdb
[PROCESSING] 3LKQ
[SAVED] 3LKQ: chains=3->3 matrix=3lkq_matrix.txt output=3lkq_mhc_configured.pdb
[PROCESSING] 6RPA
[SAVED] 6RPA: chains=5->5 matrix=6rpa_matrix.txt output=6rpa_mhc_configured.pdb
[PROCESSING] 8GOM
[SAVED] 8GOM: chains=5->5 matrix=8gom_matrix.txt output=8gom_mhc_configured.pdb
[PROCESSING] 5NME
[SAVED] 5NME: chains=5->5 matrix=5nme_matrix.txt output=5nme_mhc_configured.pdb
[PROCESSING] 6VR5
[SAVED] 6VR5: chains=3->3 matrix=6vr5_matrix.txt output=6vr5_mhc_configured.pdb
[PROCESSING] 3KPM
[SAVED] 3KPM: chains=3->3 matrix=3kpm_matrix.txt output=3kpm_mhc_configured.pdb
[PROCESSING] 7TUE
[SAVED] 7TUE: chains=3->3 matrix=7tue_matrix.txt output=7tue_mhc_configured.pdb
[PROCESSING] 3FFC
[SAVED] 3FFC: chains=5->5 matrix=3ffc_matrix.txt output=3ffc_mhc_configured.pdb
[PROCESSING] 7PDW
[SAVED] 7PDW: chains=5->5 matrix=7pdw_matrix.txt output=7pdw_mhc_configured.pdb
[PROCESSING] 4MJ5
[SAVED] 4MJ5: chains=3->3 matrix=4mj5_matrix.txt output=4mj5_mhc_configured.pdb
[PROCESSING] 6AT9
[SAVED] 6AT9: chains=3->3 matrix=6at9_matrix.txt output=6at9_mhc_configured.pdb
[PROCESSING] 1XR8
[SAVED] 1XR8: chains=3->3 matrix=1xr8_matrix.txt output=1xr8_mhc_configured.pdb
[PROCESSING] 4JFQ
[SAVED] 4JFQ: chains=3->3 matrix=4jfq_matrix.txt output=4jfq_mhc_configured.pdb
[PROCESSING] 7RE8
[SAVED] 7RE8: chains=3->3 matrix=7re8_matrix.txt output=7re8_mhc_configured.pdb
[PROCESSING] 3DTX
[FILTERED] 3DTX: removed_far_chains=['C']
[SAVED] 3DTX: chains=6->5 matrix=3dtx_matrix.txt output=3dtx_mhc_configured.pdb
[PROCESSING] 5T70
[SAVED] 5T70: chains=4->4 matrix=5t70_matrix.txt output=5t70_mhc_configured.pdb
[PROCESSING] 7R7W
[SAVED] 7R7W: chains=3->3 matrix=7r7w_matrix.txt output=7r7w_mhc_configured.pdb
[PROCESSING] 6VQ2
[SAVED] 6VQ2: chains=3->3 matrix=6vq2_matrix.txt output=6vq2_mhc_configured.pdb
[PROCESSING] 6DKP
[SAVED] 6DKP: chains=5->5 matrix=6dkp_matrix.txt output=6dkp_mhc_configured.pdb
[PROCESSING] 9ASF
[SAVED] 9ASF: chains=3->3 matrix=9asf_matrix.txt output=9asf_mhc_configured.pdb
[PROCESSING] 2X4T
[SAVED] 2X4T: chains=3->3 matrix=2x4t_matrix.txt output=2x4t_mhc_configured.pdb
[PROCESSING] 7K81
[SAVED] 7K81: chains=4->4 matrix=7k81_matrix.txt output=7k81_mhc_configured.pdb
[PROCESSING] 5IEK
[SAVED] 5IEK: chains=3->3 matrix=5iek_matrix.txt output=5iek_mhc_configured.pdb
[PROCESSING] 3DX8
[SAVED] 3DX8: chains=3->3 matrix=3dx8_matrix.txt output=3dx8_mhc_configured.pdb
[PROCESSING] 5GSD
[SAVED] 5GSD: chains=3->3 matrix=5gsd_matrix.txt output=5gsd_mhc_configured.pdb
[PROCESSING] 6VQO
[SAVED] 6VQO: chains=5->5 matrix=6vqo_matrix.txt output=6vqo_mhc_configured.pdb
[PROCESSING] 6V2O
[SAVED] 6V2O: chains=3->3 matrix=6v2o_matrix.txt output=6v2o_mhc_configured.pdb
[PROCESSING] 6PZ5
[SAVED] 6PZ5: chains=3->3 matrix=6pz5_matrix.txt output=6pz5_mhc_configured.pdb
[PROCESSING] 5MEQ
[SAVED] 5MEQ: chains=3->3 matrix=5meq_matrix.txt output=5meq_mhc_configured.pdb
[PROCESSING] 4LNR
[SAVED] 4LNR: chains=3->3 matrix=4lnr_matrix.txt output=4lnr_mhc_configured.pdb
[PROCESSING] 4JFO
[SAVED] 4JFO: chains=3->3 matrix=4jfo_matrix.txt output=4jfo_mhc_configured.pdb
[PROCESSING] 6K60
[SAVED] 6K60: chains=4->4 matrix=6k60_matrix.txt output=6k60_mhc_configured.pdb
[PROCESSING] 4PRE
[SAVED] 4PRE: chains=3->3 matrix=4pre_matrix.txt output=4pre_mhc_configured.pdb
[PROCESSING] 8REF
[SAVED] 8REF: chains=3->3 matrix=8ref_matrix.txt output=8ref_mhc_configured.pdb
[PROCESSING] 6UZM
[SAVED] 6UZM: chains=3->3 matrix=6uzm_matrix.txt output=6uzm_mhc_configured.pdb
[PROCESSING] 3LKS
[SAVED] 3LKS: chains=3->3 matrix=3lks_matrix.txt output=3lks_mhc_configured.pdb
[PROCESSING] 6BJ8
[SAVED] 6BJ8: chains=5->5 matrix=6bj8_matrix.txt output=6bj8_mhc_configured.pdb
[PROCESSING] 3MRL
[SAVED] 3MRL: chains=3->3 matrix=3mrl_matrix.txt output=3mrl_mhc_configured.pdb
[PROCESSING] 1ZSD
[SAVED] 1ZSD: chains=3->3 matrix=1zsd_matrix.txt output=1zsd_mhc_configured.pdb
[PROCESSING] 4QRQ
[SAVED] 4QRQ: chains=3->3 matrix=4qrq_matrix.txt output=4qrq_mhc_configured.pdb
[PROCESSING] 3MV7
[SAVED] 3MV7: chains=5->5 matrix=3mv7_matrix.txt output=3mv7_mhc_configured.pdb
[PROCESSING] 1JGD
[SAVED] 1JGD: chains=3->3 matrix=1jgd_matrix.txt output=1jgd_mhc_configured.pdb
[PROCESSING] 6TMO
[SAVED] 6TMO: chains=5->5 matrix=6tmo_matrix.txt output=6tmo_mhc_configured.pdb
[PROCESSING] 7R80
[SAVED] 7R80: chains=5->5 matrix=7r80_matrix.txt output=7r80_mhc_configured.pdb
[PROCESSING] 7K80
[SAVED] 7K80: chains=4->4 matrix=7k80_matrix.txt output=7k80_mhc_configured.pdb
[PROCESSING] 6Q3K
[SAVED] 6Q3K: chains=3->3 matrix=6q3k_matrix.txt output=6q3k_mhc_configured.pdb
[PROCESSING] 1ZHL
[SAVED] 1ZHL: chains=3->3 matrix=1zhl_matrix.txt output=1zhl_mhc_configured.pdb
[PROCESSING] 2YPK
[SAVED] 2YPK: chains=3->3 matrix=2ypk_matrix.txt output=2ypk_mhc_configured.pdb
[PROCESSING] 3VCL
[SAVED] 3VCL: chains=3->3 matrix=3vcl_matrix.txt output=3vcl_mhc_configured.pdb
[PROCESSING] 7R7Y
[SAVED] 7R7Y: chains=3->3 matrix=7r7y_matrix.txt output=7r7y_mhc_configured.pdb
[PROCESSING] 8F7M
[SAVED] 8F7M: chains=3->3 matrix=8f7m_matrix.txt output=8f7m_mhc_configured.pdb
[PROCESSING] 8DNT
[SAVED] 8DNT: chains=5->5 matrix=8dnt_matrix.txt output=8dnt_mhc_configured.pdb
[PROCESSING] 1W0W
[SAVED] 1W0W: chains=3->3 matrix=1w0w_matrix.txt output=1w0w_mhc_configured.pdb
[PROCESSING] 7PHR
[FILTERED] 7PHR: removed_far_chains=['C', 'D', 'E', 'Z', 'e', 'z']
[SAVED] 7PHR: chains=11->5 matrix=7phr_matrix.txt output=7phr_mhc_configured.pdb
[PROCESSING] 5VGD
[SAVED] 5VGD: chains=3->3 matrix=5vgd_matrix.txt output=5vgd_mhc_configured.pdb
[PROCESSING] 8WTE
[SAVED] 8WTE: chains=5->5 matrix=8wte_matrix.txt output=8wte_mhc_configured.pdb
[PROCESSING] 7STF
[SAVED] 7STF: chains=5->5 matrix=7stf_matrix.txt output=7stf_mhc_configured.pdb
[PROCESSING] 7EU2
[SAVED] 7EU2: chains=3->3 matrix=7eu2_matrix.txt output=7eu2_mhc_configured.pdb
[PROCESSING] 9ASG
[SAVED] 9ASG: chains=3->3 matrix=9asg_matrix.txt output=9asg_mhc_configured.pdb
[PROCESSING] 6VR1
[SAVED] 6VR1: chains=3->3 matrix=6vr1_matrix.txt output=6vr1_mhc_configured.pdb
[PROCESSING] 1M6O
[SAVED] 1M6O: chains=3->3 matrix=1m6o_matrix.txt output=1m6o_mhc_configured.pdb
[PROCESSING] 9BL3
[SAVED] 9BL3: chains=4->4 matrix=9bl3_matrix.txt output=9bl3_mhc_configured.pdb
[PROCESSING] 6EWA
[SAVED] 6EWA: chains=4->4 matrix=6ewa_matrix.txt output=6ewa_mhc_configured.pdb
[PROCESSING] 5XOS
[SAVED] 5XOS: chains=3->3 matrix=5xos_matrix.txt output=5xos_mhc_configured.pdb
[PROCESSING] 6PYL
[SAVED] 6PYL: chains=3->3 matrix=6pyl_matrix.txt output=6pyl_mhc_configured.pdb
[PROCESSING] 6Y26
[SAVED] 6Y26: chains=3->3 matrix=6y26_matrix.txt output=6y26_mhc_configured.pdb
[PROCESSING] 7ST3
[SAVED] 7ST3: chains=2->2 matrix=7st3_matrix.txt output=7st3_mhc_configured.pdb
[PROCESSING] 5DEF
[SAVED] 5DEF: chains=3->3 matrix=5def_matrix.txt output=5def_mhc_configured.pdb
[PROCESSING] 2AK4
[SAVED] 2AK4: chains=5->5 matrix=2ak4_matrix.txt output=2ak4_mhc_configured.pdb
[PROCESSING] 1I1Y
[SAVED] 1I1Y: chains=3->3 matrix=1i1y_matrix.txt output=1i1y_mhc_configured.pdb
[PROCESSING] 5WMQ
[SAVED] 5WMQ: chains=3->3 matrix=5wmq_matrix.txt output=5wmq_mhc_configured.pdb
[PROCESSING] 6NCA
[SAVED] 6NCA: chains=3->3 matrix=6nca_matrix.txt output=6nca_mhc_configured.pdb
[PROCESSING] 4U1H
[SAVED] 4U1H: chains=3->3 matrix=4u1h_matrix.txt output=4u1h_mhc_configured.pdb
[PROCESSING] 3VH8
[SAVED] 3VH8: chains=4->4 matrix=3vh8_matrix.txt output=3vh8_mhc_configured.pdb
[PROCESSING] 1W0V
[SAVED] 1W0V: chains=3->3 matrix=1w0v_matrix.txt output=1w0v_mhc_configured.pdb
[PROCESSING] 5GRG
[SAVED] 5GRG: chains=4->4 matrix=5grg_matrix.txt output=5grg_mhc_configured.pdb
[PROCESSING] 2HJK
[SAVED] 2HJK: chains=3->3 matrix=2hjk_matrix.txt output=2hjk_mhc_configured.pdb
[PROCESSING] 3VFO
[SAVED] 3VFO: chains=3->3 matrix=3vfo_matrix.txt output=3vfo_mhc_configured.pdb
[PROCESSING] 7SSH
[SAVED] 7SSH: chains=2->2 matrix=7ssh_matrix.txt output=7ssh_mhc_configured.pdb
[PROCESSING] 3L3I
[SAVED] 3L3I: chains=3->3 matrix=3l3i_matrix.txt output=3l3i_mhc_configured.pdb
[PROCESSING] 6PA1
[SAVED] 6PA1: chains=4->4 matrix=6pa1_matrix.txt output=6pa1_mhc_configured.pdb
[PROCESSING] 3HLA
[SAVED] 3HLA: chains=2->2 matrix=3hla_matrix.txt output=3hla_mhc_configured.pdb
[PROCESSING] 2X4O
[SAVED] 2X4O: chains=3->3 matrix=2x4o_matrix.txt output=2x4o_mhc_configured.pdb
[PROCESSING] 9C6X
[SAVED] 9C6X: chains=1->1 matrix=9c6x_matrix.txt output=9c6x_mhc_configured.pdb
[PROCESSING] 1HHJ
[SAVED] 1HHJ: chains=3->3 matrix=1hhj_matrix.txt output=1hhj_mhc_configured.pdb
[PROCESSING] 7ALO
[SAVED] 7ALO: chains=3->3 matrix=7alo_matrix.txt output=7alo_mhc_configured.pdb
[PROCESSING] 5B38
[SAVED] 5B38: chains=4->4 matrix=5b38_matrix.txt output=5b38_mhc_configured.pdb
[PROCESSING] 7SQP
[SAVED] 7SQP: chains=2->2 matrix=7sqp_matrix.txt output=7sqp_mhc_configured.pdb
[PROCESSING] 2PYE
[SAVED] 2PYE: chains=5->5 matrix=2pye_matrix.txt output=2pye_mhc_configured.pdb
[PROCESSING] 3KPS
[SAVED] 3KPS: chains=5->5 matrix=3kps_matrix.txt output=3kps_mhc_configured.pdb
[PROCESSING] 3LKR
[SAVED] 3LKR: chains=3->3 matrix=3lkr_matrix.txt output=3lkr_mhc_configured.pdb
[PROCESSING] 6VQE
[SAVED] 6VQE: chains=3->3 matrix=6vqe_matrix.txt output=6vqe_mhc_configured.pdb
[PROCESSING] 3B3I
[SAVED] 3B3I: chains=3->3 matrix=3b3i_matrix.txt output=3b3i_mhc_configured.pdb
[PROCESSING] 5GRD
[SAVED] 5GRD: chains=3->3 matrix=5grd_matrix.txt output=5grd_mhc_configured.pdb
[PROCESSING] 6G3K
[SAVED] 6G3K: chains=3->3 matrix=6g3k_matrix.txt output=6g3k_mhc_configured.pdb
[PROCESSING] 2X4R
[SAVED] 2X4R: chains=3->3 matrix=2x4r_matrix.txt output=2x4r_mhc_configured.pdb
[PROCESSING] 8GVB
[SAVED] 8GVB: chains=5->5 matrix=8gvb_matrix.txt output=8gvb_mhc_configured.pdb
[PROCESSING] 8VJZ
[SAVED] 8VJZ: chains=3->3 matrix=8vjz_matrix.txt output=8vjz_mhc_configured.pdb
[PROCESSING] 4PRD
[SAVED] 4PRD: chains=3->3 matrix=4prd_matrix.txt output=4prd_mhc_configured.pdb
[PROCESSING] 4L3C
[SAVED] 4L3C: chains=3->3 matrix=4l3c_matrix.txt output=4l3c_mhc_configured.pdb
[PROCESSING] 6D78
[SAVED] 6D78: chains=5->5 matrix=6d78_matrix.txt output=6d78_mhc_configured.pdb
[PROCESSING] 8V4Z
[SAVED] 8V4Z: chains=5->5 matrix=8v4z_matrix.txt output=8v4z_mhc_configured.pdb
[PROCESSING] 6VRN
[SAVED] 6VRN: chains=5->5 matrix=6vrn_matrix.txt output=6vrn_mhc_configured.pdb
[PROCESSING] 8TNJ
[SAVED] 8TNJ: chains=5->5 matrix=8tnj_matrix.txt output=8tnj_mhc_configured.pdb
[PROCESSING] 5NMG
[SAVED] 5NMG: chains=5->5 matrix=5nmg_matrix.txt output=5nmg_mhc_configured.pdb
[PROCESSING] 9BL9
[SAVED] 9BL9: chains=4->4 matrix=9bl9_matrix.txt output=9bl9_mhc_configured.pdb
[PROCESSING] 4QRU
[SAVED] 4QRU: chains=3->3 matrix=4qru_matrix.txt output=4qru_mhc_configured.pdb
[PROCESSING] 3KPR
[SAVED] 3KPR: chains=5->5 matrix=3kpr_matrix.txt output=3kpr_mhc_configured.pdb
[PROCESSING] 2CIK
[SAVED] 2CIK: chains=3->3 matrix=2cik_matrix.txt output=2cik_mhc_configured.pdb
[PROCESSING] 4K7F
[SAVED] 4K7F: chains=3->3 matrix=4k7f_matrix.txt output=4k7f_mhc_configured.pdb
[PROCESSING] 7T0L
[SAVED] 7T0L: chains=5->5 matrix=7t0l_matrix.txt output=7t0l_mhc_configured.pdb
[PROCESSING] 3KWW
[SAVED] 3KWW: chains=3->3 matrix=3kww_matrix.txt output=3kww_mhc_configured.pdb
[PROCESSING] 2BVQ
[SAVED] 2BVQ: chains=3->3 matrix=2bvq_matrix.txt output=2bvq_mhc_configured.pdb
[PROCESSING] 3VFM
[SAVED] 3VFM: chains=3->3 matrix=3vfm_matrix.txt output=3vfm_mhc_configured.pdb
[PROCESSING] 2BSS
[SAVED] 2BSS: chains=3->3 matrix=2bss_matrix.txt output=2bss_mhc_configured.pdb
[PROCESSING] 3L3D
[SAVED] 3L3D: chains=3->3 matrix=3l3d_matrix.txt output=3l3d_mhc_configured.pdb
[PROCESSING] 2NW3
[SAVED] 2NW3: chains=3->3 matrix=2nw3_matrix.txt output=2nw3_mhc_configured.pdb
[PROCESSING] 7X1B
[SAVED] 7X1B: chains=3->3 matrix=7x1b_matrix.txt output=7x1b_mhc_configured.pdb
[PROCESSING] 3QDG
[SAVED] 3QDG: chains=5->5 matrix=3qdg_matrix.txt output=3qdg_mhc_configured.pdb
[PROCESSING] 4JQX
[SAVED] 4JQX: chains=3->3 matrix=4jqx_matrix.txt output=4jqx_mhc_configured.pdb
[PROCESSING] 5MER
[SAVED] 5MER: chains=3->3 matrix=5mer_matrix.txt output=5mer_mhc_configured.pdb
[PROCESSING] 3DXA
[SAVED] 3DXA: chains=5->5 matrix=3dxa_matrix.txt output=3dxa_mhc_configured.pdb
[PROCESSING] 2BST
[SAVED] 2BST: chains=3->3 matrix=2bst_matrix.txt output=2bst_mhc_configured.pdb
[PROCESSING] 4QRT
[SAVED] 4QRT: chains=3->3 matrix=4qrt_matrix.txt output=4qrt_mhc_configured.pdb
[PROCESSING] 9BL4
[SAVED] 9BL4: chains=4->4 matrix=9bl4_matrix.txt output=9bl4_mhc_configured.pdb
[PROCESSING] 8RJ5
[SAVED] 8RJ5: chains=5->5 matrix=8rj5_matrix.txt output=8rj5_mhc_configured.pdb
[PROCESSING] 6VB3
[SAVED] 6VB3: chains=3->3 matrix=6vb3_matrix.txt output=6vb3_mhc_configured.pdb
[PROCESSING] 8FJB
[SAVED] 8FJB: chains=5->5 matrix=8fjb_matrix.txt output=8fjb_mhc_configured.pdb
[PROCESSING] 5D2L
[SAVED] 5D2L: chains=5->5 matrix=5d2l_matrix.txt output=5d2l_mhc_configured.pdb
[PROCESSING] 6EQB
[SAVED] 6EQB: chains=5->5 matrix=6eqb_matrix.txt output=6eqb_mhc_configured.pdb
[PROCESSING] 6PYW
[SAVED] 6PYW: chains=3->3 matrix=6pyw_matrix.txt output=6pyw_mhc_configured.pdb
[PROCESSING] 3QEQ
[SAVED] 3QEQ: chains=5->5 matrix=3qeq_matrix.txt output=3qeq_mhc_configured.pdb
[PROCESSING] 7CIR
[SAVED] 7CIR: chains=3->3 matrix=7cir_matrix.txt output=7cir_mhc_configured.pdb
[PROCESSING] 5IB5
[SAVED] 5IB5: chains=3->3 matrix=5ib5_matrix.txt output=5ib5_mhc_configured.pdb
[PROCESSING] 2P5W
[SAVED] 2P5W: chains=5->5 matrix=2p5w_matrix.txt output=2p5w_mhc_configured.pdb
[PROCESSING] 3MV8
[SAVED] 3MV8: chains=5->5 matrix=3mv8_matrix.txt output=3mv8_mhc_configured.pdb
[PROCESSING] 3WUW
[SAVED] 3WUW: chains=4->4 matrix=3wuw_matrix.txt output=3wuw_mhc_configured.pdb
[PROCESSING] 5B39
[SAVED] 5B39: chains=4->4 matrix=5b39_matrix.txt output=5b39_mhc_configured.pdb
[PROCESSING] 3UPR
[SAVED] 3UPR: chains=3->3 matrix=3upr_matrix.txt output=3upr_mhc_configured.pdb
[PROCESSING] 3O3D
[SAVED] 3O3D: chains=3->3 matrix=3o3d_matrix.txt output=3o3d_mhc_configured.pdb
[PROCESSING] 8GVG
[SAVED] 8GVG: chains=5->5 matrix=8gvg_matrix.txt output=8gvg_mhc_configured.pdb
[PROCESSING] 2C7U
[SAVED] 2C7U: chains=3->3 matrix=2c7u_matrix.txt output=2c7u_mhc_configured.pdb
[PROCESSING] 4GKN
[SAVED] 4GKN: chains=3->3 matrix=4gkn_matrix.txt output=4gkn_mhc_configured.pdb
[PROCESSING] 1KTL
[SAVED] 1KTL: chains=3->3 matrix=1ktl_matrix.txt output=1ktl_mhc_configured.pdb
[PROCESSING] 6Y2B
[SAVED] 6Y2B: chains=3->3 matrix=6y2b_matrix.txt output=6y2b_mhc_configured.pdb
[PROCESSING] 2X4U
[SAVED] 2X4U: chains=3->3 matrix=2x4u_matrix.txt output=2x4u_mhc_configured.pdb
[PROCESSING] 3SKM
[SAVED] 3SKM: chains=3->3 matrix=3skm_matrix.txt output=3skm_mhc_configured.pdb
[PROCESSING] 8RCV
[SAVED] 8RCV: chains=3->3 matrix=8rcv_matrix.txt output=8rcv_mhc_configured.pdb
[PROCESSING] 6Y29
[SAVED] 6Y29: chains=3->3 matrix=6y29_matrix.txt output=6y29_mhc_configured.pdb
[PROCESSING] 4EUP
[SAVED] 4EUP: chains=5->5 matrix=4eup_matrix.txt output=4eup_mhc_configured.pdb
[PROCESSING] 3LV3
[SAVED] 3LV3: chains=3->3 matrix=3lv3_matrix.txt output=3lv3_mhc_configured.pdb
[PROCESSING] 2AXF
[SAVED] 2AXF: chains=3->3 matrix=2axf_matrix.txt output=2axf_mhc_configured.pdb
[PROCESSING] 3BP7
[SAVED] 3BP7: chains=3->3 matrix=3bp7_matrix.txt output=3bp7_mhc_configured.pdb
[PROCESSING] 3KPN
[SAVED] 3KPN: chains=3->3 matrix=3kpn_matrix.txt output=3kpn_mhc_configured.pdb
[PROCESSING] 1TMC
[SAVED] 1TMC: chains=3->3 matrix=1tmc_matrix.txt output=1tmc_mhc_configured.pdb
[PROCESSING] 3QDJ
[SAVED] 3QDJ: chains=5->5 matrix=3qdj_matrix.txt output=3qdj_mhc_configured.pdb
[PROCESSING] 5WMR
[SAVED] 5WMR: chains=3->3 matrix=5wmr_matrix.txt output=5wmr_mhc_configured.pdb
[PROCESSING] 7RE7
[SAVED] 7RE7: chains=5->5 matrix=7re7_matrix.txt output=7re7_mhc_configured.pdb
[PROCESSING] 5DEG
[SAVED] 5DEG: chains=3->3 matrix=5deg_matrix.txt output=5deg_mhc_configured.pdb
[PROCESSING] 5IB1
[SAVED] 5IB1: chains=3->3 matrix=5ib1_matrix.txt output=5ib1_mhc_configured.pdb
[PROCESSING] 4G9D
[SAVED] 4G9D: chains=3->3 matrix=4g9d_matrix.txt output=4g9d_mhc_configured.pdb
[PROCESSING] 8VRA
[SAVED] 8VRA: chains=5->5 matrix=8vra_matrix.txt output=8vra_mhc_configured.pdb
[PROCESSING] 2VLR
[SAVED] 2VLR: chains=5->5 matrix=2vlr_matrix.txt output=2vlr_mhc_configured.pdb
[PROCESSING] 3BP4
[SAVED] 3BP4: chains=3->3 matrix=3bp4_matrix.txt output=3bp4_mhc_configured.pdb
[PROCESSING] 6VQD
[SAVED] 6VQD: chains=3->3 matrix=6vqd_matrix.txt output=6vqd_mhc_configured.pdb
[PROCESSING] 8HN4
[SAVED] 8HN4: chains=3->3 matrix=8hn4_matrix.txt output=8hn4_mhc_configured.pdb
[PROCESSING] 1M05
[SAVED] 1M05: chains=3->3 matrix=1m05_matrix.txt output=1m05_mhc_configured.pdb
[PROCESSING] 7DYN
[SAVED] 7DYN: chains=3->3 matrix=7dyn_matrix.txt output=7dyn_mhc_configured.pdb
[PROCESSING] 6Y28
[SAVED] 6Y28: chains=3->3 matrix=6y28_matrix.txt output=6y28_mhc_configured.pdb
[PROCESSING] 7CIS
[SAVED] 7CIS: chains=3->3 matrix=7cis_matrix.txt output=7cis_mhc_configured.pdb
[PROCESSING] 1KPR
[SAVED] 1KPR: chains=3->3 matrix=1kpr_matrix.txt output=1kpr_mhc_configured.pdb
[PROCESSING] 4G9F
[SAVED] 4G9F: chains=5->5 matrix=4g9f_matrix.txt output=4g9f_mhc_configured.pdb
[PROCESSING] 5D2N
[SAVED] 5D2N: chains=5->5 matrix=5d2n_matrix.txt output=5d2n_mhc_configured.pdb
[PROCESSING] 1A1M
[SAVED] 1A1M: chains=3->3 matrix=1a1m_matrix.txt output=1a1m_mhc_configured.pdb
[PROCESSING] 3BO8
[SAVED] 3BO8: chains=3->3 matrix=3bo8_matrix.txt output=3bo8_mhc_configured.pdb
[PROCESSING] 9C6W
[SAVED] 9C6W: chains=1->1 matrix=9c6w_matrix.txt output=9c6w_mhc_configured.pdb
[PROCESSING] 6EI2
[SAVED] 6EI2: chains=3->3 matrix=6ei2_matrix.txt output=6ei2_mhc_configured.pdb
[PROCESSING] 6Y27
[SAVED] 6Y27: chains=3->3 matrix=6y27_matrix.txt output=6y27_mhc_configured.pdb
[PROCESSING] 4G8I
[SAVED] 4G8I: chains=3->3 matrix=4g8i_matrix.txt output=4g8i_mhc_configured.pdb
[PROCESSING] 8ESB
[SAVED] 8ESB: chains=3->3 matrix=8esb_matrix.txt output=8esb_mhc_configured.pdb
[PROCESSING] 8RRO
[SAVED] 8RRO: chains=5->5 matrix=8rro_matrix.txt output=8rro_mhc_configured.pdb
[PROCESSING] 6VPZ
[SAVED] 6VPZ: chains=3->3 matrix=6vpz_matrix.txt output=6vpz_mhc_configured.pdb
[PROCESSING] 6APN
[SAVED] 6APN: chains=1->1 matrix=6apn_matrix.txt output=6apn_mhc_configured.pdb
[PROCESSING] 1UXW
[SAVED] 1UXW: chains=3->3 matrix=1uxw_matrix.txt output=1uxw_mhc_configured.pdb
[PROCESSING] 8YIV
[SAVED] 8YIV: chains=5->5 matrix=8yiv_matrix.txt output=8yiv_mhc_configured.pdb
[PROCESSING] 9C6V
[SAVED] 9C6V: chains=1->1 matrix=9c6v_matrix.txt output=9c6v_mhc_configured.pdb
[PROCESSING] 3CZF
[SAVED] 3CZF: chains=3->3 matrix=3czf_matrix.txt output=3czf_mhc_configured.pdb
[PROCESSING] 1HSA
[SAVED] 1HSA: chains=3->3 matrix=1hsa_matrix.txt output=1hsa_mhc_configured.pdb
[PROCESSING] 5IB4
[SAVED] 5IB4: chains=3->3 matrix=5ib4_matrix.txt output=5ib4_mhc_configured.pdb
[PROCESSING] 2A83
[SAVED] 2A83: chains=3->3 matrix=2a83_matrix.txt output=2a83_mhc_configured.pdb
[PROCESSING] 2BSR
[SAVED] 2BSR: chains=3->3 matrix=2bsr_matrix.txt output=2bsr_mhc_configured.pdb
[PROCESSING] 8T7R
[FILTERED] 8T7R: removed_far_chains=['0', '1', '2', '3', '4', '5', 'A', 'B', 'C', 'D', 'E', 'F', 'G', 'H', 'I', 'J', 'K', 'L', 'M', 'N', 'O', 'P', 'Q', 'R', 'S', 'T', 'U', 'V', 'W', 'X', 'Y', 'Z', 'b', 'd', 'f', 'k', 'l', 'o', 'p', 's', 't']
[SAVED] 8T7R: chains=50->9 matrix=8t7r_matrix.txt output=8t7r_mhc_configured.pdb
[PROCESSING] 1OF2
[SAVED] 1OF2: chains=3->3 matrix=1of2_matrix.txt output=1of2_mhc_configured.pdb
[PROCESSING] 8VR9
[SAVED] 8VR9: chains=5->5 matrix=8vr9_matrix.txt output=8vr9_mhc_configured.pdb
[PROCESSING] 8T6M
[SAVED] 8T6M: chains=7->7 matrix=8t6m_matrix.txt output=8t6m_mhc_configured.pdb
[PROCESSING] 7CIQ
[SAVED] 7CIQ: chains=3->3 matrix=7ciq_matrix.txt output=7ciq_mhc_configured.pdb
[PROCESSING] 5VGE
[SAVED] 5VGE: chains=3->3 matrix=5vge_matrix.txt output=5vge_mhc_configured.pdb
[PROCESSING] 6UON
[SAVED] 6UON: chains=5->5 matrix=6uon_matrix.txt output=6uon_mhc_configured.pdb
[PROCESSING] 8YJ2
[SAVED] 8YJ2: chains=5->5 matrix=8yj2_matrix.txt output=8yj2_mhc_configured.pdb
[PROCESSING] 5IB2
[SAVED] 5IB2: chains=3->3 matrix=5ib2_matrix.txt output=5ib2_mhc_configured.pdb
[PROCESSING] 3B6S
[SAVED] 3B6S: chains=3->3 matrix=3b6s_matrix.txt output=3b6s_mhc_configured.pdb
[PROCESSING] 1OGT
[SAVED] 1OGT: chains=3->3 matrix=1ogt_matrix.txt output=1ogt_mhc_configured.pdb
[PROCESSING] 7N2Q
[SAVED] 7N2Q: chains=5->5 matrix=7n2q_matrix.txt output=7n2q_mhc_configured.pdb
[PROCESSING] 6Y2A
[SAVED] 6Y2A: chains=3->3 matrix=6y2a_matrix.txt output=6y2a_mhc_configured.pdb
[PROCESSING] 8V50
[SAVED] 8V50: chains=5->5 matrix=8v50_matrix.txt output=8v50_mhc_configured.pdb
[PROCESSING] 8GVI
[SAVED] 8GVI: chains=5->5 matrix=8gvi_matrix.txt output=8gvi_mhc_configured.pdb
[PROCESSING] 3CII
[SAVED] 3CII: chains=5->5 matrix=3cii_matrix.txt output=3cii_mhc_configured.pdb
[PROCESSING] 7QPD
[FILTERED] 7QPD: removed_far_chains=['A']
[SAVED] 7QPD: chains=7->6 matrix=7qpd_matrix.txt output=7qpd_mhc_configured.pdb
[PROCESSING] 4U1K
[SAVED] 4U1K: chains=3->3 matrix=4u1k_matrix.txt output=4u1k_mhc_configured.pdb
[PROCESSING] 1JGE
[SAVED] 1JGE: chains=3->3 matrix=1jge_matrix.txt output=1jge_mhc_configured.pdb
[PROCESSING] 8ESA
[SAVED] 8ESA: chains=3->3 matrix=8esa_matrix.txt output=8esa_mhc_configured.pdb
[PROCESSING] 5IB3
[SAVED] 5IB3: chains=3->3 matrix=5ib3_matrix.txt output=5ib3_mhc_configured.pdb
[PROCESSING] 1UXS
[SAVED] 1UXS: chains=3->3 matrix=1uxs_matrix.txt output=1uxs_mhc_configured.pdb
[PROCESSING] 2HLA
[SAVED] 2HLA: chains=2->2 matrix=2hla_matrix.txt output=2hla_mhc_configured.pdb
[PROCESSING] 8EC5
[SAVED] 8EC5: chains=3->3 matrix=8ec5_matrix.txt output=8ec5_mhc_configured.pdb
[PROCESSING] 8VRB
[SAVED] 8VRB: chains=5->5 matrix=8vrb_matrix.txt output=8vrb_mhc_configured.pdb
[PROCESSING] 1QQD
[SAVED] 1QQD: chains=3->3 matrix=1qqd_matrix.txt output=1qqd_mhc_configured.pdb
[PROCESSING] 7DUU
[SAVED] 7DUU: chains=4->4 matrix=7duu_matrix.txt output=7duu_mhc_configured.pdb
[PROCESSING] 1EFX
[FILTERED] 1EFX: removed_far_chains=['E']
[SAVED] 1EFX: chains=5->4 matrix=1efx_matrix.txt output=1efx_mhc_configured.pdb
[PROCESSING] 8TMU
[SAVED] 8TMU: chains=4->4 matrix=8tmu_matrix.txt output=8tmu_mhc_configured.pdb
[PROCESSING] 5XS3
[SAVED] 5XS3: chains=3->3 matrix=5xs3_matrix.txt output=5xs3_mhc_configured.pdb
[PROCESSING] 1IM9
[FILTERED] 1IM9: removed_far_chains=['F']
[SAVED] 1IM9: chains=7->6 matrix=1im9_matrix.txt output=1im9_mhc_configured.pdb
[PROCESSING] 5E6I
[SAVED] 5E6I: chains=5->5 matrix=5e6i_matrix.txt output=5e6i_mhc_configured.pdb
[PROCESSING] 9C3E
[FILTERED] 9C3E: removed_far_chains=['D', 'E', 'F', 'G', 'N', 'X', 'Y']
[SAVED] 9C3E: chains=10->3 matrix=9c3e_matrix.txt output=9c3e_mhc_configured.pdb
[PROCESSING] 6PUI
[SAVED] 6PUI: chains=4->4 matrix=6pui_matrix.txt output=6pui_mhc_configured.pdb
[PROCESSING] 5U1R
[SAVED] 5U1R: chains=4->4 matrix=5u1r_matrix.txt output=5u1r_mhc_configured.pdb
[PROCESSING] 5U72
[SAVED] 5U72: chains=4->4 matrix=5u72_matrix.txt output=5u72_mhc_configured.pdb
[PROCESSING] 6PUL
[SAVED] 6PUL: chains=4->4 matrix=6pul_matrix.txt output=6pul_mhc_configured.pdb
[PROCESSING] 5U16
[SAVED] 5U16: chains=4->4 matrix=5u16_matrix.txt output=5u16_mhc_configured.pdb
[PROCESSING] 6PUD
[SAVED] 6PUD: chains=4->4 matrix=6pud_matrix.txt output=6pud_mhc_configured.pdb
[PROCESSING] 6XQP
[SAVED] 6XQP: chains=4->4 matrix=6xqp_matrix.txt output=6xqp_mhc_configured.pdb
[PROCESSING] 7ZT8
[SAVED] 7ZT8: chains=4->4 matrix=7zt8_matrix.txt output=7zt8_mhc_configured.pdb
[PROCESSING] 9BTX
[SAVED] 9BTX: chains=4->4 matrix=9btx_matrix.txt output=9btx_mhc_configured.pdb
[PROCESSING] 5U6Q
[SAVED] 5U6Q: chains=4->4 matrix=5u6q_matrix.txt output=5u6q_mhc_configured.pdb
[PROCESSING] 4NQD
[SAVED] 4NQD: chains=2->2 matrix=4nqd_matrix.txt output=4nqd_mhc_configured.pdb
[PROCESSING] 6PUM
[SAVED] 6PUM: chains=4->4 matrix=6pum_matrix.txt output=6pum_mhc_configured.pdb
[PROCESSING] 4L4V
[SAVED] 4L4V: chains=4->4 matrix=4l4v_matrix.txt output=4l4v_mhc_configured.pdb
[PROCESSING] 6PUC
[SAVED] 6PUC: chains=4->4 matrix=6puc_matrix.txt output=6puc_mhc_configured.pdb
[PROCESSING] 6PUJ
[SAVED] 6PUJ: chains=4->4 matrix=6puj_matrix.txt output=6puj_mhc_configured.pdb
[PROCESSING] 6W9U
[SAVED] 6W9U: chains=4->4 matrix=6w9u_matrix.txt output=6w9u_mhc_configured.pdb
[PROCESSING] 6PUH
[SAVED] 6PUH: chains=4->4 matrix=6puh_matrix.txt output=6puh_mhc_configured.pdb
[PROCESSING] 9CGR
[SAVED] 9CGR: chains=4->4 matrix=9cgr_matrix.txt output=9cgr_mhc_configured.pdb
[PROCESSING] 8Y6X
[SAVED] 8Y6X: chains=4->4 matrix=8y6x_matrix.txt output=8y6x_mhc_configured.pdb
[PROCESSING] 4PJF
[SAVED] 4PJF: chains=4->4 matrix=4pjf_matrix.txt output=4pjf_mhc_configured.pdb
[PROCESSING] 5D7I
[SAVED] 5D7I: chains=4->4 matrix=5d7i_matrix.txt output=5d7i_mhc_configured.pdb
[PROCESSING] 6PVD
[SAVED] 6PVD: chains=4->4 matrix=6pvd_matrix.txt output=6pvd_mhc_configured.pdb
[PROCESSING] 6PVC
[SAVED] 6PVC: chains=4->4 matrix=6pvc_matrix.txt output=6pvc_mhc_configured.pdb
[PROCESSING] 6PUF
[SAVED] 6PUF: chains=4->4 matrix=6puf_matrix.txt output=6puf_mhc_configured.pdb
[PROCESSING] 4PJI
[SAVED] 4PJI: chains=4->4 matrix=4pji_matrix.txt output=4pji_mhc_configured.pdb
[PROCESSING] 4NQE
[SAVED] 4NQE: chains=4->4 matrix=4nqe_matrix.txt output=4nqe_mhc_configured.pdb
[PROCESSING] 4NQC
[SAVED] 4NQC: chains=2->2 matrix=4nqc_matrix.txt output=4nqc_mhc_configured.pdb
[PROCESSING] 5U2V
[SAVED] 5U2V: chains=4->4 matrix=5u2v_matrix.txt output=5u2v_mhc_configured.pdb
[PROCESSING] 4PJ5
[SAVED] 4PJ5: chains=4->4 matrix=4pj5_matrix.txt output=4pj5_mhc_configured.pdb
[PROCESSING] 9BTY
[FILTERED] 9BTY: removed_far_chains=['C', 'D', 'E', 'F']
[SAVED] 9BTY: chains=8->4 matrix=9bty_matrix.txt output=9bty_mhc_configured.pdb
[PROCESSING] 6PUG
[SAVED] 6PUG: chains=4->4 matrix=6pug_matrix.txt output=6pug_mhc_configured.pdb
[PROCESSING] 6PUE
[SAVED] 6PUE: chains=4->4 matrix=6pue_matrix.txt output=6pue_mhc_configured.pdb
[PROCESSING] 5U17
[SAVED] 5U17: chains=4->4 matrix=5u17_matrix.txt output=5u17_mhc_configured.pdb
[PROCESSING] 7ZT3
[SAVED] 7ZT3: chains=4->4 matrix=7zt3_matrix.txt output=7zt3_mhc_configured.pdb
[PROCESSING] 4PJE
[SAVED] 4PJE: chains=4->4 matrix=4pje_matrix.txt output=4pje_mhc_configured.pdb
[PROCESSING] 4PJ8
[SAVED] 4PJ8: chains=4->4 matrix=4pj8_matrix.txt output=4pj8_mhc_configured.pdb
[PROCESSING] 5D7L
[SAVED] 5D7L: chains=2->2 matrix=5d7l_matrix.txt output=5d7l_mhc_configured.pdb
[PROCESSING] 6PUK
[SAVED] 6PUK: chains=4->4 matrix=6puk_matrix.txt output=6puk_mhc_configured.pdb
[PROCESSING] 6W9V
[SAVED] 6W9V: chains=4->4 matrix=6w9v_matrix.txt output=6w9v_mhc_configured.pdb
[PROCESSING] 7ZT2
[SAVED] 7ZT2: chains=4->4 matrix=7zt2_matrix.txt output=7zt2_mhc_configured.pdb
[PROCESSING] 4PJ9
[SAVED] 4PJ9: chains=4->4 matrix=4pj9_matrix.txt output=4pj9_mhc_configured.pdb
[PROCESSING] 9BTZ
[SAVED] 9BTZ: chains=4->4 matrix=9btz_matrix.txt output=9btz_mhc_configured.pdb
[PROCESSING] 4PJG
[SAVED] 4PJG: chains=4->4 matrix=4pjg_matrix.txt output=4pjg_mhc_configured.pdb
[PROCESSING] 4PJC
[SAVED] 4PJC: chains=4->4 matrix=4pjc_matrix.txt output=4pjc_mhc_configured.pdb
[PROCESSING] 7UFJ
[SAVED] 7UFJ: chains=4->4 matrix=7ufj_matrix.txt output=7ufj_mhc_configured.pdb
[PROCESSING] 5D7J
[SAVED] 5D7J: chains=4->4 matrix=5d7j_matrix.txt output=5d7j_mhc_configured.pdb
[PROCESSING] 4PJ7
[SAVED] 4PJ7: chains=4->4 matrix=4pj7_matrix.txt output=4pj7_mhc_configured.pdb
[PROCESSING] 9BU0
[FILTERED] 9BU0: removed_far_chains=['C', 'D', 'E', 'F']
[SAVED] 9BU0: chains=8->4 matrix=9bu0_matrix.txt output=9bu0_mhc_configured.pdb
[PROCESSING] 4PJH
[SAVED] 4PJH: chains=4->4 matrix=4pjh_matrix.txt output=4pjh_mhc_configured.pdb
[PROCESSING] 5D5M
[SAVED] 5D5M: chains=2->2 matrix=5d5m_matrix.txt output=5d5m_mhc_configured.pdb
[PROCESSING] 8BP6
[SAVED] 8BP6: chains=1->1 matrix=8bp6_matrix.txt output=8bp6_mhc_configured.pdb
[PROCESSING] 7ZT5
[SAVED] 7ZT5: chains=4->4 matrix=7zt5_matrix.txt output=7zt5_mhc_configured.pdb
[PROCESSING] 4PJD
[SAVED] 4PJD: chains=4->4 matrix=4pjd_matrix.txt output=4pjd_mhc_configured.pdb
[PROCESSING] 7ZT7
[SAVED] 7ZT7: chains=4->4 matrix=7zt7_matrix.txt output=7zt7_mhc_configured.pdb
[PROCESSING] 4PJX
[SAVED] 4PJX: chains=4->4 matrix=4pjx_matrix.txt output=4pjx_mhc_configured.pdb
[PROCESSING] 7ZT4
[SAVED] 7ZT4: chains=4->4 matrix=7zt4_matrix.txt output=7zt4_mhc_configured.pdb
[PROCESSING] 4PJA
[SAVED] 4PJA: chains=4->4 matrix=4pja_matrix.txt output=4pja_mhc_configured.pdb
[PROCESSING] 7LLI
[SAVED] 7LLI: chains=4->4 matrix=7lli_matrix.txt output=7lli_mhc_configured.pdb
[PROCESSING] 4LCW
[SAVED] 4LCW: chains=4->4 matrix=4lcw_matrix.txt output=4lcw_mhc_configured.pdb
[PROCESSING] 4L4T
[SAVED] 4L4T: chains=4->4 matrix=4l4t_matrix.txt output=4l4t_mhc_configured.pdb
[PROCESSING] 7UMG
[SAVED] 7UMG: chains=4->4 matrix=7umg_matrix.txt output=7umg_mhc_configured.pdb
[PROCESSING] 4GUP
[SAVED] 4GUP: chains=2->2 matrix=4gup_matrix.txt output=4gup_mhc_configured.pdb
[PROCESSING] 7ZT9
[SAVED] 7ZT9: chains=4->4 matrix=7zt9_matrix.txt output=7zt9_mhc_configured.pdb
[PROCESSING] 4PJB
[SAVED] 4PJB: chains=4->4 matrix=4pjb_matrix.txt output=4pjb_mhc_configured.pdb
[PROCESSING] 7LLJ
[SAVED] 7LLJ: chains=4->4 matrix=7llj_matrix.txt output=7llj_mhc_configured.pdb
[PROCESSING] 1T7X
[SAVED] 1T7X: chains=2->2 matrix=1t7x_matrix.txt output=1t7x_mhc_configured.pdb
[PROCESSING] 6MWR
[SAVED] 6MWR: chains=4->4 matrix=6mwr_matrix.txt output=6mwr_mhc_configured.pdb
[PROCESSING] 1T7Y
[SAVED] 1T7Y: chains=2->2 matrix=1t7y_matrix.txt output=1t7y_mhc_configured.pdb
[PROCESSING] 3ES6
[SAVED] 3ES6: chains=2->2 matrix=3es6_matrix.txt output=3es6_mhc_configured.pdb
[PROCESSING] 1T7Z
[SAVED] 1T7Z: chains=2->2 matrix=1t7z_matrix.txt output=1t7z_mhc_configured.pdb
[PROCESSING] 1T80
[SAVED] 1T80: chains=2->2 matrix=1t80_matrix.txt output=1t80_mhc_configured.pdb
[PROCESSING] 1DE4
[FILTERED] 1DE4: removed_far_chains=['D', 'E']
[SAVED] 1DE4: chains=6->4 matrix=1de4_matrix.txt output=1de4_mhc_configured.pdb
[PROCESSING] 1T7V
[SAVED] 1T7V: chains=2->2 matrix=1t7v_matrix.txt output=1t7v_mhc_configured.pdb
[PROCESSING] 1T7W
[SAVED] 1T7W: chains=2->2 matrix=1t7w_matrix.txt output=1t7w_mhc_configured.pdb
[PROCESSING] 6R2U
[SAVED] 6R2U: chains=1->1 matrix=6r2u_matrix.txt output=6r2u_mhc_configured.pdb
[PROCESSING] 1A6Z
[SAVED] 1A6Z: chains=2->2 matrix=1a6z_matrix.txt output=1a6z_mhc_configured.pdb
[PROCESSING] 1ZAG
[SAVED] 1ZAG: chains=2->2 matrix=1zag_matrix.txt output=1zag_mhc_configured.pdb
[PROCESSING] 6NHA
[FILTERED] 6NHA: removed_far_chains=['H-2']
[SAVED] 6NHA: chains=4->3 matrix=6nha_matrix.txt output=6nha_mhc_configured.pdb
[PROCESSING] 6C98
[SAVED] 6C98: chains=2->2 matrix=6c98_matrix.txt output=6c98_mhc_configured.pdb
[PROCESSING] 7Q15
[FILTERED] 7Q15: removed_far_chains=['C', 'D', 'F', 'G', 'H']
[SAVED] 7Q15: chains=8->3 matrix=7q15_matrix.txt output=7q15_mhc_configured.pdb
[PROCESSING] 6WNA
[FILTERED] 6WNA: removed_far_chains=['C']
[SAVED] 6WNA: chains=4->3 matrix=6wna_matrix.txt output=6wna_mhc_configured.pdb
[PROCESSING] 6C97
[SAVED] 6C97: chains=2->2 matrix=6c97_matrix.txt output=6c97_mhc_configured.pdb
[PROCESSING] 6WOL
[FILTERED] 6WOL: removed_far_chains=['C']
[SAVED] 6WOL: chains=4->3 matrix=6wol_matrix.txt output=6wol_mhc_configured.pdb
[PROCESSING] 2WY3
[SAVED] 2WY3: chains=2->2 matrix=2wy3_matrix.txt output=2wy3_mhc_configured.pdb
[PROCESSING] 6QIO
[SAVED] 6QIO: chains=3->3 matrix=6qio_matrix.txt output=6qio_mhc_configured.pdb
[PROCESSING] 5BJT
[SAVED] 5BJT: chains=2->2 matrix=5bjt_matrix.txt output=5bjt_mhc_configured.pdb
[PROCESSING] 6C99
[SAVED] 6C99: chains=2->2 matrix=6c99_matrix.txt output=6c99_mhc_configured.pdb
[PROCESSING] 4N0F
[SAVED] 4N0F: chains=3->3 matrix=4n0f_matrix.txt output=4n0f_mhc_configured.pdb
[PROCESSING] 4N0U
[FILTERED] 4N0U: removed_far_chains=['A-2', 'B-2', 'C', 'C-2', 'D-2', 'E-2']
[SAVED] 4N0U: chains=10->4 matrix=4n0u_matrix.txt output=4n0u_mhc_configured.pdb
[PROCESSING] 6FGB
[SAVED] 6FGB: chains=4->4 matrix=6fgb_matrix.txt output=6fgb_mhc_configured.pdb
[PROCESSING] 6LA6
[FILTERED] 6LA6: removed_far_chains=['A', 'A-10', 'A-11', 'A-12', 'A-13', 'A-14', 'A-15', 'A-16', 'A-17', 'A-18', 'A-19', 'A-2', 'A-20', 'A-21', 'A-22', 'A-23', 'A-24', 'A-25', 'A-26', 'A-27', 'A-28', 'A-29', 'A-3', 'A-30', 'A-31', 'A-32', 'A-33', 'A-34', 'A-35', 'A-36', 'A-37', 'A-38', 'A-39', 'A-40', 'A-41', 'A-42', 'A-43', 'A-44', 'A-45', 'A-46', 'A-47', 'A-48', 'A-49', 'A-50', 'A-51', 'A-52', 'A-53', 'A-54', 'A-55', 'A-56', 'A-57', 'A-58', 'A-59', 'A-6', 'A-60', 'A-7', 'A-8', 'A-9', 'B', 'B-10', 'B-11', 'B-12', 'B-13', 'B-14', 'B-15', 'B-16', 'B-17', 'B-18', 'B-19', 'B-2', 'B-20', 'B-21', 'B-22', 'B-23', 'B-24', 'B-25', 'B-26', 'B-27', 'B-28', 'B-29', 'B-3', 'B-30', 'B-31', 'B-32', 'B-33', 'B-34', 'B-35', 'B-36', 'B-37', 'B-38', 'B-39', 'B-40', 'B-41', 'B-42', 'B-43', 'B-44', 'B-45', 'B-46', 'B-47', 'B-48', 'B-49', 'B-5', 'B-50', 'B-51', 'B-52', 'B-53', 'B-54', 'B-55', 'B-56', 'B-57', 'B-58', 'B-59', 'B-6', 'B-60', 'B-7', 'B-8', 'B-9', 'C', 'C-10', 'C-11', 'C-12', 'C-13', 'C-14', 'C-15', 'C-16', 'C-17', 'C-18', 'C-19', 'C-2', 'C-20', 'C-21', 'C-22', 'C-23', 'C-24', 'C-25', 'C-26', 'C-27', 'C-28', 'C-29', 'C-3', 'C-30', 'C-31', 'C-32', 'C-33', 'C-34', 'C-35', 'C-36', 'C-37', 'C-38', 'C-39', 'C-40', 'C-41', 'C-42', 'C-43', 'C-44', 'C-45', 'C-46', 'C-47', 'C-48', 'C-49', 'C-50', 'C-51', 'C-52', 'C-53', 'C-54', 'C-55', 'C-56', 'C-57', 'C-58', 'C-59', 'C-6', 'C-60', 'C-7', 'C-8', 'C-9', 'D', 'D-10', 'D-11', 'D-12', 'D-13', 'D-14', 'D-15', 'D-16', 'D-17', 'D-18', 'D-19', 'D-2', 'D-20', 'D-21', 'D-22', 'D-23', 'D-24', 'D-25', 'D-26', 'D-27', 'D-28', 'D-29', 'D-3', 'D-30', 'D-31', 'D-32', 'D-33', 'D-34', 'D-35', 'D-36', 'D-37', 'D-38', 'D-39', 'D-4', 'D-40', 'D-41', 'D-42', 'D-43', 'D-44', 'D-45', 'D-46', 'D-47', 'D-48', 'D-49', 'D-5', 'D-50', 'D-51', 'D-52', 'D-53', 'D-54', 'D-55', 'D-56', 'D-57', 'D-58', 'D-59', 'D-6', 'D-60', 'D-7', 'D-8', 'D-9', 'E', 'E-10', 'E-11', 'E-12', 'E-13', 'E-14', 'E-15', 'E-16', 'E-17', 'E-18', 'E-19', 'E-2', 'E-20', 'E-21', 'E-22', 'E-23', 'E-24', 'E-25', 'E-26', 'E-27', 'E-28', 'E-29', 'E-3', 'E-30', 'E-31', 'E-32', 'E-33', 'E-34', 'E-35', 'E-36', 'E-37', 'E-38', 'E-39', 'E-40', 'E-41', 'E-42', 'E-43', 'E-44', 'E-45', 'E-46', 'E-47', 'E-48', 'E-49', 'E-5', 'E-50', 'E-51', 'E-52', 'E-53', 'E-54', 'E-55', 'E-56', 'E-57', 'E-58', 'E-59', 'E-6', 'E-60', 'E-7', 'E-8', 'E-9', 'F', 'F-10', 'F-11', 'F-12', 'F-13', 'F-14', 'F-15', 'F-16', 'F-17', 'F-18', 'F-19', 'F-2', 'F-20', 'F-21', 'F-22', 'F-23', 'F-24', 'F-25', 'F-26', 'F-27', 'F-28', 'F-29', 'F-3', 'F-30', 'F-31', 'F-32', 'F-33', 'F-34', 'F-35', 'F-36', 'F-37', 'F-38', 'F-39', 'F-40', 'F-41', 'F-42', 'F-43', 'F-44', 'F-45', 'F-46', 'F-47', 'F-48', 'F-49', 'F-5', 'F-50', 'F-51', 'F-52', 'F-53', 'F-54', 'F-55', 'F-56', 'F-57', 'F-58', 'F-59', 'F-6', 'F-60', 'F-7', 'F-8', 'F-9']
[SAVED] 6LA6: chains=360->7 matrix=6la6_matrix.txt output=6la6_mhc_configured.pdb
[PROCESSING] 6QIP
[SAVED] 6QIP: chains=3->3 matrix=6qip_matrix.txt output=6qip_mhc_configured.pdb
[PROCESSING] 6ILM
[FILTERED] 6ILM: removed_far_chains=['A', 'A-10', 'A-11', 'A-12', 'A-13', 'A-14', 'A-15', 'A-16', 'A-17', 'A-18', 'A-19', 'A-2', 'A-20', 'A-21', 'A-22', 'A-23', 'A-24', 'A-25', 'A-26', 'A-27', 'A-28', 'A-29', 'A-3', 'A-30', 'A-31', 'A-32', 'A-33', 'A-34', 'A-35', 'A-36', 'A-37', 'A-38', 'A-39', 'A-4', 'A-40', 'A-42', 'A-43', 'A-44', 'A-46', 'A-47', 'A-48', 'A-49', 'A-5', 'A-50', 'A-51', 'A-52', 'A-53', 'A-54', 'A-55', 'A-56', 'A-57', 'A-58', 'A-59', 'A-6', 'A-60', 'A-7', 'A-8', 'A-9', 'B', 'B-10', 'B-11', 'B-12', 'B-13', 'B-14', 'B-15', 'B-16', 'B-17', 'B-18', 'B-19', 'B-2', 'B-20', 'B-21', 'B-22', 'B-23', 'B-24', 'B-25', 'B-26', 'B-27', 'B-28', 'B-29', 'B-3', 'B-30', 'B-31', 'B-32', 'B-33', 'B-34', 'B-35', 'B-36', 'B-37', 'B-38', 'B-39', 'B-4', 'B-40', 'B-41', 'B-42', 'B-43', 'B-44', 'B-46', 'B-47', 'B-48', 'B-49', 'B-5', 'B-50', 'B-51', 'B-52', 'B-53', 'B-54', 'B-55', 'B-56', 'B-57', 'B-58', 'B-59', 'B-6', 'B-60', 'B-7', 'B-8', 'B-9', 'C', 'C-10', 'C-11', 'C-12', 'C-13', 'C-14', 'C-15', 'C-16', 'C-17', 'C-18', 'C-19', 'C-2', 'C-20', 'C-21', 'C-22', 'C-23', 'C-24', 'C-25', 'C-26', 'C-27', 'C-28', 'C-29', 'C-3', 'C-30', 'C-31', 'C-32', 'C-33', 'C-34', 'C-35', 'C-36', 'C-37', 'C-38', 'C-39', 'C-4', 'C-40', 'C-42', 'C-43', 'C-44', 'C-46', 'C-47', 'C-48', 'C-49', 'C-5', 'C-50', 'C-51', 'C-52', 'C-53', 'C-54', 'C-55', 'C-56', 'C-57', 'C-58', 'C-59', 'C-6', 'C-60', 'C-7', 'C-8', 'C-9', 'D', 'D-10', 'D-11', 'D-12', 'D-13', 'D-14', 'D-15', 'D-16', 'D-17', 'D-18', 'D-19', 'D-2', 'D-20', 'D-21', 'D-22', 'D-23', 'D-24', 'D-25', 'D-26', 'D-27', 'D-28', 'D-29', 'D-3', 'D-30', 'D-31', 'D-32', 'D-33', 'D-34', 'D-35', 'D-36', 'D-37', 'D-38', 'D-39', 'D-4', 'D-40', 'D-41', 'D-42', 'D-43', 'D-44', 'D-45', 'D-46', 'D-47', 'D-48', 'D-49', 'D-5', 'D-50', 'D-51', 'D-52', 'D-53', 'D-54', 'D-55', 'D-56', 'D-57', 'D-58', 'D-59', 'D-6', 'D-60', 'D-7', 'D-8', 'D-9', 'E', 'E-10', 'E-11', 'E-12', 'E-13', 'E-14', 'E-15', 'E-16', 'E-17', 'E-18', 'E-19', 'E-2', 'E-20', 'E-21', 'E-22', 'E-23', 'E-24', 'E-25', 'E-26', 'E-27', 'E-28', 'E-29', 'E-3', 'E-30', 'E-31', 'E-32', 'E-33', 'E-34', 'E-35', 'E-36', 'E-37', 'E-38', 'E-39', 'E-4', 'E-40', 'E-41', 'E-42', 'E-43', 'E-44', 'E-46', 'E-47', 'E-48', 'E-49', 'E-5', 'E-50', 'E-51', 'E-52', 'E-53', 'E-54', 'E-55', 'E-56', 'E-57', 'E-58', 'E-59', 'E-6', 'E-60', 'E-7', 'E-8', 'E-9', 'F', 'F-10', 'F-11', 'F-12', 'F-13', 'F-14', 'F-15', 'F-16', 'F-17', 'F-18', 'F-19', 'F-2', 'F-20', 'F-21', 'F-22', 'F-23', 'F-24', 'F-25', 'F-26', 'F-27', 'F-28', 'F-29', 'F-3', 'F-30', 'F-31', 'F-32', 'F-33', 'F-34', 'F-35', 'F-36', 'F-37', 'F-38', 'F-39', 'F-4', 'F-40', 'F-41', 'F-42', 'F-43', 'F-44', 'F-46', 'F-47', 'F-48', 'F-49', 'F-5', 'F-50', 'F-51', 'F-52', 'F-53', 'F-54', 'F-55', 'F-56', 'F-57', 'F-58', 'F-59', 'F-6', 'F-60', 'F-7', 'F-8', 'F-9']
[SAVED] 6ILM: chains=360->7 matrix=6ilm_matrix.txt output=6ilm_mhc_configured.pdb
[PROCESSING] 4WO4
[SAVED] 4WO4: chains=7->7 matrix=4wo4_matrix.txt output=4wo4_mhc_configured.pdb
[PROCESSING] 1JE6
[SAVED] 1JE6: chains=1->1 matrix=1je6_matrix.txt output=1je6_mhc_configured.pdb
[PROCESSING] 8TM0
[SAVED] 8TM0: chains=3->3 matrix=8tm0_matrix.txt output=8tm0_mhc_configured.pdb
[PROCESSING] 5WHK
[SAVED] 5WHK: chains=4->4 matrix=5whk_matrix.txt output=5whk_mhc_configured.pdb
[PROCESSING] 6V7Y
[SAVED] 6V7Y: chains=5->5 matrix=6v7y_matrix.txt output=6v7y_mhc_configured.pdb
[PROCESSING] 3M17
[SAVED] 3M17: chains=1->1 matrix=3m17_matrix.txt output=3m17_mhc_configured.pdb
[PROCESSING] 8TM2
[FILTERED] 8TM2: removed_far_chains=['B']
[SAVED] 8TM2: chains=4->3 matrix=8tm2_matrix.txt output=8tm2_mhc_configured.pdb
[PROCESSING] 5BXF
[SAVED] 5BXF: chains=2->2 matrix=5bxf_matrix.txt output=5bxf_mhc_configured.pdb
[PROCESSING] 8SOS
[FILTERED] 8SOS: removed_far_chains=['B', 'D']
[SAVED] 8SOS: chains=6->4 matrix=8sos_matrix.txt output=8sos_mhc_configured.pdb
[PROCESSING] 4K71
[SAVED] 4K71: chains=3->3 matrix=4k71_matrix.txt output=4k71_mhc_configured.pdb
[PROCESSING] 3SDX
[SAVED] 3SDX: chains=4->4 matrix=3sdx_matrix.txt output=3sdx_mhc_configured.pdb
[PROCESSING] 1ONQ
[SAVED] 1ONQ: chains=5->5 matrix=1onq_matrix.txt output=1onq_mhc_configured.pdb
[PROCESSING] 1EXU
[SAVED] 1EXU: chains=2->2 matrix=1exu_matrix.txt output=1exu_mhc_configured.pdb
[PROCESSING] 6LA7
[FILTERED] 6LA7: removed_far_chains=['A', 'A-10', 'A-11', 'A-12', 'A-13', 'A-14', 'A-15', 'A-16', 'A-17', 'A-18', 'A-19', 'A-2', 'A-20', 'A-21', 'A-22', 'A-23', 'A-24', 'A-25', 'A-26', 'A-27', 'A-28', 'A-29', 'A-30', 'A-31', 'A-32', 'A-33', 'A-34', 'A-35', 'A-36', 'A-37', 'A-38', 'A-39', 'A-40', 'A-41', 'A-42', 'A-43', 'A-44', 'A-45', 'A-46', 'A-47', 'A-48', 'A-49', 'A-5', 'A-50', 'A-51', 'A-52', 'A-53', 'A-54', 'A-55', 'A-56', 'A-57', 'A-58', 'A-59', 'A-6', 'A-60', 'A-7', 'A-8', 'A-9', 'B', 'B-10', 'B-11', 'B-12', 'B-13', 'B-14', 'B-15', 'B-16', 'B-17', 'B-18', 'B-19', 'B-2', 'B-20', 'B-21', 'B-22', 'B-23', 'B-24', 'B-25', 'B-26', 'B-27', 'B-28', 'B-29', 'B-30', 'B-31', 'B-32', 'B-33', 'B-34', 'B-35', 'B-36', 'B-37', 'B-38', 'B-39', 'B-4', 'B-40', 'B-41', 'B-42', 'B-43', 'B-44', 'B-45', 'B-46', 'B-47', 'B-48', 'B-49', 'B-5', 'B-50', 'B-51', 'B-52', 'B-53', 'B-54', 'B-55', 'B-56', 'B-57', 'B-58', 'B-59', 'B-6', 'B-60', 'B-7', 'B-8', 'B-9', 'C', 'C-10', 'C-11', 'C-12', 'C-13', 'C-14', 'C-15', 'C-16', 'C-17', 'C-18', 'C-19', 'C-2', 'C-20', 'C-21', 'C-22', 'C-23', 'C-24', 'C-25', 'C-26', 'C-27', 'C-28', 'C-29', 'C-30', 'C-31', 'C-32', 'C-33', 'C-34', 'C-35', 'C-36', 'C-37', 'C-38', 'C-39', 'C-40', 'C-41', 'C-42', 'C-43', 'C-44', 'C-45', 'C-46', 'C-47', 'C-48', 'C-49', 'C-5', 'C-50', 'C-51', 'C-52', 'C-53', 'C-54', 'C-55', 'C-56', 'C-57', 'C-58', 'C-59', 'C-6', 'C-60', 'C-7', 'C-8', 'C-9', 'D', 'D-10', 'D-11', 'D-12', 'D-13', 'D-14', 'D-15', 'D-16', 'D-17', 'D-18', 'D-19', 'D-2', 'D-20', 'D-21', 'D-22', 'D-23', 'D-24', 'D-25', 'D-26', 'D-27', 'D-28', 'D-29', 'D-3', 'D-30', 'D-31', 'D-32', 'D-33', 'D-34', 'D-35', 'D-36', 'D-37', 'D-38', 'D-39', 'D-4', 'D-40', 'D-41', 'D-42', 'D-43', 'D-44', 'D-45', 'D-46', 'D-47', 'D-48', 'D-49', 'D-5', 'D-50', 'D-51', 'D-52', 'D-53', 'D-54', 'D-55', 'D-56', 'D-57', 'D-58', 'D-59', 'D-6', 'D-60', 'D-7', 'D-8', 'D-9', 'E', 'E-10', 'E-11', 'E-12', 'E-13', 'E-14', 'E-15', 'E-16', 'E-17', 'E-18', 'E-19', 'E-2', 'E-20', 'E-21', 'E-22', 'E-23', 'E-24', 'E-25', 'E-26', 'E-27', 'E-28', 'E-29', 'E-30', 'E-31', 'E-32', 'E-33', 'E-34', 'E-35', 'E-36', 'E-37', 'E-38', 'E-39', 'E-4', 'E-40', 'E-41', 'E-42', 'E-43', 'E-44', 'E-45', 'E-46', 'E-47', 'E-48', 'E-49', 'E-5', 'E-50', 'E-51', 'E-52', 'E-53', 'E-54', 'E-55', 'E-56', 'E-57', 'E-58', 'E-59', 'E-6', 'E-60', 'E-7', 'E-8', 'E-9', 'F', 'F-10', 'F-11', 'F-12', 'F-13', 'F-14', 'F-15', 'F-16', 'F-17', 'F-18', 'F-19', 'F-2', 'F-20', 'F-21', 'F-22', 'F-23', 'F-24', 'F-25', 'F-26', 'F-27', 'F-28', 'F-29', 'F-30', 'F-31', 'F-32', 'F-33', 'F-34', 'F-35', 'F-36', 'F-37', 'F-38', 'F-39', 'F-4', 'F-40', 'F-41', 'F-42', 'F-43', 'F-44', 'F-45', 'F-46', 'F-47', 'F-48', 'F-49', 'F-5', 'F-50', 'F-51', 'F-52', 'F-53', 'F-54', 'F-55', 'F-56', 'F-57', 'F-58', 'F-59', 'F-6', 'F-60', 'F-7', 'F-8', 'F-9']
[SAVED] 6LA7: chains=360->7 matrix=6la7_matrix.txt output=6la7_mhc_configured.pdb
[PROCESSING] 7MXF
[SAVED] 7MXF: chains=2->2 matrix=7mxf_matrix.txt output=7mxf_mhc_configured.pdb
[PROCESSING] 8TLZ
[SAVED] 8TLZ: chains=2->2 matrix=8tlz_matrix.txt output=8tlz_mhc_configured.pdb
[PROCESSING] 3M1B
[SAVED] 3M1B: chains=1->1 matrix=3m1b_matrix.txt output=3m1b_mhc_configured.pdb
[PROCESSING] 7MX4
[SAVED] 7MX4: chains=2->2 matrix=7mx4_matrix.txt output=7mx4_mhc_configured.pdb
[PROCESSING] 7C9V
[FILTERED] 7C9V: removed_far_chains=['A', 'A-10', 'A-11', 'A-12', 'A-13', 'A-15', 'A-16', 'A-17', 'A-18', 'A-19', 'A-2', 'A-20', 'A-21', 'A-22', 'A-23', 'A-24', 'A-25', 'A-26', 'A-27', 'A-28', 'A-29', 'A-3', 'A-30', 'A-31', 'A-32', 'A-33', 'A-34', 'A-35', 'A-36', 'A-37', 'A-38', 'A-39', 'A-4', 'A-40', 'A-41', 'A-42', 'A-43', 'A-44', 'A-45', 'A-46', 'A-47', 'A-48', 'A-49', 'A-5', 'A-50', 'A-51', 'A-52', 'A-53', 'A-54', 'A-55', 'A-56', 'A-57', 'A-58', 'A-59', 'A-6', 'A-60', 'A-7', 'A-8', 'A-9', 'B', 'B-10', 'B-11', 'B-12', 'B-13', 'B-15', 'B-16', 'B-17', 'B-18', 'B-19', 'B-2', 'B-20', 'B-21', 'B-22', 'B-23', 'B-24', 'B-25', 'B-26', 'B-27', 'B-28', 'B-29', 'B-3', 'B-30', 'B-31', 'B-32', 'B-33', 'B-34', 'B-35', 'B-36', 'B-37', 'B-38', 'B-39', 'B-4', 'B-40', 'B-41', 'B-42', 'B-43', 'B-44', 'B-45', 'B-46', 'B-47', 'B-48', 'B-49', 'B-5', 'B-50', 'B-51', 'B-52', 'B-53', 'B-54', 'B-55', 'B-56', 'B-57', 'B-58', 'B-59', 'B-6', 'B-60', 'B-7', 'B-8', 'B-9', 'C', 'C-10', 'C-11', 'C-12', 'C-13', 'C-16', 'C-17', 'C-18', 'C-19', 'C-2', 'C-20', 'C-21', 'C-22', 'C-23', 'C-24', 'C-25', 'C-26', 'C-27', 'C-28', 'C-29', 'C-3', 'C-30', 'C-31', 'C-32', 'C-33', 'C-34', 'C-35', 'C-36', 'C-37', 'C-38', 'C-39', 'C-4', 'C-40', 'C-41', 'C-42', 'C-43', 'C-44', 'C-45', 'C-46', 'C-47', 'C-48', 'C-49', 'C-5', 'C-50', 'C-51', 'C-52', 'C-53', 'C-54', 'C-55', 'C-56', 'C-57', 'C-58', 'C-59', 'C-6', 'C-60', 'C-7', 'C-8', 'C-9', 'D', 'D-10', 'D-11', 'D-12', 'D-13', 'D-14', 'D-15', 'D-16', 'D-17', 'D-18', 'D-19', 'D-2', 'D-20', 'D-21', 'D-22', 'D-23', 'D-24', 'D-25', 'D-26', 'D-27', 'D-28', 'D-29', 'D-3', 'D-30', 'D-31', 'D-32', 'D-33', 'D-34', 'D-35', 'D-36', 'D-37', 'D-38', 'D-39', 'D-4', 'D-40', 'D-41', 'D-42', 'D-43', 'D-44', 'D-45', 'D-46', 'D-47', 'D-48', 'D-49', 'D-5', 'D-50', 'D-51', 'D-52', 'D-53', 'D-54', 'D-55', 'D-56', 'D-57', 'D-58', 'D-59', 'D-6', 'D-60', 'D-7', 'D-8', 'D-9', 'E', 'E-10', 'E-11', 'E-12', 'E-13', 'E-15', 'E-16', 'E-17', 'E-18', 'E-19', 'E-2', 'E-20', 'E-21', 'E-22', 'E-23', 'E-24', 'E-25', 'E-26', 'E-27', 'E-28', 'E-29', 'E-3', 'E-30', 'E-31', 'E-32', 'E-33', 'E-34', 'E-35', 'E-36', 'E-37', 'E-38', 'E-39', 'E-4', 'E-40', 'E-41', 'E-42', 'E-43', 'E-44', 'E-45', 'E-46', 'E-47', 'E-48', 'E-49', 'E-5', 'E-50', 'E-51', 'E-52', 'E-53', 'E-54', 'E-55', 'E-56', 'E-57', 'E-58', 'E-59', 'E-6', 'E-60', 'E-7', 'E-8', 'E-9', 'F', 'F-10', 'F-11', 'F-12', 'F-13', 'F-15', 'F-16', 'F-17', 'F-18', 'F-19', 'F-2', 'F-20', 'F-21', 'F-22', 'F-23', 'F-24', 'F-25', 'F-26', 'F-27', 'F-28', 'F-29', 'F-3', 'F-30', 'F-31', 'F-32', 'F-33', 'F-34', 'F-35', 'F-36', 'F-37', 'F-38', 'F-39', 'F-4', 'F-40', 'F-41', 'F-42', 'F-43', 'F-44', 'F-45', 'F-46', 'F-47', 'F-48', 'F-49', 'F-5', 'F-50', 'F-51', 'F-52', 'F-53', 'F-54', 'F-55', 'F-56', 'F-57', 'F-58', 'F-59', 'F-6', 'F-60', 'F-7', 'F-8', 'F-9']
[SAVED] 7C9V: chains=360->6 matrix=7c9v_matrix.txt output=7c9v_mhc_configured.pdb
[PROCESSING] 1KCG
[SAVED] 1KCG: chains=3->3 matrix=1kcg_matrix.txt output=1kcg_mhc_configured.pdb
[PROCESSING] 4S0U
[SAVED] 4S0U: chains=3->3 matrix=4s0u_matrix.txt output=4s0u_mhc_configured.pdb
[PROCESSING] 1B3J
[SAVED] 1B3J: chains=2->2 matrix=1b3j_matrix.txt output=1b3j_mhc_configured.pdb
[PROCESSING] 3U0P
[SAVED] 3U0P: chains=3->3 matrix=3u0p_matrix.txt output=3u0p_mhc_configured.pdb
[PROCESSING] 1XZ0
[SAVED] 1XZ0: chains=3->3 matrix=1xz0_matrix.txt output=1xz0_mhc_configured.pdb
[PROCESSING] 4WW2
[SAVED] 4WW2: chains=4->4 matrix=4ww2_matrix.txt output=4ww2_mhc_configured.pdb
[PROCESSING] 6V7Z
[SAVED] 6V7Z: chains=5->5 matrix=6v7z_matrix.txt output=6v7z_mhc_configured.pdb
[PROCESSING] 8DV4
[SAVED] 8DV4: chains=4->4 matrix=8dv4_matrix.txt output=8dv4_mhc_configured.pdb
[PROCESSING] 4LHU
[FILTERED] 4LHU: removed_far_chains=['F']
[SAVED] 4LHU: chains=7->6 matrix=4lhu_matrix.txt output=4lhu_mhc_configured.pdb
[PROCESSING] 8SGM
[SAVED] 8SGM: chains=6->6 matrix=8sgm_matrix.txt output=8sgm_mhc_configured.pdb
[PROCESSING] 3HUJ
[SAVED] 3HUJ: chains=5->5 matrix=3huj_matrix.txt output=3huj_mhc_configured.pdb
[PROCESSING] 6SNY
[SAVED] 6SNY: chains=5->5 matrix=6sny_matrix.txt output=6sny_mhc_configured.pdb
[PROCESSING] 8DV3
[SAVED] 8DV3: chains=4->4 matrix=8dv3_matrix.txt output=8dv3_mhc_configured.pdb
[PROCESSING] 3D2U
[SAVED] 3D2U: chains=4->4 matrix=3d2u_matrix.txt output=3d2u_mhc_configured.pdb
[PROCESSING] 3VWK
[SAVED] 3VWK: chains=4->4 matrix=3vwk_matrix.txt output=3vwk_mhc_configured.pdb
[PROCESSING] 7RYO
[SAVED] 7RYO: chains=4->4 matrix=7ryo_matrix.txt output=7ryo_mhc_configured.pdb
[PROCESSING] 3TZV
[SAVED] 3TZV: chains=5->5 matrix=3tzv_matrix.txt output=3tzv_mhc_configured.pdb
[PROCESSING] 1L8J
[SAVED] 1L8J: chains=4->4 matrix=1l8j_matrix.txt output=1l8j_mhc_configured.pdb
[PROCESSING] 7FI9
[SAVED] 7FI9: chains=3->3 matrix=7fi9_matrix.txt output=7fi9_mhc_configured.pdb
[PROCESSING] 7RYN
[SAVED] 7RYN: chains=4->4 matrix=7ryn_matrix.txt output=7ryn_mhc_configured.pdb
[PROCESSING] 8GLE
[SAVED] 8GLE: chains=4->4 matrix=8gle_matrix.txt output=8gle_mhc_configured.pdb
[PROCESSING] 4MNG
[SAVED] 4MNG: chains=3->3 matrix=4mng_matrix.txt output=4mng_mhc_configured.pdb
[PROCESSING] 7MXH
[SAVED] 7MXH: chains=2->2 matrix=7mxh_matrix.txt output=7mxh_mhc_configured.pdb
[PROCESSING] 7FI6
[SAVED] 7FI6: chains=3->3 matrix=7fi6_matrix.txt output=7fi6_mhc_configured.pdb
[PROCESSING] 8GLF
[SAVED] 8GLF: chains=4->4 matrix=8glf_matrix.txt output=8glf_mhc_configured.pdb
[PROCESSING] 5L2J
[SAVED] 5L2J: chains=3->3 matrix=5l2j_matrix.txt output=5l2j_mhc_configured.pdb
[PROCESSING] 4EN3
[SAVED] 4EN3: chains=4->4 matrix=4en3_matrix.txt output=4en3_mhc_configured.pdb
[PROCESSING] 7KP1
[SAVED] 7KP1: chains=2->2 matrix=7kp1_matrix.txt output=7kp1_mhc_configured.pdb
[PROCESSING] 7OKS
[SAVED] 7OKS: chains=4->4 matrix=7oks_matrix.txt output=7oks_mhc_configured.pdb
[PROCESSING] 8SGB
[SAVED] 8SGB: chains=5->5 matrix=8sgb_matrix.txt output=8sgb_mhc_configured.pdb
[PROCESSING] 6NUX
[SAVED] 6NUX: chains=2->2 matrix=6nux_matrix.txt output=6nux_mhc_configured.pdb
[PROCESSING] 1GZP
[SAVED] 1GZP: chains=2->2 matrix=1gzp_matrix.txt output=1gzp_mhc_configured.pdb
[PROCESSING] 1HYR
[SAVED] 1HYR: chains=3->3 matrix=1hyr_matrix.txt output=1hyr_mhc_configured.pdb
[PROCESSING] 8GLH
[SAVED] 8GLH: chains=4->4 matrix=8glh_matrix.txt output=8glh_mhc_configured.pdb
[PROCESSING] 7FI5
[SAVED] 7FI5: chains=3->3 matrix=7fi5_matrix.txt output=7fi5_mhc_configured.pdb
[PROCESSING] 7KP0
[SAVED] 7KP0: chains=2->2 matrix=7kp0_matrix.txt output=7kp0_mhc_configured.pdb
[PROCESSING] 5C9J
[SAVED] 5C9J: chains=2->2 matrix=5c9j_matrix.txt output=5c9j_mhc_configured.pdb
[PROCESSING] 4X6D
[SAVED] 4X6D: chains=5->5 matrix=4x6d_matrix.txt output=4x6d_mhc_configured.pdb
[PROCESSING] 4V3E
[SAVED] 4V3E: chains=4->4 matrix=4v3e_matrix.txt output=4v3e_mhc_configured.pdb
[PROCESSING] 5WL1
[SAVED] 5WL1: chains=5->5 matrix=5wl1_matrix.txt output=5wl1_mhc_configured.pdb
[PROCESSING] 3OV6
[SAVED] 3OV6: chains=1->1 matrix=3ov6_matrix.txt output=3ov6_mhc_configured.pdb
[PROCESSING] 7OKU
[SAVED] 7OKU: chains=3->3 matrix=7oku_matrix.txt output=7oku_mhc_configured.pdb
[PROCESSING] 7RYM
[SAVED] 7RYM: chains=4->4 matrix=7rym_matrix.txt output=7rym_mhc_configured.pdb
[PROCESSING] 8GLI
[SAVED] 8GLI: chains=3->3 matrix=8gli_matrix.txt output=8gli_mhc_configured.pdb
[PROCESSING] 3T8X
[SAVED] 3T8X: chains=4->4 matrix=3t8x_matrix.txt output=3t8x_mhc_configured.pdb
[PROCESSING] 6D64
[SAVED] 6D64: chains=5->5 matrix=6d64_matrix.txt output=6d64_mhc_configured.pdb
[PROCESSING] 7SH4
[SAVED] 7SH4: chains=2->2 matrix=7sh4_matrix.txt output=7sh4_mhc_configured.pdb
[PROCESSING] 4V3D
[SAVED] 4V3D: chains=5->5 matrix=4v3d_matrix.txt output=4v3d_mhc_configured.pdb
[PROCESSING] 6C09
[SAVED] 6C09: chains=4->4 matrix=6c09_matrix.txt output=6c09_mhc_configured.pdb
[PROCESSING] 8GLG
[SAVED] 8GLG: chains=4->4 matrix=8glg_matrix.txt output=8glg_mhc_configured.pdb
[PROCESSING] 2PO6
[SAVED] 2PO6: chains=5->5 matrix=2po6_matrix.txt output=2po6_mhc_configured.pdb
[PROCESSING] 4X6E
[SAVED] 4X6E: chains=2->2 matrix=4x6e_matrix.txt output=4x6e_mhc_configured.pdb
[PROCESSING] 7OKV
[SAVED] 7OKV: chains=1->1 matrix=7okv_matrix.txt output=7okv_mhc_configured.pdb
[PROCESSING] 4ONO
[SAVED] 4ONO: chains=2->2 matrix=4ono_matrix.txt output=4ono_mhc_configured.pdb
[PROCESSING] 7FI7
[SAVED] 7FI7: chains=3->3 matrix=7fi7_matrix.txt output=7fi7_mhc_configured.pdb
[PROCESSING] 6CUG
[SAVED] 6CUG: chains=4->4 matrix=6cug_matrix.txt output=6cug_mhc_configured.pdb
[PROCESSING] 1GZQ
[SAVED] 1GZQ: chains=2->2 matrix=1gzq_matrix.txt output=1gzq_mhc_configured.pdb
[PROCESSING] 7Q5D
[SAVED] 7Q5D: chains=3->3 matrix=7q5d_matrix.txt output=7q5d_mhc_configured.pdb
[PROCESSING] 2H26
[SAVED] 2H26: chains=4->4 matrix=2h26_matrix.txt output=2h26_mhc_configured.pdb
[PROCESSING] 4WWK
[SAVED] 4WWK: chains=4->4 matrix=4wwk_matrix.txt output=4wwk_mhc_configured.pdb
[PROCESSING] 5L2K
[SAVED] 5L2K: chains=4->4 matrix=5l2k_matrix.txt output=5l2k_mhc_configured.pdb
[PROCESSING] 7OKT
[SAVED] 7OKT: chains=1->1 matrix=7okt_matrix.txt output=7okt_mhc_configured.pdb
[PROCESSING] 3VWJ
[SAVED] 3VWJ: chains=4->4 matrix=3vwj_matrix.txt output=3vwj_mhc_configured.pdb
[PROCESSING] 5J1A
[SAVED] 5J1A: chains=2->2 matrix=5j1a_matrix.txt output=5j1a_mhc_configured.pdb
[PROCESSING] 5WKE
[SAVED] 5WKE: chains=4->4 matrix=5wke_matrix.txt output=5wke_mhc_configured.pdb
[PROCESSING] 5WKG
[SAVED] 5WKG: chains=4->4 matrix=5wkg_matrix.txt output=5wkg_mhc_configured.pdb
[PROCESSING] 1ZT4
[SAVED] 1ZT4: chains=2->2 matrix=1zt4_matrix.txt output=1zt4_mhc_configured.pdb
[PROCESSING] 6V80
[SAVED] 6V80: chains=6->6 matrix=6v80_matrix.txt output=6v80_mhc_configured.pdb
[PROCESSING] 4MQ7
[SAVED] 4MQ7: chains=2->2 matrix=4mq7_matrix.txt output=4mq7_mhc_configured.pdb
[PROCESSING] 7FI8
[SAVED] 7FI8: chains=3->3 matrix=7fi8_matrix.txt output=7fi8_mhc_configured.pdb
[PROCESSING] 5WKI
[SAVED] 5WKI: chains=5->5 matrix=5wki_matrix.txt output=5wki_mhc_configured.pdb
[PROCESSING] 8ZOX
[SAVED] 8ZOX: chains=4->4 matrix=8zox_matrix.txt output=8zox_mhc_configured.pdb
[PROCESSING] 7KOZ
[SAVED] 7KOZ: chains=2->2 matrix=7koz_matrix.txt output=7koz_mhc_configured.pdb
[PROCESSING] 8C44
[SAVED] 8C44: chains=2->2 matrix=8c44_matrix.txt output=8c44_mhc_configured.pdb
[PROCESSING] 1UQS
[SAVED] 1UQS: chains=2->2 matrix=1uqs_matrix.txt output=1uqs_mhc_configured.pdb
[PROCESSING] 4X6F
[SAVED] 4X6F: chains=2->2 matrix=4x6f_matrix.txt output=4x6f_mhc_configured.pdb
[PROCESSING] 4X6C
[SAVED] 4X6C: chains=4->4 matrix=4x6c_matrix.txt output=4x6c_mhc_configured.pdb
[PROCESSING] 4FFE
[SAVED] 4FFE: chains=1->1 matrix=4ffe_matrix.txt output=4ffe_mhc_configured.pdb
[PROCESSING] 6C15
[SAVED] 6C15: chains=2->2 matrix=6c15_matrix.txt output=6c15_mhc_configured.pdb
[PROCESSING] 7XXA
[FILTERED] 7XXA: removed_far_chains=['A', 'A-10', 'A-11', 'A-12', 'A-13', 'A-14', 'A-15', 'A-16', 'A-17', 'A-18', 'A-19', 'A-2', 'A-20', 'A-21', 'A-22', 'A-23', 'A-24', 'A-25', 'A-26', 'A-27', 'A-28', 'A-3', 'A-31', 'A-32', 'A-33', 'A-34', 'A-35', 'A-36', 'A-37', 'A-38', 'A-39', 'A-4', 'A-40', 'A-41', 'A-42', 'A-43', 'A-44', 'A-45', 'A-46', 'A-47', 'A-48', 'A-49', 'A-5', 'A-50', 'A-51', 'A-52', 'A-53', 'A-54', 'A-55', 'A-56', 'A-57', 'A-58', 'A-59', 'A-6', 'A-60', 'A-7', 'A-8', 'A-9', 'B', 'B-10', 'B-11', 'B-12', 'B-13', 'B-14', 'B-15', 'B-16', 'B-17', 'B-18', 'B-19', 'B-2', 'B-20', 'B-21', 'B-22', 'B-23', 'B-24', 'B-25', 'B-26', 'B-27', 'B-28', 'B-3', 'B-30', 'B-31', 'B-32', 'B-33', 'B-34', 'B-35', 'B-36', 'B-37', 'B-38', 'B-39', 'B-4', 'B-40', 'B-41', 'B-42', 'B-43', 'B-44', 'B-45', 'B-46', 'B-47', 'B-48', 'B-49', 'B-5', 'B-50', 'B-51', 'B-52', 'B-53', 'B-54', 'B-55', 'B-56', 'B-57', 'B-58', 'B-59', 'B-6', 'B-60', 'B-7', 'B-8', 'B-9', 'C', 'C-10', 'C-11', 'C-12', 'C-13', 'C-14', 'C-15', 'C-16', 'C-17', 'C-18', 'C-19', 'C-2', 'C-20', 'C-21', 'C-22', 'C-23', 'C-24', 'C-25', 'C-26', 'C-27', 'C-28', 'C-3', 'C-31', 'C-32', 'C-33', 'C-34', 'C-35', 'C-36', 'C-37', 'C-38', 'C-39', 'C-4', 'C-40', 'C-41', 'C-42', 'C-43', 'C-44', 'C-45', 'C-46', 'C-47', 'C-48', 'C-49', 'C-5', 'C-50', 'C-51', 'C-52', 'C-53', 'C-54', 'C-55', 'C-56', 'C-57', 'C-58', 'C-59', 'C-6', 'C-60', 'C-7', 'C-8', 'C-9', 'D', 'D-10', 'D-11', 'D-12', 'D-13', 'D-14', 'D-15', 'D-16', 'D-17', 'D-18', 'D-19', 'D-2', 'D-20', 'D-21', 'D-22', 'D-23', 'D-24', 'D-25', 'D-26', 'D-27', 'D-28', 'D-29', 'D-3', 'D-30', 'D-31', 'D-32', 'D-33', 'D-34', 'D-35', 'D-36', 'D-37', 'D-38', 'D-39', 'D-4', 'D-40', 'D-41', 'D-42', 'D-43', 'D-44', 'D-45', 'D-46', 'D-47', 'D-48', 'D-49', 'D-5', 'D-50', 'D-51', 'D-52', 'D-53', 'D-54', 'D-55', 'D-56', 'D-57', 'D-58', 'D-59', 'D-6', 'D-60', 'D-7', 'D-8', 'D-9', 'E', 'E-10', 'E-11', 'E-12', 'E-13', 'E-14', 'E-15', 'E-16', 'E-17', 'E-18', 'E-19', 'E-2', 'E-20', 'E-21', 'E-22', 'E-23', 'E-24', 'E-25', 'E-26', 'E-27', 'E-28', 'E-3', 'E-30', 'E-31', 'E-32', 'E-33', 'E-34', 'E-35', 'E-36', 'E-37', 'E-38', 'E-39', 'E-4', 'E-40', 'E-41', 'E-42', 'E-43', 'E-44', 'E-45', 'E-46', 'E-47', 'E-48', 'E-49', 'E-5', 'E-50', 'E-51', 'E-52', 'E-53', 'E-54', 'E-55', 'E-56', 'E-57', 'E-58', 'E-59', 'E-6', 'E-60', 'E-7', 'E-8', 'E-9']
[SAVED] 7XXA: chains=300->6 matrix=7xxa_matrix.txt output=7xxa_mhc_configured.pdb
[PROCESSING] 3S6C
[SAVED] 3S6C: chains=2->2 matrix=3s6c_matrix.txt output=3s6c_mhc_configured.pdb
[PROCESSING] 4PDC
[SAVED] 4PDC: chains=3->3 matrix=4pdc_matrix.txt output=4pdc_mhc_configured.pdb
[PROCESSING] 3IT8
[FILTERED] 3IT8: removed_far_chains=['C', 'E', 'F']
[SAVED] 3IT8: chains=6->3 matrix=3it8_matrix.txt output=3it8_mhc_configured.pdb
[CSV] /mnt/c/Users/gio/Documents/foldseek_nefertari/filter/ligands_pipeline/step5/pdb/chain_map.csv
[CSV] /mnt/c/Users/gio/Documents/foldseek_nefertari/filter/ligands_pipeline/step5/pdb/pdb_assemblies_remapped.csv

[SUMMARY] STEP5
[SUMMARY] processed=1161
[SUMMARY] missing_cif=0
[SUMMARY] skipped_or_failed=0
[OUT] /mnt/c/Users/gio/Documents/foldseek_nefertari/filter/ligands_pipeline/step5/pdb/1_mhc_configured
