[CONFIG] STEP6
PIPELINE_DIR:             /mnt/c/Users/gio/Documents/foldseek_nefertari/filter/ligands_pipeline
STEP5_PDB_DIR:            /mnt/c/Users/gio/Documents/foldseek_nefertari/filter/ligands_pipeline/step5/pdb/1_mhc_configured | exists=True
STEP5_CHAIN_MAPPING_CSV:  /mnt/c/Users/gio/Documents/foldseek_nefertari/filter/ligands_pipeline/step5/pdb/chain_map.csv | exists=True
STEP5_REMAP_CSV:          /mnt/c/Users/gio/Documents/foldseek_nefertari/filter/ligands_pipeline/step5/pdb/pdb_assemblies_remapped.csv | exists=True
STEP1_CSV:                /mnt/c/Users/gio/Documents/foldseek_nefertari/filter/ligands_pipeline/step1/pdb/pdb_assemblies.csv | exists=True
BLACKLIST_CSV:            /mnt/c/Users/gio/Documents/foldseek_nefertari/filter/ligands_pipeline/step6_fix/blacklist.csv | exists=True
FILTERED_CAVITY_DIR:      /mnt/c/Users/gio/Documents/foldseek_nefertari/filter/ligands_pipeline/step4/pdb/3_filtered_cavities | exists=True

[BLACKLIST] resnames= 60
[CSV] remapped= 1173
[CSV] duplicate_pdbs= 9

[START] STEP6
[START] 8RLV
[MAPPED] 8RLV: contacts=10; possible_ligand_chains=1; problematic_mhc_contacts=0; binder_sized_contacts=0; problematic=False; removed_duplicates=[]; merged=8rlv_merged_cavities.pdb
[START] 3X11
[MAPPED] 3X11: contacts=15; possible_ligand_chains=1; problematic_mhc_contacts=0; binder_sized_contacts=0; problematic=False; removed_duplicates=[]; merged=3x11_merged_cavities.pdb
[START] 1QSE
[MAPPED] 1QSE: contacts=7; possible_ligand_chains=1; problematic_mhc_contacts=0; binder_sized_contacts=0; problematic=False; removed_duplicates=[]; merged=1qse_merged_cavities.pdb
[START] 3BZF
[MAPPED] 3BZF: contacts=10; possible_ligand_chains=1; problematic_mhc_contacts=0; binder_sized_contacts=0; problematic=False; removed_duplicates=[]; merged=3bzf_merged_cavities.pdb
[START] 7P49
[MAPPED] 7P49: contacts=17; possible_ligand_chains=1; problematic_mhc_contacts=0; binder_sized_contacts=0; problematic=False; removed_duplicates=[]; merged=7p49_merged_cavities.pdb
[START] 1BD2
[MAPPED] 1BD2: contacts=8; possible_ligand_chains=1; problematic_mhc_contacts=0; binder_sized_contacts=0; problematic=False; removed_duplicates=[]; merged=1bd2_merged_cavities.pdb
[START] 7LFZ
[MAPPED] 7LFZ: contacts=21; possible_ligand_chains=1; problematic_mhc_contacts=0; binder_sized_contacts=0; problematic=False; removed_duplicates=[]; merged=7lfz_merged_cavities.pdb
[START] 5JZI
[MAPPED] 5JZI: contacts=8; possible_ligand_chains=1; problematic_mhc_contacts=0; binder_sized_contacts=0; problematic=False; removed_duplicates=[]; merged=5jzi_merged_cavities.pdb
[START] 7NDT
[MAPPED] 7NDT: contacts=10; possible_ligand_chains=1; problematic_mhc_contacts=0; binder_sized_contacts=0; problematic=False; removed_duplicates=[]; merged=7ndt_merged_cavities.pdb
[START] 7BH8
[MAPPED] 7BH8: contacts=15; possible_ligand_chains=1; problematic_mhc_contacts=0; binder_sized_contacts=0; problematic=False; removed_duplicates=['C']; merged=7bh8_merged_cavities.pdb
[START] 3X12
[MAPPED] 3X12: contacts=19; possible_ligand_chains=1; problematic_mhc_contacts=0; binder_sized_contacts=0; problematic=False; removed_duplicates=[]; merged=3x12_merged_cavities.pdb
[START] 6J1W
[MAPPED] 6J1W: contacts=21; possible_ligand_chains=1; problematic_mhc_contacts=0; binder_sized_contacts=0; problematic=False; removed_duplicates=[]; merged=6j1w_merged_cavities.pdb
[START] 7EJL
[MAPPED] 7EJL: contacts=11; possible_ligand_chains=1; problematic_mhc_contacts=0; binder_sized_contacts=0; problematic=False; removed_duplicates=[]; merged=7ejl_merged_cavities.pdb
[START] 3VXU
[MAPPED] 3VXU: contacts=7; possible_ligand_chains=1; problematic_mhc_contacts=0; binder_sized_contacts=0; problematic=False; removed_duplicates=[]; merged=3vxu_merged_cavities.pdb
[START] 7TUD
[MAPPED] 7TUD: contacts=19; possible_ligand_chains=2; problematic_mhc_contacts=0; binder_sized_contacts=0; problematic=False; removed_duplicates=[]; merged=7tud_merged_cavities.pdb
[START] 1P7Q
[MAPPED] 1P7Q: contacts=8; possible_ligand_chains=1; problematic_mhc_contacts=0; binder_sized_contacts=0; problematic=False; removed_duplicates=[]; merged=1p7q_merged_cavities.pdb
[START] 5EO1
[MAPPED] 5EO1: contacts=16; possible_ligand_chains=1; problematic_mhc_contacts=0; binder_sized_contacts=0; problematic=False; removed_duplicates=[]; merged=5eo1_merged_cavities.pdb
[START] 6P27
[MAPPED] 6P27: contacts=15; possible_ligand_chains=1; problematic_mhc_contacts=0; binder_sized_contacts=0; problematic=False; removed_duplicates=[]; merged=6p27_merged_cavities.pdb
[START] 3GSN
[MAPPED] 3GSN: contacts=8; possible_ligand_chains=1; problematic_mhc_contacts=0; binder_sized_contacts=0; problematic=False; removed_duplicates=[]; merged=3gsn_merged_cavities.pdb
[START] 1T22
[MAPPED] 1T22: contacts=14; possible_ligand_chains=1; problematic_mhc_contacts=0; binder_sized_contacts=0; problematic=False; removed_duplicates=[]; merged=1t22_merged_cavities.pdb
[START] 2D31
[MAPPED] 2D31: contacts=9; possible_ligand_chains=1; problematic_mhc_contacts=0; binder_sized_contacts=0; problematic=False; removed_duplicates=[]; merged=2d31_merged_cavities.pdb
[START] 1T1Y
[MAPPED] 1T1Y: contacts=11; possible_ligand_chains=1; problematic_mhc_contacts=0; binder_sized_contacts=0; problematic=False; removed_duplicates=[]; merged=1t1y_merged_cavities.pdb
[START] 3FQU
[MAPPED] 3FQU: contacts=16; possible_ligand_chains=1; problematic_mhc_contacts=0; binder_sized_contacts=0; problematic=False; removed_duplicates=[]; merged=3fqu_merged_cavities.pdb
[START] 7OW6
[MAPPED] 7OW6: contacts=8; possible_ligand_chains=1; problematic_mhc_contacts=0; binder_sized_contacts=0; problematic=False; removed_duplicates=[]; merged=7ow6_merged_cavities.pdb
[START] 7UM2
[MAPPED] 7UM2: contacts=13; possible_ligand_chains=1; problematic_mhc_contacts=0; binder_sized_contacts=0; problematic=False; removed_duplicates=[]; merged=7um2_merged_cavities.pdb
[START] 8ZV9
[MAPPED] 8ZV9: contacts=8; possible_ligand_chains=1; problematic_mhc_contacts=0; binder_sized_contacts=0; problematic=False; removed_duplicates=[]; merged=8zv9_merged_cavities.pdb
[START] 5VVP
[MAPPED] 5VVP: contacts=17; possible_ligand_chains=1; problematic_mhc_contacts=0; binder_sized_contacts=0; problematic=False; removed_duplicates=[]; merged=5vvp_merged_cavities.pdb
[START] 6ZKW
[MAPPED] 6ZKW: contacts=9; possible_ligand_chains=1; problematic_mhc_contacts=0; binder_sized_contacts=0; problematic=False; removed_duplicates=[]; merged=6zkw_merged_cavities.pdb
[START] 7LG0
[MAPPED] 7LG0: contacts=15; possible_ligand_chains=1; problematic_mhc_contacts=0; binder_sized_contacts=0; problematic=False; removed_duplicates=[]; merged=7lg0_merged_cavities.pdb
[START] 1HHK
[MAPPED] 1HHK: contacts=6; possible_ligand_chains=1; problematic_mhc_contacts=0; binder_sized_contacts=0; problematic=False; removed_duplicates=[]; merged=1hhk_merged_cavities.pdb
[START] 5XOV
[MAPPED] 5XOV: contacts=11; possible_ligand_chains=1; problematic_mhc_contacts=0; binder_sized_contacts=0; problematic=False; removed_duplicates=[]; merged=5xov_merged_cavities.pdb
[START] 1T1Z
[MAPPED] 1T1Z: contacts=14; possible_ligand_chains=1; problematic_mhc_contacts=0; binder_sized_contacts=0; problematic=False; removed_duplicates=[]; merged=1t1z_merged_cavities.pdb
[START] 7ZUC
[MAPPED] 7ZUC: contacts=11; possible_ligand_chains=1; problematic_mhc_contacts=0; binder_sized_contacts=0; problematic=False; removed_duplicates=[]; merged=7zuc_merged_cavities.pdb
[START] 7SIS
[MAPPED] 7SIS: contacts=10; possible_ligand_chains=1; problematic_mhc_contacts=0; binder_sized_contacts=0; problematic=False; removed_duplicates=[]; merged=7sis_merged_cavities.pdb
[START] 5TXS
[MAPPED] 5TXS: contacts=21; possible_ligand_chains=1; problematic_mhc_contacts=0; binder_sized_contacts=0; problematic=False; removed_duplicates=[]; merged=5txs_merged_cavities.pdb
[START] 5VWD
[MAPPED] 5VWD: contacts=19; possible_ligand_chains=1; problematic_mhc_contacts=0; binder_sized_contacts=0; problematic=False; removed_duplicates=[]; merged=5vwd_merged_cavities.pdb
[START] 6Z9W
[MAPPED] 6Z9W: contacts=11; possible_ligand_chains=1; problematic_mhc_contacts=0; binder_sized_contacts=0; problematic=False; removed_duplicates=[]; merged=6z9w_merged_cavities.pdb
[START] 5WWU
[MAPPED] 5WWU: contacts=6; possible_ligand_chains=1; problematic_mhc_contacts=0; binder_sized_contacts=0; problematic=False; removed_duplicates=[]; merged=5wwu_merged_cavities.pdb
[START] 8YE4
[MAPPED] 8YE4: contacts=6; possible_ligand_chains=1; problematic_mhc_contacts=0; binder_sized_contacts=0; problematic=False; removed_duplicates=[]; merged=8ye4_merged_cavities.pdb
[START] 7NME
[MAPPED] 7NME: contacts=9; possible_ligand_chains=1; problematic_mhc_contacts=0; binder_sized_contacts=0; problematic=False; removed_duplicates=[]; merged=7nme_merged_cavities.pdb
[START] 3VXS
[MAPPED] 3VXS: contacts=11; possible_ligand_chains=1; problematic_mhc_contacts=0; binder_sized_contacts=0; problematic=False; removed_duplicates=[]; merged=3vxs_merged_cavities.pdb
[START] 5VWF
[MAPPED] 5VWF: contacts=19; possible_ligand_chains=1; problematic_mhc_contacts=0; binder_sized_contacts=0; problematic=False; removed_duplicates=[]; merged=5vwf_merged_cavities.pdb
[START] 6P23
[MAPPED] 6P23: contacts=15; possible_ligand_chains=1; problematic_mhc_contacts=0; binder_sized_contacts=0; problematic=False; removed_duplicates=[]; merged=6p23_merged_cavities.pdb
[START] 4F7P
[MAPPED] 4F7P: contacts=5; possible_ligand_chains=1; problematic_mhc_contacts=0; binder_sized_contacts=0; problematic=False; removed_duplicates=[]; merged=4f7p_merged_cavities.pdb
[START] 5HHQ
[MAPPED] 5HHQ: contacts=10; possible_ligand_chains=1; problematic_mhc_contacts=0; binder_sized_contacts=0; problematic=False; removed_duplicates=[]; merged=5hhq_merged_cavities.pdb
[START] 7BBG
[MAPPED] 7BBG: contacts=8; possible_ligand_chains=1; problematic_mhc_contacts=0; binder_sized_contacts=0; problematic=False; removed_duplicates=[]; merged=7bbg_merged_cavities.pdb
[START] 7RTD
[MAPPED] 7RTD: contacts=14; possible_ligand_chains=1; problematic_mhc_contacts=0; binder_sized_contacts=0; problematic=False; removed_duplicates=[]; merged=7rtd_merged_cavities.pdb
[START] 2ESV
[MAPPED] 2ESV: contacts=12; possible_ligand_chains=1; problematic_mhc_contacts=0; binder_sized_contacts=0; problematic=False; removed_duplicates=[]; merged=2esv_merged_cavities.pdb
[START] 4NO0
[MAPPED] 4NO0: contacts=9; possible_ligand_chains=1; problematic_mhc_contacts=0; binder_sized_contacts=0; problematic=False; removed_duplicates=[]; merged=4no0_merged_cavities.pdb
[START] 5HGB
[MAPPED] 5HGB: contacts=14; possible_ligand_chains=1; problematic_mhc_contacts=0; binder_sized_contacts=0; problematic=False; removed_duplicates=[]; merged=5hgb_merged_cavities.pdb
[START] 7NMD
[MAPPED] 7NMD: contacts=11; possible_ligand_chains=1; problematic_mhc_contacts=0; binder_sized_contacts=0; problematic=False; removed_duplicates=[]; merged=7nmd_merged_cavities.pdb
[START] 1A9E
[MAPPED] 1A9E: contacts=12; possible_ligand_chains=1; problematic_mhc_contacts=0; binder_sized_contacts=0; problematic=False; removed_duplicates=[]; merged=1a9e_merged_cavities.pdb
[START] 7N6E
[MAPPED] 7N6E: contacts=6; possible_ligand_chains=1; problematic_mhc_contacts=0; binder_sized_contacts=0; problematic=False; removed_duplicates=[]; merged=7n6e_merged_cavities.pdb
[START] 7U1R
[MAPPED] 7U1R: contacts=12; possible_ligand_chains=1; problematic_mhc_contacts=0; binder_sized_contacts=0; problematic=False; removed_duplicates=[]; merged=7u1r_merged_cavities.pdb
[START] 7P4B
[MAPPED] 7P4B: contacts=15; possible_ligand_chains=1; problematic_mhc_contacts=0; binder_sized_contacts=0; problematic=False; removed_duplicates=[]; merged=7p4b_merged_cavities.pdb
[START] 7JYX
[MAPPED] 7JYX: contacts=10; possible_ligand_chains=1; problematic_mhc_contacts=0; binder_sized_contacts=0; problematic=False; removed_duplicates=[]; merged=7jyx_merged_cavities.pdb
[START] 1Q94
[MAPPED] 1Q94: contacts=16; possible_ligand_chains=1; problematic_mhc_contacts=0; binder_sized_contacts=0; problematic=False; removed_duplicates=[]; merged=1q94_merged_cavities.pdb
[START] 2F54
[MAPPED] 2F54: contacts=7; possible_ligand_chains=1; problematic_mhc_contacts=0; binder_sized_contacts=0; problematic=False; removed_duplicates=[]; merged=2f54_merged_cavities.pdb
[START] 4QOK
[MAPPED] 4QOK: contacts=9; possible_ligand_chains=1; problematic_mhc_contacts=0; binder_sized_contacts=0; problematic=False; removed_duplicates=[]; merged=4qok_merged_cavities.pdb
[START] 5XOT
[MAPPED] 5XOT: contacts=9; possible_ligand_chains=1; problematic_mhc_contacts=0; binder_sized_contacts=0; problematic=False; removed_duplicates=[]; merged=5xot_merged_cavities.pdb
[START] 1T21
[MAPPED] 1T21: contacts=13; possible_ligand_chains=1; problematic_mhc_contacts=0; binder_sized_contacts=0; problematic=False; removed_duplicates=[]; merged=1t21_merged_cavities.pdb
[START] 3RL2
[MAPPED] 3RL2: contacts=15; possible_ligand_chains=1; problematic_mhc_contacts=0; binder_sized_contacts=0; problematic=False; removed_duplicates=[]; merged=3rl2_merged_cavities.pdb
[START] 7TR4
[MAPPED] 7TR4: contacts=10; possible_ligand_chains=1; problematic_mhc_contacts=0; binder_sized_contacts=0; problematic=False; removed_duplicates=[]; merged=7tr4_merged_cavities.pdb
[START] 6MTM
[MAPPED] 6MTM: contacts=9; possible_ligand_chains=1; problematic_mhc_contacts=0; binder_sized_contacts=0; problematic=False; removed_duplicates=[]; merged=6mtm_merged_cavities.pdb
[START] 7MJA
[MAPPED] 7MJA: contacts=13; possible_ligand_chains=1; problematic_mhc_contacts=0; binder_sized_contacts=0; problematic=False; removed_duplicates=[]; merged=7mja_merged_cavities.pdb
[START] 3GSW
[MAPPED] 3GSW: contacts=12; possible_ligand_chains=1; problematic_mhc_contacts=0; binder_sized_contacts=0; problematic=False; removed_duplicates=[]; merged=3gsw_merged_cavities.pdb
[START] 1AKJ
[MAPPED] 1AKJ: contacts=9; possible_ligand_chains=1; problematic_mhc_contacts=0; binder_sized_contacts=0; problematic=False; removed_duplicates=[]; merged=1akj_merged_cavities.pdb
[START] 1QSF
[MAPPED] 1QSF: contacts=9; possible_ligand_chains=1; problematic_mhc_contacts=0; binder_sized_contacts=0; problematic=False; removed_duplicates=[]; merged=1qsf_merged_cavities.pdb
[START] 5W6A
[MAPPED] 5W6A: contacts=16; possible_ligand_chains=1; problematic_mhc_contacts=0; binder_sized_contacts=0; problematic=False; removed_duplicates=[]; merged=5w6a_merged_cavities.pdb
[START] 3FQT
[MAPPED] 3FQT: contacts=14; possible_ligand_chains=1; problematic_mhc_contacts=0; binder_sized_contacts=0; problematic=False; removed_duplicates=[]; merged=3fqt_merged_cavities.pdb
[START] 4F7M
[MAPPED] 4F7M: contacts=8; possible_ligand_chains=1; problematic_mhc_contacts=0; binder_sized_contacts=0; problematic=False; removed_duplicates=[]; merged=4f7m_merged_cavities.pdb
[START] 1HHH
[MAPPED] 1HHH: contacts=9; possible_ligand_chains=1; problematic_mhc_contacts=0; binder_sized_contacts=0; problematic=False; removed_duplicates=[]; merged=1hhh_merged_cavities.pdb
[START] 1T1X
[MAPPED] 1T1X: contacts=11; possible_ligand_chains=1; problematic_mhc_contacts=0; binder_sized_contacts=0; problematic=False; removed_duplicates=[]; merged=1t1x_merged_cavities.pdb
[START] 8QFY
[MAPPED] 8QFY: contacts=11; possible_ligand_chains=1; problematic_mhc_contacts=0; binder_sized_contacts=0; problematic=False; removed_duplicates=[]; merged=8qfy_merged_cavities.pdb
[START] 7NDQ
[MAPPED] 7NDQ: contacts=11; possible_ligand_chains=1; problematic_mhc_contacts=0; binder_sized_contacts=0; problematic=False; removed_duplicates=[]; merged=7ndq_merged_cavities.pdb
[START] 6W51
[MAPPED] 6W51: contacts=9; possible_ligand_chains=1; problematic_mhc_contacts=0; binder_sized_contacts=0; problematic=False; removed_duplicates=[]; merged=6w51_merged_cavities.pdb
[START] 8EN8
[MAPPED] 8EN8: contacts=14; possible_ligand_chains=1; problematic_mhc_contacts=0; binder_sized_contacts=0; problematic=False; removed_duplicates=[]; merged=8en8_merged_cavities.pdb
[START] 6J2A
[MAPPED] 6J2A: contacts=22; possible_ligand_chains=1; problematic_mhc_contacts=0; binder_sized_contacts=0; problematic=False; removed_duplicates=[]; merged=6j2a_merged_cavities.pdb
[START] 7S8S
[MAPPED] 7S8S: contacts=17; possible_ligand_chains=1; problematic_mhc_contacts=0; binder_sized_contacts=0; problematic=False; removed_duplicates=[]; merged=7s8s_merged_cavities.pdb
[START] 5WJL
[MAPPED] 5WJL: contacts=8; possible_ligand_chains=1; problematic_mhc_contacts=0; binder_sized_contacts=0; problematic=False; removed_duplicates=[]; merged=5wjl_merged_cavities.pdb
[START] 7S7E
[MAPPED] 7S7E: contacts=19; possible_ligand_chains=1; problematic_mhc_contacts=0; binder_sized_contacts=0; problematic=False; removed_duplicates=[]; merged=7s7e_merged_cavities.pdb
[START] 6UZ1
[MAPPED] 6UZ1: contacts=7; possible_ligand_chains=1; problematic_mhc_contacts=0; binder_sized_contacts=0; problematic=False; removed_duplicates=[]; merged=6uz1_merged_cavities.pdb
[START] 7WJ2
[MAPPED] 7WJ2: contacts=19; possible_ligand_chains=1; problematic_mhc_contacts=0; binder_sized_contacts=0; problematic=False; removed_duplicates=[]; merged=7wj2_merged_cavities.pdb
[START] 3D3V
[MAPPED] 3D3V: contacts=10; possible_ligand_chains=1; problematic_mhc_contacts=0; binder_sized_contacts=0; problematic=False; removed_duplicates=[]; merged=3d3v_merged_cavities.pdb
[START] 7F4W
[MAPPED] 7F4W: contacts=7; possible_ligand_chains=1; problematic_mhc_contacts=0; binder_sized_contacts=0; problematic=False; removed_duplicates=[]; merged=7f4w_merged_cavities.pdb
[START] 3I6L
[MAPPED] 3I6L: contacts=9; possible_ligand_chains=1; problematic_mhc_contacts=0; binder_sized_contacts=0; problematic=False; removed_duplicates=[]; merged=3i6l_merged_cavities.pdb
[START] 1XR9
[MAPPED] 1XR9: contacts=18; possible_ligand_chains=1; problematic_mhc_contacts=0; binder_sized_contacts=0; problematic=False; removed_duplicates=[]; merged=1xr9_merged_cavities.pdb
[START] 2XPG
[MAPPED] 2XPG: contacts=9; possible_ligand_chains=1; problematic_mhc_contacts=0; binder_sized_contacts=0; problematic=False; removed_duplicates=[]; merged=2xpg_merged_cavities.pdb
[START] 3PWP
[MAPPED] 3PWP: contacts=9; possible_ligand_chains=1; problematic_mhc_contacts=0; binder_sized_contacts=0; problematic=False; removed_duplicates=[]; merged=3pwp_merged_cavities.pdb
[START] 6J1V
[MAPPED] 6J1V: contacts=17; possible_ligand_chains=1; problematic_mhc_contacts=0; binder_sized_contacts=0; problematic=False; removed_duplicates=[]; merged=6j1v_merged_cavities.pdb
[START] 3KXF
[MAPPED] 3KXF: contacts=6; possible_ligand_chains=1; problematic_mhc_contacts=0; binder_sized_contacts=0; problematic=False; removed_duplicates=[]; merged=3kxf_merged_cavities.pdb
[START] 1I4F
[MAPPED] 1I4F: contacts=13; possible_ligand_chains=1; problematic_mhc_contacts=0; binder_sized_contacts=0; problematic=False; removed_duplicates=[]; merged=1i4f_merged_cavities.pdb
[START] 8RYO
[MAPPED] 8RYO: contacts=16; possible_ligand_chains=1; problematic_mhc_contacts=0; binder_sized_contacts=0; problematic=False; removed_duplicates=[]; merged=8ryo_merged_cavities.pdb
[START] 6MT3
[MAPPED] 6MT3: contacts=27; possible_ligand_chains=1; problematic_mhc_contacts=0; binder_sized_contacts=0; problematic=False; removed_duplicates=[]; merged=6mt3_merged_cavities.pdb
[START] 3V5K
[MAPPED] 3V5K: contacts=11; possible_ligand_chains=1; problematic_mhc_contacts=0; binder_sized_contacts=0; problematic=False; removed_duplicates=[]; merged=3v5k_merged_cavities.pdb
[START] 6UK2
[MAPPED] 6UK2: contacts=6; possible_ligand_chains=1; problematic_mhc_contacts=0; binder_sized_contacts=0; problematic=False; removed_duplicates=[]; merged=6uk2_merged_cavities.pdb
[START] 7KGO
[MAPPED] 7KGO: contacts=12; possible_ligand_chains=1; problematic_mhc_contacts=0; binder_sized_contacts=0; problematic=False; removed_duplicates=[]; merged=7kgo_merged_cavities.pdb
[START] 7RTR
[MAPPED] 7RTR: contacts=10; possible_ligand_chains=1; problematic_mhc_contacts=0; binder_sized_contacts=0; problematic=False; removed_duplicates=[]; merged=7rtr_merged_cavities.pdb
[START] 3WLB
[MAPPED] 3WLB: contacts=12; possible_ligand_chains=1; problematic_mhc_contacts=0; binder_sized_contacts=0; problematic=False; removed_duplicates=[]; merged=3wlb_merged_cavities.pdb
[START] 8RBV
[MAPPED] 8RBV: contacts=14; possible_ligand_chains=1; problematic_mhc_contacts=0; binder_sized_contacts=0; problematic=False; removed_duplicates=[]; merged=8rbv_merged_cavities.pdb
[START] 6UJ7
[MAPPED] 6UJ7: contacts=21; possible_ligand_chains=1; problematic_mhc_contacts=0; binder_sized_contacts=0; problematic=False; removed_duplicates=[]; merged=6uj7_merged_cavities.pdb
[START] 6GHN
[MAPPED] 6GHN: contacts=11; possible_ligand_chains=1; problematic_mhc_contacts=0; binder_sized_contacts=0; problematic=False; removed_duplicates=[]; merged=6ghn_merged_cavities.pdb
[START] 1T1W
[MAPPED] 1T1W: contacts=13; possible_ligand_chains=1; problematic_mhc_contacts=0; binder_sized_contacts=0; problematic=False; removed_duplicates=[]; merged=1t1w_merged_cavities.pdb
[START] 7JYU
[MAPPED] 7JYU: contacts=8; possible_ligand_chains=1; problematic_mhc_contacts=0; binder_sized_contacts=0; problematic=False; removed_duplicates=[]; merged=7jyu_merged_cavities.pdb
[START] 8XKC
[MAPPED] 8XKC: contacts=10; possible_ligand_chains=1; problematic_mhc_contacts=0; binder_sized_contacts=0; problematic=False; removed_duplicates=[]; merged=8xkc_merged_cavities.pdb
[START] 6VM8
[MAPPED] 6VM8: contacts=13; possible_ligand_chains=1; problematic_mhc_contacts=0; binder_sized_contacts=0; problematic=False; removed_duplicates=[]; merged=6vm8_merged_cavities.pdb
[START] 6ZKZ
[MAPPED] 6ZKZ: contacts=10; possible_ligand_chains=1; problematic_mhc_contacts=0; binder_sized_contacts=0; problematic=False; removed_duplicates=[]; merged=6zkz_merged_cavities.pdb
[START] 4QRR
[MAPPED] 4QRR: contacts=9; possible_ligand_chains=1; problematic_mhc_contacts=0; binder_sized_contacts=0; problematic=False; removed_duplicates=[]; merged=4qrr_merged_cavities.pdb
[START] 3VXP
[MAPPED] 3VXP: contacts=11; possible_ligand_chains=1; problematic_mhc_contacts=0; binder_sized_contacts=0; problematic=False; removed_duplicates=[]; merged=3vxp_merged_cavities.pdb
[START] 5WSH
[MAPPED] 5WSH: contacts=15; possible_ligand_chains=1; problematic_mhc_contacts=0; binder_sized_contacts=0; problematic=False; removed_duplicates=[]; merged=5wsh_merged_cavities.pdb
[START] 5WWJ
[MAPPED] 5WWJ: contacts=6; possible_ligand_chains=1; problematic_mhc_contacts=0; binder_sized_contacts=0; problematic=False; removed_duplicates=[]; merged=5wwj_merged_cavities.pdb
[START] 5VZ5
[MAPPED] 5VZ5: contacts=10; possible_ligand_chains=1; problematic_mhc_contacts=0; binder_sized_contacts=0; problematic=False; removed_duplicates=[]; merged=5vz5_merged_cavities.pdb
[START] 7NUI
[MAPPED] 7NUI: contacts=16; possible_ligand_chains=1; problematic_mhc_contacts=0; binder_sized_contacts=0; problematic=False; removed_duplicates=[]; merged=7nui_merged_cavities.pdb
[START] 5HHN
[MAPPED] 5HHN: contacts=14; possible_ligand_chains=1; problematic_mhc_contacts=0; binder_sized_contacts=0; problematic=False; removed_duplicates=[]; merged=5hhn_merged_cavities.pdb
[START] 1S8D
[MAPPED] 1S8D: contacts=17; possible_ligand_chains=1; problematic_mhc_contacts=0; binder_sized_contacts=0; problematic=False; removed_duplicates=[]; merged=1s8d_merged_cavities.pdb
[START] 7RK7
[MAPPED] 7RK7: contacts=9; possible_ligand_chains=1; problematic_mhc_contacts=0; binder_sized_contacts=0; problematic=False; removed_duplicates=[]; merged=7rk7_merged_cavities.pdb
[START] 4JFP
[MAPPED] 4JFP: contacts=12; possible_ligand_chains=1; problematic_mhc_contacts=0; binder_sized_contacts=0; problematic=False; removed_duplicates=[]; merged=4jfp_merged_cavities.pdb
[START] 6ZKY
[MAPPED] 6ZKY: contacts=9; possible_ligand_chains=1; problematic_mhc_contacts=0; binder_sized_contacts=0; problematic=False; removed_duplicates=[]; merged=6zky_merged_cavities.pdb
[START] 8I5D
[MAPPED] 8I5D: contacts=9; possible_ligand_chains=1; problematic_mhc_contacts=0; binder_sized_contacts=0; problematic=False; removed_duplicates=[]; merged=8i5d_merged_cavities.pdb
[START] 1DUY
[MAPPED] 1DUY: contacts=11; possible_ligand_chains=1; problematic_mhc_contacts=0; binder_sized_contacts=0; problematic=False; removed_duplicates=[]; merged=1duy_merged_cavities.pdb
[START] 3UTT
[MAPPED] 3UTT: contacts=7; possible_ligand_chains=1; problematic_mhc_contacts=0; binder_sized_contacts=0; problematic=False; removed_duplicates=[]; merged=3utt_merged_cavities.pdb
[START] 7PBE
[MAPPED] 7PBE: contacts=7; possible_ligand_chains=1; problematic_mhc_contacts=0; binder_sized_contacts=0; problematic=False; removed_duplicates=[]; merged=7pbe_merged_cavities.pdb
[START] 3H9S
[MAPPED] 3H9S: contacts=6; possible_ligand_chains=1; problematic_mhc_contacts=0; binder_sized_contacts=0; problematic=False; removed_duplicates=[]; merged=3h9s_merged_cavities.pdb
[START] 4O2F
[MAPPED] 4O2F: contacts=21; possible_ligand_chains=1; problematic_mhc_contacts=0; binder_sized_contacts=0; problematic=False; removed_duplicates=[]; merged=4o2f_merged_cavities.pdb
[START] 1A9B
[MAPPED] 1A9B: contacts=8; possible_ligand_chains=1; problematic_mhc_contacts=0; binder_sized_contacts=0; problematic=False; removed_duplicates=[]; merged=1a9b_merged_cavities.pdb
[START] 6ZKX
[MAPPED] 6ZKX: contacts=18; possible_ligand_chains=1; problematic_mhc_contacts=0; binder_sized_contacts=0; problematic=False; removed_duplicates=[]; merged=6zkx_merged_cavities.pdb
[START] 1YDP
[MAPPED] 1YDP: contacts=14; possible_ligand_chains=1; problematic_mhc_contacts=0; binder_sized_contacts=0; problematic=False; removed_duplicates=[]; merged=1ydp_merged_cavities.pdb
[START] 7EJM
[MAPPED] 7EJM: contacts=12; possible_ligand_chains=1; problematic_mhc_contacts=0; binder_sized_contacts=0; problematic=False; removed_duplicates=[]; merged=7ejm_merged_cavities.pdb
[START] 3V5D
[MAPPED] 3V5D: contacts=13; possible_ligand_chains=1; problematic_mhc_contacts=0; binder_sized_contacts=0; problematic=False; removed_duplicates=[]; merged=3v5d_merged_cavities.pdb
[START] 3QFJ
[MAPPED] 3QFJ: contacts=11; possible_ligand_chains=1; problematic_mhc_contacts=0; binder_sized_contacts=0; problematic=False; removed_duplicates=[]; merged=3qfj_merged_cavities.pdb
[START] 2NX5
[MAPPED] 2NX5: contacts=9; possible_ligand_chains=1; problematic_mhc_contacts=0; binder_sized_contacts=0; problematic=False; removed_duplicates=[]; merged=2nx5_merged_cavities.pdb
[START] 6ULI
[MAPPED] 6ULI: contacts=12; possible_ligand_chains=1; problematic_mhc_contacts=0; binder_sized_contacts=0; problematic=False; removed_duplicates=[]; merged=6uli_merged_cavities.pdb
[START] 7LG2
[MAPPED] 7LG2: contacts=12; possible_ligand_chains=1; problematic_mhc_contacts=0; binder_sized_contacts=0; problematic=False; removed_duplicates=[]; merged=7lg2_merged_cavities.pdb
[START] 1CG9
[MAPPED] 1CG9: contacts=13; possible_ligand_chains=1; problematic_mhc_contacts=0; binder_sized_contacts=0; problematic=False; removed_duplicates=[]; merged=1cg9_merged_cavities.pdb
[START] 6GGM
[MAPPED] 6GGM: contacts=12; possible_ligand_chains=1; problematic_mhc_contacts=0; binder_sized_contacts=0; problematic=False; removed_duplicates=[]; merged=6ggm_merged_cavities.pdb
[START] 5ENW
[MAPPED] 5ENW: contacts=10; possible_ligand_chains=1; problematic_mhc_contacts=0; binder_sized_contacts=0; problematic=False; removed_duplicates=[]; merged=5enw_merged_cavities.pdb
[START] 7S8Q
[MAPPED] 7S8Q: contacts=24; possible_ligand_chains=1; problematic_mhc_contacts=0; binder_sized_contacts=0; problematic=False; removed_duplicates=[]; merged=7s8q_merged_cavities.pdb
[START] 3WL9
[MAPPED] 3WL9: contacts=13; possible_ligand_chains=1; problematic_mhc_contacts=0; binder_sized_contacts=0; problematic=False; removed_duplicates=[]; merged=3wl9_merged_cavities.pdb
[START] 1S9Y
[MAPPED] 1S9Y: contacts=12; possible_ligand_chains=1; problematic_mhc_contacts=0; binder_sized_contacts=0; problematic=False; removed_duplicates=[]; merged=1s9y_merged_cavities.pdb
[START] 2CLR
[MAPPED] 2CLR: contacts=7; possible_ligand_chains=1; problematic_mhc_contacts=0; binder_sized_contacts=0; problematic=False; removed_duplicates=[]; merged=2clr_merged_cavities.pdb
[START] 5IUE
[MAPPED] 5IUE: contacts=9; possible_ligand_chains=1; problematic_mhc_contacts=0; binder_sized_contacts=0; problematic=False; removed_duplicates=[]; merged=5iue_merged_cavities.pdb
[START] 3MGT
[MAPPED] 3MGT: contacts=11; possible_ligand_chains=1; problematic_mhc_contacts=0; binder_sized_contacts=0; problematic=False; removed_duplicates=[]; merged=3mgt_merged_cavities.pdb
[START] 5F9J
[MAPPED] 5F9J: contacts=10; possible_ligand_chains=1; problematic_mhc_contacts=0; binder_sized_contacts=0; problematic=False; removed_duplicates=[]; merged=5f9j_merged_cavities.pdb
[START] 3OX8
[MAPPED] 3OX8: contacts=11; possible_ligand_chains=1; problematic_mhc_contacts=0; binder_sized_contacts=0; problematic=False; removed_duplicates=[]; merged=3ox8_merged_cavities.pdb
[START] 1E27
[MAPPED] 1E27: contacts=18; possible_ligand_chains=1; problematic_mhc_contacts=0; binder_sized_contacts=0; problematic=False; removed_duplicates=[]; merged=1e27_merged_cavities.pdb
[START] 3FT2
[MAPPED] 3FT2: contacts=16; possible_ligand_chains=1; problematic_mhc_contacts=0; binder_sized_contacts=0; problematic=False; removed_duplicates=[]; merged=3ft2_merged_cavities.pdb
[START] 3FQW
[MAPPED] 3FQW: contacts=14; possible_ligand_chains=1; problematic_mhc_contacts=0; binder_sized_contacts=0; problematic=False; removed_duplicates=[]; merged=3fqw_merged_cavities.pdb
[START] 1T20
[MAPPED] 1T20: contacts=11; possible_ligand_chains=1; problematic_mhc_contacts=0; binder_sized_contacts=0; problematic=False; removed_duplicates=[]; merged=1t20_merged_cavities.pdb
[START] 3C9N
[MAPPED] 3C9N: contacts=18; possible_ligand_chains=1; problematic_mhc_contacts=0; binder_sized_contacts=0; problematic=False; removed_duplicates=[]; merged=3c9n_merged_cavities.pdb
[START] 4WU5
[MAPPED] 4WU5: contacts=12; possible_ligand_chains=1; problematic_mhc_contacts=0; binder_sized_contacts=0; problematic=False; removed_duplicates=[]; merged=4wu5_merged_cavities.pdb
[START] 2BVP
[MAPPED] 2BVP: contacts=18; possible_ligand_chains=1; problematic_mhc_contacts=0; binder_sized_contacts=0; problematic=False; removed_duplicates=[]; merged=2bvp_merged_cavities.pdb
[START] 4NQV
[MAPPED] 4NQV: contacts=11; possible_ligand_chains=1; problematic_mhc_contacts=0; binder_sized_contacts=0; problematic=False; removed_duplicates=[]; merged=4nqv_merged_cavities.pdb
[START] 7KGS
[MAPPED] 7KGS: contacts=11; possible_ligand_chains=1; problematic_mhc_contacts=0; binder_sized_contacts=0; problematic=False; removed_duplicates=[]; merged=7kgs_merged_cavities.pdb
[START] 6AEE
[MAPPED] 6AEE: contacts=9; possible_ligand_chains=1; problematic_mhc_contacts=0; binder_sized_contacts=0; problematic=False; removed_duplicates=[]; merged=6aee_merged_cavities.pdb
[START] 6JP3
[MAPPED] 6JP3: contacts=22; possible_ligand_chains=2; problematic_mhc_contacts=0; binder_sized_contacts=0; problematic=False; removed_duplicates=[]; merged=6jp3_merged_cavities.pdb
[START] 5HGA
[MAPPED] 5HGA: contacts=12; possible_ligand_chains=1; problematic_mhc_contacts=0; binder_sized_contacts=0; problematic=False; removed_duplicates=[]; merged=5hga_merged_cavities.pdb
[START] 1HHG
[MAPPED] 1HHG: contacts=7; possible_ligand_chains=1; problematic_mhc_contacts=0; binder_sized_contacts=0; problematic=False; removed_duplicates=[]; merged=1hhg_merged_cavities.pdb
[START] 4JFF
[MAPPED] 4JFF: contacts=11; possible_ligand_chains=1; problematic_mhc_contacts=0; binder_sized_contacts=0; problematic=False; removed_duplicates=[]; merged=4jff_merged_cavities.pdb
[START] 7N2R
[MAPPED] 7N2R: contacts=11; possible_ligand_chains=1; problematic_mhc_contacts=0; binder_sized_contacts=0; problematic=False; removed_duplicates=[]; merged=7n2r_merged_cavities.pdb
[START] 8ELG
[MAPPED] 8ELG: contacts=16; possible_ligand_chains=1; problematic_mhc_contacts=0; binder_sized_contacts=0; problematic=False; removed_duplicates=[]; merged=8elg_merged_cavities.pdb
[START] 5NMK
[MAPPED] 5NMK: contacts=14; possible_ligand_chains=1; problematic_mhc_contacts=0; binder_sized_contacts=0; problematic=False; removed_duplicates=[]; merged=5nmk_merged_cavities.pdb
[START] 1MHE
[MAPPED] 1MHE: contacts=10; possible_ligand_chains=1; problematic_mhc_contacts=0; binder_sized_contacts=0; problematic=False; removed_duplicates=['C']; merged=1mhe_merged_cavities.pdb
[START] 6GH4
[MAPPED] 6GH4: contacts=12; possible_ligand_chains=1; problematic_mhc_contacts=0; binder_sized_contacts=0; problematic=False; removed_duplicates=[]; merged=6gh4_merged_cavities.pdb
[START] 8RYM
[MAPPED] 8RYM: contacts=12; possible_ligand_chains=1; problematic_mhc_contacts=0; binder_sized_contacts=0; problematic=False; removed_duplicates=[]; merged=8rym_merged_cavities.pdb
[START] 5D9S
[MAPPED] 5D9S: contacts=13; possible_ligand_chains=1; problematic_mhc_contacts=0; binder_sized_contacts=0; problematic=False; removed_duplicates=[]; merged=5d9s_merged_cavities.pdb
[START] 7LG3
[MAPPED] 7LG3: contacts=11; possible_ligand_chains=1; problematic_mhc_contacts=0; binder_sized_contacts=0; problematic=False; removed_duplicates=[]; merged=7lg3_merged_cavities.pdb
[START] 6MPP
[MAPPED] 6MPP: contacts=9; possible_ligand_chains=1; problematic_mhc_contacts=0; binder_sized_contacts=0; problematic=False; removed_duplicates=[]; merged=6mpp_merged_cavities.pdb
[START] 3VXN
[MAPPED] 3VXN: contacts=10; possible_ligand_chains=1; problematic_mhc_contacts=0; binder_sized_contacts=0; problematic=False; removed_duplicates=[]; merged=3vxn_merged_cavities.pdb
[START] 8RLT
[MAPPED] 8RLT: contacts=11; possible_ligand_chains=1; problematic_mhc_contacts=0; binder_sized_contacts=0; problematic=False; removed_duplicates=[]; merged=8rlt_merged_cavities.pdb
[START] 8ENH
[MAPPED] 8ENH: contacts=16; possible_ligand_chains=1; problematic_mhc_contacts=0; binder_sized_contacts=0; problematic=False; removed_duplicates=[]; merged=8enh_merged_cavities.pdb
[START] 7N1B
[MAPPED] 7N1B: contacts=7; possible_ligand_chains=1; problematic_mhc_contacts=0; binder_sized_contacts=0; problematic=False; removed_duplicates=[]; merged=7n1b_merged_cavities.pdb
[START] 8RH6
[MAPPED] 8RH6: contacts=8; possible_ligand_chains=1; problematic_mhc_contacts=0; binder_sized_contacts=0; problematic=False; removed_duplicates=['C', 'D']; merged=8rh6_merged_cavities.pdb
[START] 7SA2
[MAPPED] 7SA2: contacts=11; possible_ligand_chains=1; problematic_mhc_contacts=0; binder_sized_contacts=0; problematic=False; removed_duplicates=[]; merged=7sa2_merged_cavities.pdb
[START] 5IM7
[MAPPED] 5IM7: contacts=10; possible_ligand_chains=1; problematic_mhc_contacts=0; binder_sized_contacts=0; problematic=False; removed_duplicates=[]; merged=5im7_merged_cavities.pdb
[START] 8RNG
[MAPPED] 8RNG: contacts=16; possible_ligand_chains=1; problematic_mhc_contacts=0; binder_sized_contacts=0; problematic=False; removed_duplicates=[]; merged=8rng_merged_cavities.pdb
[START] 6D2B
[MAPPED] 6D2B: contacts=16; possible_ligand_chains=1; problematic_mhc_contacts=0; binder_sized_contacts=0; problematic=False; removed_duplicates=[]; merged=6d2b_merged_cavities.pdb
[START] 7S8F
[MAPPED] 7S8F: contacts=19; possible_ligand_chains=1; problematic_mhc_contacts=0; binder_sized_contacts=0; problematic=False; removed_duplicates=[]; merged=7s8f_merged_cavities.pdb
[START] 7KGP
[MAPPED] 7KGP: contacts=11; possible_ligand_chains=1; problematic_mhc_contacts=0; binder_sized_contacts=0; problematic=False; removed_duplicates=[]; merged=7kgp_merged_cavities.pdb
[START] 1EEY
[MAPPED] 1EEY: contacts=8; possible_ligand_chains=1; problematic_mhc_contacts=0; binder_sized_contacts=0; problematic=False; removed_duplicates=[]; merged=1eey_merged_cavities.pdb
[START] 2X4N
[MAPPED] 2X4N: contacts=5; possible_ligand_chains=1; problematic_mhc_contacts=0; binder_sized_contacts=0; problematic=False; removed_duplicates=[]; merged=2x4n_merged_cavities.pdb
[START] 7N1E
[MAPPED] 7N1E: contacts=10; possible_ligand_chains=1; problematic_mhc_contacts=0; binder_sized_contacts=0; problematic=False; removed_duplicates=[]; merged=7n1e_merged_cavities.pdb
[START] 5W1V
[MAPPED] 5W1V: contacts=10; possible_ligand_chains=1; problematic_mhc_contacts=0; binder_sized_contacts=0; problematic=False; removed_duplicates=[]; merged=5w1v_merged_cavities.pdb
[START] 8ROP
[MAPPED] 8ROP: contacts=18; possible_ligand_chains=1; problematic_mhc_contacts=0; binder_sized_contacts=0; problematic=False; removed_duplicates=[]; merged=8rop_merged_cavities.pdb
[START] 8RHQ
[MAPPED] 8RHQ: contacts=17; possible_ligand_chains=1; problematic_mhc_contacts=0; binder_sized_contacts=0; problematic=False; removed_duplicates=['C', 'E']; merged=8rhq_merged_cavities.pdb
[START] 7S79
[MAPPED] 7S79: contacts=15; possible_ligand_chains=1; problematic_mhc_contacts=0; binder_sized_contacts=0; problematic=False; removed_duplicates=[]; merged=7s79_merged_cavities.pdb
[START] 6P2S
[MAPPED] 6P2S: contacts=18; possible_ligand_chains=1; problematic_mhc_contacts=0; binder_sized_contacts=0; problematic=False; removed_duplicates=[]; merged=6p2s_merged_cavities.pdb
[START] 4F7T
[MAPPED] 4F7T: contacts=13; possible_ligand_chains=1; problematic_mhc_contacts=0; binder_sized_contacts=0; problematic=False; removed_duplicates=[]; merged=4f7t_merged_cavities.pdb
[START] 5JHD
[MAPPED] 5JHD: contacts=9; possible_ligand_chains=1; problematic_mhc_contacts=0; binder_sized_contacts=0; problematic=False; removed_duplicates=[]; merged=5jhd_merged_cavities.pdb
[START] 7WT4
[MAPPED] 7WT4: contacts=14; possible_ligand_chains=1; problematic_mhc_contacts=0; binder_sized_contacts=0; problematic=False; removed_duplicates=[]; merged=7wt4_merged_cavities.pdb
[START] 1QVO
[MAPPED] 1QVO: contacts=23; possible_ligand_chains=1; problematic_mhc_contacts=0; binder_sized_contacts=0; problematic=False; removed_duplicates=[]; merged=1qvo_merged_cavities.pdb
[START] 1QEW
[MAPPED] 1QEW: contacts=9; possible_ligand_chains=1; problematic_mhc_contacts=0; binder_sized_contacts=0; problematic=False; removed_duplicates=[]; merged=1qew_merged_cavities.pdb
[START] 4O2C
[MAPPED] 4O2C: contacts=20; possible_ligand_chains=1; problematic_mhc_contacts=0; binder_sized_contacts=0; problematic=False; removed_duplicates=[]; merged=4o2c_merged_cavities.pdb
[START] 2F53
[MAPPED] 2F53: contacts=12; possible_ligand_chains=1; problematic_mhc_contacts=0; binder_sized_contacts=0; problematic=False; removed_duplicates=[]; merged=2f53_merged_cavities.pdb
[START] 7S7F
[MAPPED] 7S7F: contacts=21; possible_ligand_chains=1; problematic_mhc_contacts=0; binder_sized_contacts=0; problematic=False; removed_duplicates=[]; merged=7s7f_merged_cavities.pdb
[START] 7KGQ
[MAPPED] 7KGQ: contacts=12; possible_ligand_chains=1; problematic_mhc_contacts=0; binder_sized_contacts=0; problematic=False; removed_duplicates=[]; merged=7kgq_merged_cavities.pdb
[START] 3O3B
[MAPPED] 3O3B: contacts=10; possible_ligand_chains=1; problematic_mhc_contacts=0; binder_sized_contacts=0; problematic=False; removed_duplicates=[]; merged=3o3b_merged_cavities.pdb
[START] 1S9X
[MAPPED] 1S9X: contacts=12; possible_ligand_chains=1; problematic_mhc_contacts=0; binder_sized_contacts=0; problematic=False; removed_duplicates=[]; merged=1s9x_merged_cavities.pdb
[START] 2UWE
[MAPPED] 2UWE: contacts=9; possible_ligand_chains=1; problematic_mhc_contacts=0; binder_sized_contacts=0; problematic=False; removed_duplicates=[]; merged=2uwe_merged_cavities.pdb
[START] 5HGD
[MAPPED] 5HGD: contacts=10; possible_ligand_chains=1; problematic_mhc_contacts=0; binder_sized_contacts=0; problematic=False; removed_duplicates=[]; merged=5hgd_merged_cavities.pdb
[START] 6VB1
[MAPPED] 6VB1: contacts=15; possible_ligand_chains=1; problematic_mhc_contacts=0; binder_sized_contacts=0; problematic=False; removed_duplicates=[]; merged=6vb1_merged_cavities.pdb
[START] 1LP9
[MAPPED] 1LP9: contacts=10; possible_ligand_chains=1; problematic_mhc_contacts=0; binder_sized_contacts=0; problematic=False; removed_duplicates=[]; merged=1lp9_merged_cavities.pdb
[START] 8RYQ
[MAPPED] 8RYQ: contacts=5; possible_ligand_chains=1; problematic_mhc_contacts=0; binder_sized_contacts=0; problematic=False; removed_duplicates=[]; merged=8ryq_merged_cavities.pdb
[START] 6TDQ
[MAPPED] 6TDQ: contacts=15; possible_ligand_chains=0; problematic_mhc_contacts=4; binder_sized_contacts=0; problematic=True; removed_duplicates=[]; merged=6tdq_merged_cavities.pdb
[START] 7RZD
[MAPPED] 7RZD: contacts=17; possible_ligand_chains=1; problematic_mhc_contacts=0; binder_sized_contacts=0; problematic=False; removed_duplicates=[]; merged=7rzd_merged_cavities.pdb
[START] 3REW
[MAPPED] 3REW: contacts=15; possible_ligand_chains=1; problematic_mhc_contacts=0; binder_sized_contacts=0; problematic=False; removed_duplicates=[]; merged=3rew_merged_cavities.pdb
[START] 5ISZ
[MAPPED] 5ISZ: contacts=11; possible_ligand_chains=1; problematic_mhc_contacts=0; binder_sized_contacts=0; problematic=False; removed_duplicates=[]; merged=5isz_merged_cavities.pdb
[START] 7WKJ
[MAPPED] 7WKJ: contacts=17; possible_ligand_chains=1; problematic_mhc_contacts=0; binder_sized_contacts=0; problematic=False; removed_duplicates=[]; merged=7wkj_merged_cavities.pdb
[START] 6AVF
[MAPPED] 6AVF: contacts=17; possible_ligand_chains=1; problematic_mhc_contacts=0; binder_sized_contacts=0; problematic=False; removed_duplicates=[]; merged=6avf_merged_cavities.pdb
[START] 5WJN
[MAPPED] 5WJN: contacts=11; possible_ligand_chains=1; problematic_mhc_contacts=0; binder_sized_contacts=0; problematic=False; removed_duplicates=[]; merged=5wjn_merged_cavities.pdb
[START] 8RYP
[MAPPED] 8RYP: contacts=17; possible_ligand_chains=1; problematic_mhc_contacts=0; binder_sized_contacts=0; problematic=False; removed_duplicates=[]; merged=8ryp_merged_cavities.pdb
[START] 8XFZ
[MAPPED] 8XFZ: contacts=10; possible_ligand_chains=1; problematic_mhc_contacts=0; binder_sized_contacts=0; problematic=False; removed_duplicates=[]; merged=8xfz_merged_cavities.pdb
[START] 6GL1
[MAPPED] 6GL1: contacts=12; possible_ligand_chains=1; problematic_mhc_contacts=0; binder_sized_contacts=0; problematic=False; removed_duplicates=[]; merged=6gl1_merged_cavities.pdb
[START] 6UZQ
[MAPPED] 6UZQ: contacts=15; possible_ligand_chains=1; problematic_mhc_contacts=0; binder_sized_contacts=0; problematic=False; removed_duplicates=[]; merged=6uzq_merged_cavities.pdb
[START] 1QRN
[MAPPED] 1QRN: contacts=11; possible_ligand_chains=1; problematic_mhc_contacts=0; binder_sized_contacts=0; problematic=False; removed_duplicates=[]; merged=1qrn_merged_cavities.pdb
[START] 6MT4
[MAPPED] 6MT4: contacts=26; possible_ligand_chains=1; problematic_mhc_contacts=0; binder_sized_contacts=0; problematic=False; removed_duplicates=[]; merged=6mt4_merged_cavities.pdb
[START] 5EU3
[MAPPED] 5EU3: contacts=10; possible_ligand_chains=1; problematic_mhc_contacts=0; binder_sized_contacts=0; problematic=False; removed_duplicates=[]; merged=5eu3_merged_cavities.pdb
[START] 5FDW
[MAPPED] 5FDW: contacts=7; possible_ligand_chains=1; problematic_mhc_contacts=0; binder_sized_contacts=0; problematic=False; removed_duplicates=[]; merged=5fdw_merged_cavities.pdb
[START] 8E13
[MAPPED] 8E13: contacts=14; possible_ligand_chains=1; problematic_mhc_contacts=0; binder_sized_contacts=0; problematic=False; removed_duplicates=[]; merged=8e13_merged_cavities.pdb
[START] 6TDR
[MAPPED] 6TDR: contacts=23; possible_ligand_chains=0; problematic_mhc_contacts=0; binder_sized_contacts=0; problematic=False; removed_duplicates=[]; merged=6tdr_merged_cavities.pdb
[START] 6UZS
[MAPPED] 6UZS: contacts=20; possible_ligand_chains=1; problematic_mhc_contacts=0; binder_sized_contacts=0; problematic=False; removed_duplicates=[]; merged=6uzs_merged_cavities.pdb
[START] 3FQX
[MAPPED] 3FQX: contacts=15; possible_ligand_chains=1; problematic_mhc_contacts=0; binder_sized_contacts=0; problematic=False; removed_duplicates=[]; merged=3fqx_merged_cavities.pdb
[START] 6VM9
[MAPPED] 6VM9: contacts=8; possible_ligand_chains=1; problematic_mhc_contacts=0; binder_sized_contacts=0; problematic=False; removed_duplicates=[]; merged=6vm9_merged_cavities.pdb
[START] 3FT4
[MAPPED] 3FT4: contacts=12; possible_ligand_chains=1; problematic_mhc_contacts=0; binder_sized_contacts=0; problematic=False; removed_duplicates=[]; merged=3ft4_merged_cavities.pdb
[START] 6AM5
[MAPPED] 6AM5: contacts=12; possible_ligand_chains=1; problematic_mhc_contacts=0; binder_sized_contacts=0; problematic=False; removed_duplicates=[]; merged=6am5_merged_cavities.pdb
[START] 8RYN
[MAPPED] 8RYN: contacts=19; possible_ligand_chains=1; problematic_mhc_contacts=0; binder_sized_contacts=0; problematic=False; removed_duplicates=[]; merged=8ryn_merged_cavities.pdb
[START] 8ROO
[MAPPED] 8ROO: contacts=17; possible_ligand_chains=1; problematic_mhc_contacts=0; binder_sized_contacts=0; problematic=False; removed_duplicates=[]; merged=8roo_merged_cavities.pdb
[START] 6PAG
[MAPPED] 6PAG: contacts=9; possible_ligand_chains=1; problematic_mhc_contacts=0; binder_sized_contacts=0; problematic=False; removed_duplicates=[]; merged=6pag_merged_cavities.pdb
[START] 4NO5
[MAPPED] 4NO5: contacts=12; possible_ligand_chains=1; problematic_mhc_contacts=0; binder_sized_contacts=0; problematic=False; removed_duplicates=[]; merged=4no5_merged_cavities.pdb
[START] 5HYJ
[MAPPED] 5HYJ: contacts=8; possible_ligand_chains=1; problematic_mhc_contacts=0; binder_sized_contacts=0; problematic=False; removed_duplicates=[]; merged=5hyj_merged_cavities.pdb
[START] 5W69
[MAPPED] 5W69: contacts=14; possible_ligand_chains=1; problematic_mhc_contacts=0; binder_sized_contacts=0; problematic=False; removed_duplicates=[]; merged=5w69_merged_cavities.pdb
[START] 6ID4
[MAPPED] 6ID4: contacts=15; possible_ligand_chains=1; problematic_mhc_contacts=0; binder_sized_contacts=0; problematic=False; removed_duplicates=[]; merged=6id4_merged_cavities.pdb
[START] 7MKB
[MAPPED] 7MKB: contacts=13; possible_ligand_chains=1; problematic_mhc_contacts=0; binder_sized_contacts=0; problematic=False; removed_duplicates=[]; merged=7mkb_merged_cavities.pdb
[START] 8EB2
[MAPPED] 8EB2: contacts=7; possible_ligand_chains=1; problematic_mhc_contacts=0; binder_sized_contacts=0; problematic=False; removed_duplicates=[]; merged=8eb2_merged_cavities.pdb
[START] 7NMF
[MAPPED] 7NMF: contacts=7; possible_ligand_chains=1; problematic_mhc_contacts=0; binder_sized_contacts=0; problematic=False; removed_duplicates=[]; merged=7nmf_merged_cavities.pdb
[START] 8DVG
[MAPPED] 8DVG: contacts=15; possible_ligand_chains=1; problematic_mhc_contacts=0; binder_sized_contacts=0; problematic=False; removed_duplicates=[]; merged=8dvg_merged_cavities.pdb
[START] 8GON
[MAPPED] 8GON: contacts=10; possible_ligand_chains=1; problematic_mhc_contacts=0; binder_sized_contacts=0; problematic=False; removed_duplicates=[]; merged=8gon_merged_cavities.pdb
[START] 7OW4
[MAPPED] 7OW4: contacts=15; possible_ligand_chains=1; problematic_mhc_contacts=0; binder_sized_contacts=0; problematic=False; removed_duplicates=[]; merged=7ow4_merged_cavities.pdb
[START] 7P3D
[MAPPED] 7P3D: contacts=10; possible_ligand_chains=1; problematic_mhc_contacts=0; binder_sized_contacts=0; problematic=False; removed_duplicates=[]; merged=7p3d_merged_cavities.pdb
[START] 7P3E
[MAPPED] 7P3E: contacts=10; possible_ligand_chains=1; problematic_mhc_contacts=0; binder_sized_contacts=0; problematic=False; removed_duplicates=[]; merged=7p3e_merged_cavities.pdb
[START] 6JOZ
[MAPPED] 6JOZ: contacts=20; possible_ligand_chains=1; problematic_mhc_contacts=0; binder_sized_contacts=0; problematic=False; removed_duplicates=[]; merged=6joz_merged_cavities.pdb
[START] 1HSB
[MAPPED] 1HSB: contacts=9; possible_ligand_chains=1; problematic_mhc_contacts=1; binder_sized_contacts=0; problematic=True; removed_duplicates=[]; merged=1hsb_merged_cavities.pdb
[START] 3MGO
[MAPPED] 3MGO: contacts=8; possible_ligand_chains=1; problematic_mhc_contacts=0; binder_sized_contacts=0; problematic=False; removed_duplicates=[]; merged=3mgo_merged_cavities.pdb
[START] 8RLU
[MAPPED] 8RLU: contacts=13; possible_ligand_chains=1; problematic_mhc_contacts=0; binder_sized_contacts=0; problematic=False; removed_duplicates=[]; merged=8rlu_merged_cavities.pdb
[START] 6GH1
[MAPPED] 6GH1: contacts=10; possible_ligand_chains=1; problematic_mhc_contacts=0; binder_sized_contacts=0; problematic=False; removed_duplicates=[]; merged=6gh1_merged_cavities.pdb
[START] 5V5L
[MAPPED] 5V5L: contacts=14; possible_ligand_chains=1; problematic_mhc_contacts=0; binder_sized_contacts=0; problematic=False; removed_duplicates=[]; merged=5v5l_merged_cavities.pdb
[START] 4N8V
[MAPPED] 4N8V: contacts=11; possible_ligand_chains=1; problematic_mhc_contacts=0; binder_sized_contacts=0; problematic=False; removed_duplicates=[]; merged=4n8v_merged_cavities.pdb
[START] 3H9H
[MAPPED] 3H9H: contacts=12; possible_ligand_chains=1; problematic_mhc_contacts=0; binder_sized_contacts=0; problematic=False; removed_duplicates=[]; merged=3h9h_merged_cavities.pdb
[START] 6AMT
[MAPPED] 6AMT: contacts=7; possible_ligand_chains=1; problematic_mhc_contacts=0; binder_sized_contacts=0; problematic=False; removed_duplicates=[]; merged=6amt_merged_cavities.pdb
[START] 1I7T
[MAPPED] 1I7T: contacts=7; possible_ligand_chains=1; problematic_mhc_contacts=0; binder_sized_contacts=0; problematic=False; removed_duplicates=[]; merged=1i7t_merged_cavities.pdb
[START] 1HHI
[MAPPED] 1HHI: contacts=7; possible_ligand_chains=1; problematic_mhc_contacts=0; binder_sized_contacts=0; problematic=False; removed_duplicates=[]; merged=1hhi_merged_cavities.pdb
[START] 7S8E
[MAPPED] 7S8E: contacts=16; possible_ligand_chains=1; problematic_mhc_contacts=0; binder_sized_contacts=0; problematic=False; removed_duplicates=[]; merged=7s8e_merged_cavities.pdb
[START] 4JFE
[MAPPED] 4JFE: contacts=10; possible_ligand_chains=1; problematic_mhc_contacts=0; binder_sized_contacts=0; problematic=False; removed_duplicates=[]; merged=4jfe_merged_cavities.pdb
[START] 7PB2
[MAPPED] 7PB2: contacts=8; possible_ligand_chains=1; problematic_mhc_contacts=0; binder_sized_contacts=0; problematic=False; removed_duplicates=[]; merged=7pb2_merged_cavities.pdb
[START] 3NFN
[MAPPED] 3NFN: contacts=10; possible_ligand_chains=1; problematic_mhc_contacts=0; binder_sized_contacts=0; problematic=False; removed_duplicates=[]; merged=3nfn_merged_cavities.pdb
[START] 5HGH
[MAPPED] 5HGH: contacts=10; possible_ligand_chains=1; problematic_mhc_contacts=0; binder_sized_contacts=0; problematic=False; removed_duplicates=[]; merged=5hgh_merged_cavities.pdb
[START] 5T6Y
[MAPPED] 5T6Y: contacts=16; possible_ligand_chains=1; problematic_mhc_contacts=0; binder_sized_contacts=0; problematic=False; removed_duplicates=[]; merged=5t6y_merged_cavities.pdb
[START] 5VUE
[MAPPED] 5VUE: contacts=18; possible_ligand_chains=1; problematic_mhc_contacts=0; binder_sized_contacts=0; problematic=False; removed_duplicates=[]; merged=5vue_merged_cavities.pdb
[START] 7MJ7
[MAPPED] 7MJ7: contacts=13; possible_ligand_chains=1; problematic_mhc_contacts=0; binder_sized_contacts=0; problematic=False; removed_duplicates=[]; merged=7mj7_merged_cavities.pdb
[START] 8I5C
[MAPPED] 8I5C: contacts=8; possible_ligand_chains=1; problematic_mhc_contacts=0; binder_sized_contacts=0; problematic=False; removed_duplicates=[]; merged=8i5c_merged_cavities.pdb
[START] 7S7D
[MAPPED] 7S7D: contacts=15; possible_ligand_chains=1; problematic_mhc_contacts=0; binder_sized_contacts=0; problematic=False; removed_duplicates=[]; merged=7s7d_merged_cavities.pdb
[START] 5WKF
[MAPPED] 5WKF: contacts=15; possible_ligand_chains=1; problematic_mhc_contacts=0; binder_sized_contacts=0; problematic=False; removed_duplicates=[]; merged=5wkf_merged_cavities.pdb
[START] 4NQX
[MAPPED] 4NQX: contacts=13; possible_ligand_chains=1; problematic_mhc_contacts=0; binder_sized_contacts=0; problematic=False; removed_duplicates=[]; merged=4nqx_merged_cavities.pdb
[START] 6J29
[MAPPED] 6J29: contacts=10; possible_ligand_chains=1; problematic_mhc_contacts=0; binder_sized_contacts=0; problematic=False; removed_duplicates=[]; merged=6j29_merged_cavities.pdb
[START] 4PRN
[MAPPED] 4PRN: contacts=15; possible_ligand_chains=1; problematic_mhc_contacts=0; binder_sized_contacts=0; problematic=False; removed_duplicates=[]; merged=4prn_merged_cavities.pdb
[START] 5HHM
[MAPPED] 5HHM: contacts=7; possible_ligand_chains=1; problematic_mhc_contacts=0; binder_sized_contacts=0; problematic=False; removed_duplicates=[]; merged=5hhm_merged_cavities.pdb
[START] 3OXR
[MAPPED] 3OXR: contacts=10; possible_ligand_chains=1; problematic_mhc_contacts=0; binder_sized_contacts=0; problematic=False; removed_duplicates=[]; merged=3oxr_merged_cavities.pdb
[START] 7MJ9
[MAPPED] 7MJ9: contacts=14; possible_ligand_chains=1; problematic_mhc_contacts=0; binder_sized_contacts=0; problematic=False; removed_duplicates=[]; merged=7mj9_merged_cavities.pdb
[START] 6JTP
[MAPPED] 6JTP: contacts=17; possible_ligand_chains=1; problematic_mhc_contacts=0; binder_sized_contacts=0; problematic=False; removed_duplicates=[]; merged=6jtp_merged_cavities.pdb
[START] 5VUF
[MAPPED] 5VUF: contacts=18; possible_ligand_chains=1; problematic_mhc_contacts=0; binder_sized_contacts=0; problematic=False; removed_duplicates=[]; merged=5vuf_merged_cavities.pdb
[START] 5T6X
[MAPPED] 5T6X: contacts=17; possible_ligand_chains=1; problematic_mhc_contacts=0; binder_sized_contacts=0; problematic=False; removed_duplicates=[]; merged=5t6x_merged_cavities.pdb
[START] 5C07
[MAPPED] 5C07: contacts=12; possible_ligand_chains=1; problematic_mhc_contacts=0; binder_sized_contacts=0; problematic=False; removed_duplicates=[]; merged=5c07_merged_cavities.pdb
[START] 3GJF
[MAPPED] 3GJF: contacts=14; possible_ligand_chains=1; problematic_mhc_contacts=0; binder_sized_contacts=0; problematic=False; removed_duplicates=[]; merged=3gjf_merged_cavities.pdb
[START] 7LGD
[MAPPED] 7LGD: contacts=10; possible_ligand_chains=1; problematic_mhc_contacts=0; binder_sized_contacts=0; problematic=False; removed_duplicates=[]; merged=7lgd_merged_cavities.pdb
[START] 5BRZ
[MAPPED] 5BRZ: contacts=10; possible_ligand_chains=1; problematic_mhc_contacts=0; binder_sized_contacts=0; problematic=False; removed_duplicates=[]; merged=5brz_merged_cavities.pdb
[START] 5C0C
[MAPPED] 5C0C: contacts=13; possible_ligand_chains=1; problematic_mhc_contacts=0; binder_sized_contacts=0; problematic=False; removed_duplicates=[]; merged=5c0c_merged_cavities.pdb
[START] 8ISN
[MAPPED] 8ISN: contacts=9; possible_ligand_chains=1; problematic_mhc_contacts=0; binder_sized_contacts=0; problematic=False; removed_duplicates=[]; merged=8isn_merged_cavities.pdb
[START] 3VFN
[MAPPED] 3VFN: contacts=19; possible_ligand_chains=1; problematic_mhc_contacts=0; binder_sized_contacts=0; problematic=False; removed_duplicates=[]; merged=3vfn_merged_cavities.pdb
[START] 7KGT
[MAPPED] 7KGT: contacts=12; possible_ligand_chains=1; problematic_mhc_contacts=0; binder_sized_contacts=0; problematic=False; removed_duplicates=[]; merged=7kgt_merged_cavities.pdb
[START] 3O4L
[MAPPED] 3O4L: contacts=10; possible_ligand_chains=1; problematic_mhc_contacts=0; binder_sized_contacts=0; problematic=False; removed_duplicates=[]; merged=3o4l_merged_cavities.pdb
[START] 5W1W
[MAPPED] 5W1W: contacts=10; possible_ligand_chains=1; problematic_mhc_contacts=0; binder_sized_contacts=0; problematic=False; removed_duplicates=[]; merged=5w1w_merged_cavities.pdb
[START] 2X70
[MAPPED] 2X70: contacts=13; possible_ligand_chains=1; problematic_mhc_contacts=0; binder_sized_contacts=0; problematic=False; removed_duplicates=[]; merged=2x70_merged_cavities.pdb
[START] 6Z9X
[MAPPED] 6Z9X: contacts=7; possible_ligand_chains=1; problematic_mhc_contacts=0; binder_sized_contacts=0; problematic=False; removed_duplicates=[]; merged=6z9x_merged_cavities.pdb
[START] 2BVO
[MAPPED] 2BVO: contacts=14; possible_ligand_chains=1; problematic_mhc_contacts=0; binder_sized_contacts=0; problematic=False; removed_duplicates=[]; merged=2bvo_merged_cavities.pdb
[START] 3GSO
[MAPPED] 3GSO: contacts=16; possible_ligand_chains=1; problematic_mhc_contacts=0; binder_sized_contacts=0; problematic=False; removed_duplicates=[]; merged=3gso_merged_cavities.pdb
[START] 6P64
[MAPPED] 6P64: contacts=6; possible_ligand_chains=1; problematic_mhc_contacts=0; binder_sized_contacts=0; problematic=False; removed_duplicates=[]; merged=6p64_merged_cavities.pdb
[START] 6P2C
[MAPPED] 6P2C: contacts=16; possible_ligand_chains=1; problematic_mhc_contacts=0; binder_sized_contacts=0; problematic=False; removed_duplicates=[]; merged=6p2c_merged_cavities.pdb
[START] 4XXC
[MAPPED] 4XXC: contacts=15; possible_ligand_chains=1; problematic_mhc_contacts=0; binder_sized_contacts=0; problematic=False; removed_duplicates=[]; merged=4xxc_merged_cavities.pdb
[START] 7S8A
[MAPPED] 7S8A: contacts=18; possible_ligand_chains=1; problematic_mhc_contacts=0; binder_sized_contacts=0; problematic=False; removed_duplicates=[]; merged=7s8a_merged_cavities.pdb
[START] 9BL6
[MAPPED] 9BL6: contacts=6; possible_ligand_chains=1; problematic_mhc_contacts=0; binder_sized_contacts=0; problematic=False; removed_duplicates=[]; merged=9bl6_merged_cavities.pdb
[START] 6SSA
[MAPPED] 6SSA: contacts=12; possible_ligand_chains=1; problematic_mhc_contacts=0; binder_sized_contacts=0; problematic=False; removed_duplicates=[]; merged=6ssa_merged_cavities.pdb
[START] 8TBW
[MAPPED] 8TBW: contacts=10; possible_ligand_chains=1; problematic_mhc_contacts=0; binder_sized_contacts=0; problematic=False; removed_duplicates=[]; merged=8tbw_merged_cavities.pdb
[START] 3VFP
[MAPPED] 3VFP: contacts=17; possible_ligand_chains=1; problematic_mhc_contacts=0; binder_sized_contacts=0; problematic=False; removed_duplicates=[]; merged=3vfp_merged_cavities.pdb
[START] 7OW5
[MAPPED] 7OW5: contacts=7; possible_ligand_chains=1; problematic_mhc_contacts=0; binder_sized_contacts=0; problematic=False; removed_duplicates=[]; merged=7ow5_merged_cavities.pdb
[START] 2VLL
[MAPPED] 2VLL: contacts=14; possible_ligand_chains=1; problematic_mhc_contacts=0; binder_sized_contacts=0; problematic=False; removed_duplicates=[]; merged=2vll_merged_cavities.pdb
[START] 7JYV
[MAPPED] 7JYV: contacts=15; possible_ligand_chains=1; problematic_mhc_contacts=0; binder_sized_contacts=0; problematic=False; removed_duplicates=[]; merged=7jyv_merged_cavities.pdb
[START] 3MRB
[MAPPED] 3MRB: contacts=17; possible_ligand_chains=1; problematic_mhc_contacts=0; binder_sized_contacts=0; problematic=False; removed_duplicates=[]; merged=3mrb_merged_cavities.pdb
[START] 5SWQ
[MAPPED] 5SWQ: contacts=14; possible_ligand_chains=1; problematic_mhc_contacts=0; binder_sized_contacts=0; problematic=False; removed_duplicates=[]; merged=5swq_merged_cavities.pdb
[START] 8RBU
[MAPPED] 8RBU: contacts=9; possible_ligand_chains=1; problematic_mhc_contacts=0; binder_sized_contacts=0; problematic=False; removed_duplicates=[]; merged=8rbu_merged_cavities.pdb
[START] 3PWL
[MAPPED] 3PWL: contacts=16; possible_ligand_chains=1; problematic_mhc_contacts=0; binder_sized_contacts=0; problematic=False; removed_duplicates=[]; merged=3pwl_merged_cavities.pdb
[START] 3X13
[MAPPED] 3X13: contacts=23; possible_ligand_chains=1; problematic_mhc_contacts=0; binder_sized_contacts=0; problematic=False; removed_duplicates=[]; merged=3x13_merged_cavities.pdb
[START] 2X4S
[MAPPED] 2X4S: contacts=8; possible_ligand_chains=1; problematic_mhc_contacts=0; binder_sized_contacts=0; problematic=False; removed_duplicates=[]; merged=2x4s_merged_cavities.pdb
[START] 4G8G
[MAPPED] 4G8G: contacts=17; possible_ligand_chains=1; problematic_mhc_contacts=0; binder_sized_contacts=0; problematic=False; removed_duplicates=[]; merged=4g8g_merged_cavities.pdb
[START] 3IXA
[MAPPED] 3IXA: contacts=13; possible_ligand_chains=1; problematic_mhc_contacts=0; binder_sized_contacts=0; problematic=False; removed_duplicates=[]; merged=3ixa_merged_cavities.pdb
[START] 7PBC
[MAPPED] 7PBC: contacts=14; possible_ligand_chains=1; problematic_mhc_contacts=0; binder_sized_contacts=0; problematic=False; removed_duplicates=[]; merged=7pbc_merged_cavities.pdb
[START] 6RP9
[MAPPED] 6RP9: contacts=6; possible_ligand_chains=1; problematic_mhc_contacts=0; binder_sized_contacts=0; problematic=False; removed_duplicates=[]; merged=6rp9_merged_cavities.pdb
[START] 7WJ3
[MAPPED] 7WJ3: contacts=10; possible_ligand_chains=1; problematic_mhc_contacts=0; binder_sized_contacts=0; problematic=False; removed_duplicates=[]; merged=7wj3_merged_cavities.pdb
[START] 7T5M
[MAPPED] 7T5M: contacts=17; possible_ligand_chains=1; problematic_mhc_contacts=0; binder_sized_contacts=0; problematic=False; removed_duplicates=[]; merged=7t5m_merged_cavities.pdb
[START] 3VFU
[MAPPED] 3VFU: contacts=20; possible_ligand_chains=1; problematic_mhc_contacts=0; binder_sized_contacts=0; problematic=False; removed_duplicates=[]; merged=3vfu_merged_cavities.pdb
[START] 6Q3S
[MAPPED] 6Q3S: contacts=7; possible_ligand_chains=1; problematic_mhc_contacts=0; binder_sized_contacts=0; problematic=False; removed_duplicates=[]; merged=6q3s_merged_cavities.pdb
[START] 1A1N
[MAPPED] 1A1N: contacts=15; possible_ligand_chains=1; problematic_mhc_contacts=0; binder_sized_contacts=0; problematic=False; removed_duplicates=[]; merged=1a1n_merged_cavities.pdb
[START] 5HHO
[MAPPED] 5HHO: contacts=7; possible_ligand_chains=1; problematic_mhc_contacts=0; binder_sized_contacts=0; problematic=False; removed_duplicates=[]; merged=5hho_merged_cavities.pdb
[START] 4JQV
[MAPPED] 4JQV: contacts=20; possible_ligand_chains=1; problematic_mhc_contacts=0; binder_sized_contacts=0; problematic=False; removed_duplicates=[]; merged=4jqv_merged_cavities.pdb
[START] 6UJ8
[MAPPED] 6UJ8: contacts=13; possible_ligand_chains=1; problematic_mhc_contacts=0; binder_sized_contacts=0; problematic=False; removed_duplicates=[]; merged=6uj8_merged_cavities.pdb
[START] 8F5A
[MAPPED] 8F5A: contacts=17; possible_ligand_chains=1; problematic_mhc_contacts=0; binder_sized_contacts=0; problematic=False; removed_duplicates=[]; merged=8f5a_merged_cavities.pdb
[START] 3LN4
[MAPPED] 3LN4: contacts=20; possible_ligand_chains=1; problematic_mhc_contacts=0; binder_sized_contacts=0; problematic=False; removed_duplicates=[]; merged=3ln4_merged_cavities.pdb
[START] 4MNQ
[MAPPED] 4MNQ: contacts=10; possible_ligand_chains=1; problematic_mhc_contacts=0; binder_sized_contacts=0; problematic=False; removed_duplicates=[]; merged=4mnq_merged_cavities.pdb
[START] 7R7X
[MAPPED] 7R7X: contacts=16; possible_ligand_chains=1; problematic_mhc_contacts=0; binder_sized_contacts=0; problematic=False; removed_duplicates=[]; merged=7r7x_merged_cavities.pdb
[START] 6VB2
[MAPPED] 6VB2: contacts=15; possible_ligand_chains=1; problematic_mhc_contacts=0; binder_sized_contacts=0; problematic=False; removed_duplicates=[]; merged=6vb2_merged_cavities.pdb
[START] 8XG2
[MAPPED] 8XG2: contacts=11; possible_ligand_chains=1; problematic_mhc_contacts=0; binder_sized_contacts=0; problematic=False; removed_duplicates=[]; merged=8xg2_merged_cavities.pdb
[START] 6R2L
[MAPPED] 6R2L: contacts=15; possible_ligand_chains=1; problematic_mhc_contacts=0; binder_sized_contacts=0; problematic=False; removed_duplicates=[]; merged=6r2l_merged_cavities.pdb
[START] 8SBK
[MAPPED] 8SBK: contacts=10; possible_ligand_chains=1; problematic_mhc_contacts=0; binder_sized_contacts=0; problematic=False; removed_duplicates=[]; merged=8sbk_merged_cavities.pdb
[START] 4WUU
[MAPPED] 4WUU: contacts=11; possible_ligand_chains=1; problematic_mhc_contacts=0; binder_sized_contacts=0; problematic=False; removed_duplicates=[]; merged=4wuu_merged_cavities.pdb
[START] 5E00
[MAPPED] 5E00: contacts=14; possible_ligand_chains=1; problematic_mhc_contacts=0; binder_sized_contacts=0; problematic=False; removed_duplicates=[]; merged=5e00_merged_cavities.pdb
[START] 5FA4
[MAPPED] 5FA4: contacts=9; possible_ligand_chains=1; problematic_mhc_contacts=0; binder_sized_contacts=0; problematic=False; removed_duplicates=[]; merged=5fa4_merged_cavities.pdb
[START] 8E8I
[MAPPED] 8E8I: contacts=16; possible_ligand_chains=1; problematic_mhc_contacts=0; binder_sized_contacts=0; problematic=False; removed_duplicates=[]; merged=8e8i_merged_cavities.pdb
[START] 6MT6
[MAPPED] 6MT6: contacts=26; possible_ligand_chains=1; problematic_mhc_contacts=0; binder_sized_contacts=0; problematic=False; removed_duplicates=[]; merged=6mt6_merged_cavities.pdb
[START] 3MRQ
[MAPPED] 3MRQ: contacts=11; possible_ligand_chains=1; problematic_mhc_contacts=0; binder_sized_contacts=0; problematic=False; removed_duplicates=[]; merged=3mrq_merged_cavities.pdb
[START] 8TUH
[MAPPED] 8TUH: contacts=10; possible_ligand_chains=1; problematic_mhc_contacts=0; binder_sized_contacts=0; problematic=False; removed_duplicates=[]; merged=8tuh_merged_cavities.pdb
[START] 1W72
[MAPPED] 1W72: contacts=16; possible_ligand_chains=1; problematic_mhc_contacts=0; binder_sized_contacts=0; problematic=False; removed_duplicates=[]; merged=1w72_merged_cavities.pdb
[START] 6G3J
[MAPPED] 6G3J: contacts=9; possible_ligand_chains=1; problematic_mhc_contacts=0; binder_sized_contacts=0; problematic=False; removed_duplicates=[]; merged=6g3j_merged_cavities.pdb
[START] 8SHI
[MAPPED] 8SHI: contacts=9; possible_ligand_chains=1; problematic_mhc_contacts=0; binder_sized_contacts=0; problematic=False; removed_duplicates=[]; merged=8shi_merged_cavities.pdb
[START] 6O4Z
[MAPPED] 6O4Z: contacts=10; possible_ligand_chains=1; problematic_mhc_contacts=0; binder_sized_contacts=0; problematic=False; removed_duplicates=[]; merged=6o4z_merged_cavities.pdb
[START] 2VLK
[MAPPED] 2VLK: contacts=9; possible_ligand_chains=1; problematic_mhc_contacts=0; binder_sized_contacts=0; problematic=False; removed_duplicates=[]; merged=2vlk_merged_cavities.pdb
[START] 2P5E
[MAPPED] 2P5E: contacts=11; possible_ligand_chains=1; problematic_mhc_contacts=0; binder_sized_contacts=0; problematic=False; removed_duplicates=[]; merged=2p5e_merged_cavities.pdb
[START] 4O2E
[MAPPED] 4O2E: contacts=20; possible_ligand_chains=1; problematic_mhc_contacts=0; binder_sized_contacts=0; problematic=False; removed_duplicates=[]; merged=4o2e_merged_cavities.pdb
[START] 7LGT
[MAPPED] 7LGT: contacts=19; possible_ligand_chains=1; problematic_mhc_contacts=0; binder_sized_contacts=0; problematic=False; removed_duplicates=[]; merged=7lgt_merged_cavities.pdb
[START] 6O4Y
[MAPPED] 6O4Y: contacts=14; possible_ligand_chains=1; problematic_mhc_contacts=0; binder_sized_contacts=0; problematic=False; removed_duplicates=[]; merged=6o4y_merged_cavities.pdb
[START] 3PWN
[MAPPED] 3PWN: contacts=12; possible_ligand_chains=1; problematic_mhc_contacts=0; binder_sized_contacts=0; problematic=False; removed_duplicates=[]; merged=3pwn_merged_cavities.pdb
[START] 4LCY
[MAPPED] 4LCY: contacts=10; possible_ligand_chains=0; problematic_mhc_contacts=0; binder_sized_contacts=0; problematic=False; removed_duplicates=[]; merged=4lcy_merged_cavities.pdb
[START] 6PTE
[MAPPED] 6PTE: contacts=11; possible_ligand_chains=1; problematic_mhc_contacts=0; binder_sized_contacts=0; problematic=False; removed_duplicates=[]; merged=6pte_merged_cavities.pdb
[START] 5C08
[MAPPED] 5C08: contacts=11; possible_ligand_chains=1; problematic_mhc_contacts=0; binder_sized_contacts=0; problematic=False; removed_duplicates=[]; merged=5c08_merged_cavities.pdb
[START] 5E9D
[MAPPED] 5E9D: contacts=9; possible_ligand_chains=1; problematic_mhc_contacts=0; binder_sized_contacts=0; problematic=False; removed_duplicates=[]; merged=5e9d_merged_cavities.pdb
[START] 5HHP
[MAPPED] 5HHP: contacts=9; possible_ligand_chains=1; problematic_mhc_contacts=0; binder_sized_contacts=0; problematic=False; removed_duplicates=[]; merged=5hhp_merged_cavities.pdb
[START] 2GJ6
[MAPPED] 2GJ6: contacts=10; possible_ligand_chains=1; problematic_mhc_contacts=0; binder_sized_contacts=0; problematic=False; removed_duplicates=[]; merged=2gj6_merged_cavities.pdb
[START] 3MRM
[MAPPED] 3MRM: contacts=12; possible_ligand_chains=1; problematic_mhc_contacts=0; binder_sized_contacts=0; problematic=False; removed_duplicates=[]; merged=3mrm_merged_cavities.pdb
[START] 6RSY
[MAPPED] 6RSY: contacts=8; possible_ligand_chains=1; problematic_mhc_contacts=0; binder_sized_contacts=0; problematic=False; removed_duplicates=[]; merged=6rsy_merged_cavities.pdb
[START] 6TRO
[MAPPED] 6TRO: contacts=8; possible_ligand_chains=1; problematic_mhc_contacts=0; binder_sized_contacts=0; problematic=False; removed_duplicates=[]; merged=6tro_merged_cavities.pdb
[START] 8XES
[MAPPED] 8XES: contacts=14; possible_ligand_chains=1; problematic_mhc_contacts=0; binder_sized_contacts=0; problematic=False; removed_duplicates=[]; merged=8xes_merged_cavities.pdb
[START] 4PRA
[MAPPED] 4PRA: contacts=17; possible_ligand_chains=1; problematic_mhc_contacts=0; binder_sized_contacts=0; problematic=False; removed_duplicates=[]; merged=4pra_merged_cavities.pdb
[START] 8FU4
[MAPPED] 8FU4: contacts=16; possible_ligand_chains=1; problematic_mhc_contacts=0; binder_sized_contacts=0; problematic=False; removed_duplicates=[]; merged=8fu4_merged_cavities.pdb
[START] 6BXP
[MAPPED] 6BXP: contacts=17; possible_ligand_chains=1; problematic_mhc_contacts=0; binder_sized_contacts=0; problematic=False; removed_duplicates=[]; merged=6bxp_merged_cavities.pdb
[START] 3HPJ
[MAPPED] 3HPJ: contacts=11; possible_ligand_chains=1; problematic_mhc_contacts=0; binder_sized_contacts=0; problematic=False; removed_duplicates=[]; merged=3hpj_merged_cavities.pdb
[START] 2DYP
[MAPPED] 2DYP: contacts=10; possible_ligand_chains=1; problematic_mhc_contacts=0; binder_sized_contacts=0; problematic=False; removed_duplicates=[]; merged=2dyp_merged_cavities.pdb
[START] 3O3E
[MAPPED] 3O3E: contacts=11; possible_ligand_chains=1; problematic_mhc_contacts=0; binder_sized_contacts=0; problematic=False; removed_duplicates=[]; merged=3o3e_merged_cavities.pdb
[START] 3V5H
[MAPPED] 3V5H: contacts=15; possible_ligand_chains=1; problematic_mhc_contacts=0; binder_sized_contacts=0; problematic=False; removed_duplicates=[]; merged=3v5h_merged_cavities.pdb
[START] 5WKH
[MAPPED] 5WKH: contacts=10; possible_ligand_chains=1; problematic_mhc_contacts=0; binder_sized_contacts=0; problematic=False; removed_duplicates=[]; merged=5wkh_merged_cavities.pdb
[START] 3SJV
[MAPPED] 3SJV: contacts=8; possible_ligand_chains=1; problematic_mhc_contacts=0; binder_sized_contacts=0; problematic=False; removed_duplicates=[]; merged=3sjv_merged_cavities.pdb
[START] 3BXN
[MAPPED] 3BXN: contacts=23; possible_ligand_chains=1; problematic_mhc_contacts=0; binder_sized_contacts=0; problematic=False; removed_duplicates=[]; merged=3bxn_merged_cavities.pdb
[START] 6O9C
[MAPPED] 6O9C: contacts=10; possible_ligand_chains=1; problematic_mhc_contacts=0; binder_sized_contacts=0; problematic=False; removed_duplicates=[]; merged=6o9c_merged_cavities.pdb
[START] 7BH8
[MAPPED] 7BH8: contacts=15; possible_ligand_chains=1; problematic_mhc_contacts=0; binder_sized_contacts=0; problematic=False; removed_duplicates=['C']; merged=7bh8_merged_cavities.pdb
[START] 3BH8
[MAPPED] 3BH8: contacts=13; possible_ligand_chains=1; problematic_mhc_contacts=0; binder_sized_contacts=0; problematic=False; removed_duplicates=[]; merged=3bh8_merged_cavities.pdb
[START] 8I5E
[MAPPED] 8I5E: contacts=12; possible_ligand_chains=1; problematic_mhc_contacts=0; binder_sized_contacts=0; problematic=False; removed_duplicates=[]; merged=8i5e_merged_cavities.pdb
[START] 3VRJ
[MAPPED] 3VRJ: contacts=18; possible_ligand_chains=1; problematic_mhc_contacts=1; binder_sized_contacts=0; problematic=True; removed_duplicates=[]; merged=3vrj_merged_cavities.pdb
[START] 5WMP
[MAPPED] 5WMP: contacts=18; possible_ligand_chains=1; problematic_mhc_contacts=0; binder_sized_contacts=0; problematic=False; removed_duplicates=[]; merged=5wmp_merged_cavities.pdb
[START] 1I1F
[MAPPED] 1I1F: contacts=7; possible_ligand_chains=1; problematic_mhc_contacts=0; binder_sized_contacts=0; problematic=False; removed_duplicates=[]; merged=1i1f_merged_cavities.pdb
[START] 6TRN
[MAPPED] 6TRN: contacts=12; possible_ligand_chains=1; problematic_mhc_contacts=0; binder_sized_contacts=0; problematic=False; removed_duplicates=[]; merged=6trn_merged_cavities.pdb
[START] 3VFV
[MAPPED] 3VFV: contacts=19; possible_ligand_chains=1; problematic_mhc_contacts=0; binder_sized_contacts=0; problematic=False; removed_duplicates=[]; merged=3vfv_merged_cavities.pdb
[START] 8TBV
[MAPPED] 8TBV: contacts=11; possible_ligand_chains=1; problematic_mhc_contacts=0; binder_sized_contacts=0; problematic=False; removed_duplicates=[]; merged=8tbv_merged_cavities.pdb
[START] 6SS9
[MAPPED] 6SS9: contacts=8; possible_ligand_chains=1; problematic_mhc_contacts=0; binder_sized_contacts=0; problematic=False; removed_duplicates=[]; merged=6ss9_merged_cavities.pdb
[START] 8U9G
[MAPPED] 8U9G: contacts=7; possible_ligand_chains=1; problematic_mhc_contacts=0; binder_sized_contacts=0; problematic=False; removed_duplicates=[]; merged=8u9g_merged_cavities.pdb
[START] 5MEN
[MAPPED] 5MEN: contacts=10; possible_ligand_chains=1; problematic_mhc_contacts=0; binder_sized_contacts=0; problematic=False; removed_duplicates=[]; merged=5men_merged_cavities.pdb
[START] 5WMN
[MAPPED] 5WMN: contacts=19; possible_ligand_chains=1; problematic_mhc_contacts=0; binder_sized_contacts=0; problematic=False; removed_duplicates=[]; merged=5wmn_merged_cavities.pdb
[START] 7WT5
[MAPPED] 7WT5: contacts=18; possible_ligand_chains=1; problematic_mhc_contacts=0; binder_sized_contacts=0; problematic=False; removed_duplicates=[]; merged=7wt5_merged_cavities.pdb
[START] 3D39
[MAPPED] 3D39: contacts=7; possible_ligand_chains=1; problematic_mhc_contacts=0; binder_sized_contacts=0; problematic=False; removed_duplicates=[]; merged=3d39_merged_cavities.pdb
[START] 7L1C
[MAPPED] 7L1C: contacts=19; possible_ligand_chains=1; problematic_mhc_contacts=0; binder_sized_contacts=0; problematic=False; removed_duplicates=[]; merged=7l1c_merged_cavities.pdb
[START] 5IRO
[MAPPED] 5IRO: contacts=5; possible_ligand_chains=1; problematic_mhc_contacts=0; binder_sized_contacts=0; problematic=False; removed_duplicates=[]; merged=5iro_merged_cavities.pdb
[START] 6V2P
[MAPPED] 6V2P: contacts=19; possible_ligand_chains=1; problematic_mhc_contacts=0; binder_sized_contacts=0; problematic=False; removed_duplicates=[]; merged=6v2p_merged_cavities.pdb
[START] 1S9W
[MAPPED] 1S9W: contacts=12; possible_ligand_chains=1; problematic_mhc_contacts=0; binder_sized_contacts=0; problematic=False; removed_duplicates=[]; merged=1s9w_merged_cavities.pdb
[START] 5N6B
[MAPPED] 5N6B: contacts=13; possible_ligand_chains=1; problematic_mhc_contacts=0; binder_sized_contacts=0; problematic=False; removed_duplicates=[]; merged=5n6b_merged_cavities.pdb
[START] 6VMA
[MAPPED] 6VMA: contacts=10; possible_ligand_chains=1; problematic_mhc_contacts=0; binder_sized_contacts=0; problematic=False; removed_duplicates=[]; merged=6vma_merged_cavities.pdb
[START] 7WZZ
[MAPPED] 7WZZ: contacts=19; possible_ligand_chains=1; problematic_mhc_contacts=0; binder_sized_contacts=0; problematic=False; removed_duplicates=[]; merged=7wzz_merged_cavities.pdb
[START] 3LN5
[MAPPED] 3LN5: contacts=17; possible_ligand_chains=1; problematic_mhc_contacts=0; binder_sized_contacts=0; problematic=False; removed_duplicates=[]; merged=3ln5_merged_cavities.pdb
[START] 3GSX
[MAPPED] 3GSX: contacts=15; possible_ligand_chains=1; problematic_mhc_contacts=0; binder_sized_contacts=0; problematic=False; removed_duplicates=[]; merged=3gsx_merged_cavities.pdb
[START] 8EO8
[MAPPED] 8EO8: contacts=11; possible_ligand_chains=1; problematic_mhc_contacts=0; binder_sized_contacts=0; problematic=False; removed_duplicates=[]; merged=8eo8_merged_cavities.pdb
[START] 5V5M
[MAPPED] 5V5M: contacts=8; possible_ligand_chains=1; problematic_mhc_contacts=0; binder_sized_contacts=0; problematic=False; removed_duplicates=[]; merged=5v5m_merged_cavities.pdb
[START] 8EMG
[MAPPED] 8EMG: contacts=17; possible_ligand_chains=1; problematic_mhc_contacts=0; binder_sized_contacts=0; problematic=False; removed_duplicates=[]; merged=8emg_merged_cavities.pdb
[START] 7RM4
[MAPPED] 7RM4: contacts=6; possible_ligand_chains=1; problematic_mhc_contacts=0; binder_sized_contacts=0; problematic=False; removed_duplicates=[]; merged=7rm4_merged_cavities.pdb
[START] 7RRG
[MAPPED] 7RRG: contacts=23; possible_ligand_chains=1; problematic_mhc_contacts=0; binder_sized_contacts=0; problematic=False; removed_duplicates=[]; merged=7rrg_merged_cavities.pdb
[START] 2AV1
[MAPPED] 2AV1: contacts=10; possible_ligand_chains=1; problematic_mhc_contacts=0; binder_sized_contacts=0; problematic=False; removed_duplicates=[]; merged=2av1_merged_cavities.pdb
[START] 7DZN
[MAPPED] 7DZN: contacts=10; possible_ligand_chains=1; problematic_mhc_contacts=0; binder_sized_contacts=0; problematic=False; removed_duplicates=[]; merged=7dzn_merged_cavities.pdb
[START] 4U6Y
[MAPPED] 4U6Y: contacts=16; possible_ligand_chains=1; problematic_mhc_contacts=0; binder_sized_contacts=0; problematic=False; removed_duplicates=[]; merged=4u6y_merged_cavities.pdb
[START] 7SRK
[MAPPED] 7SRK: contacts=10; possible_ligand_chains=0; problematic_mhc_contacts=8; binder_sized_contacts=0; problematic=True; removed_duplicates=[]; merged=7srk_merged_cavities.pdb
[START] 5C0B
[MAPPED] 5C0B: contacts=14; possible_ligand_chains=1; problematic_mhc_contacts=0; binder_sized_contacts=0; problematic=False; removed_duplicates=[]; merged=5c0b_merged_cavities.pdb
[START] 8ERX
[MAPPED] 8ERX: contacts=28; possible_ligand_chains=1; problematic_mhc_contacts=0; binder_sized_contacts=0; problematic=False; removed_duplicates=[]; merged=8erx_merged_cavities.pdb
[START] 8ES9
[MAPPED] 8ES9: contacts=7; possible_ligand_chains=1; problematic_mhc_contacts=0; binder_sized_contacts=0; problematic=False; removed_duplicates=[]; merged=8es9_merged_cavities.pdb
[START] 6VB0
[MAPPED] 6VB0: contacts=16; possible_ligand_chains=1; problematic_mhc_contacts=0; binder_sized_contacts=0; problematic=False; removed_duplicates=[]; merged=6vb0_merged_cavities.pdb
[START] 8E2Z
[MAPPED] 8E2Z: contacts=24; possible_ligand_chains=1; problematic_mhc_contacts=0; binder_sized_contacts=0; problematic=False; removed_duplicates=[]; merged=8e2z_merged_cavities.pdb
[START] 4U1I
[MAPPED] 4U1I: contacts=20; possible_ligand_chains=1; problematic_mhc_contacts=0; binder_sized_contacts=0; problematic=False; removed_duplicates=[]; merged=4u1i_merged_cavities.pdb
[START] 2GUO
[MAPPED] 2GUO: contacts=12; possible_ligand_chains=1; problematic_mhc_contacts=0; binder_sized_contacts=0; problematic=False; removed_duplicates=[]; merged=2guo_merged_cavities.pdb
[START] 3L3K
[MAPPED] 3L3K: contacts=13; possible_ligand_chains=1; problematic_mhc_contacts=0; binder_sized_contacts=0; problematic=False; removed_duplicates=[]; merged=3l3k_merged_cavities.pdb
[START] 3UTS
[MAPPED] 3UTS: contacts=7; possible_ligand_chains=1; problematic_mhc_contacts=0; binder_sized_contacts=0; problematic=False; removed_duplicates=[]; merged=3uts_merged_cavities.pdb
[START] 9BL5
[MAPPED] 9BL5: contacts=11; possible_ligand_chains=1; problematic_mhc_contacts=0; binder_sized_contacts=0; problematic=False; removed_duplicates=[]; merged=9bl5_merged_cavities.pdb
[START] 4UQ3
[MAPPED] 4UQ3: contacts=8; possible_ligand_chains=1; problematic_mhc_contacts=0; binder_sized_contacts=0; problematic=False; removed_duplicates=[]; merged=4uq3_merged_cavities.pdb
[START] 5WXC
[MAPPED] 5WXC: contacts=6; possible_ligand_chains=1; problematic_mhc_contacts=0; binder_sized_contacts=0; problematic=False; removed_duplicates=[]; merged=5wxc_merged_cavities.pdb
[START] 5T6W
[MAPPED] 5T6W: contacts=12; possible_ligand_chains=1; problematic_mhc_contacts=0; binder_sized_contacts=0; problematic=False; removed_duplicates=[]; merged=5t6w_merged_cavities.pdb
[START] 6JTN
[MAPPED] 6JTN: contacts=16; possible_ligand_chains=1; problematic_mhc_contacts=0; binder_sized_contacts=0; problematic=False; removed_duplicates=[]; merged=6jtn_merged_cavities.pdb
[START] 1OGA
[MAPPED] 1OGA: contacts=12; possible_ligand_chains=1; problematic_mhc_contacts=0; binder_sized_contacts=0; problematic=False; removed_duplicates=[]; merged=1oga_merged_cavities.pdb
[START] 6D2T
[MAPPED] 6D2T: contacts=19; possible_ligand_chains=1; problematic_mhc_contacts=0; binder_sized_contacts=0; problematic=False; removed_duplicates=[]; merged=6d2t_merged_cavities.pdb
[START] 6PBH
[MAPPED] 6PBH: contacts=11; possible_ligand_chains=1; problematic_mhc_contacts=0; binder_sized_contacts=0; problematic=False; removed_duplicates=[]; merged=6pbh_merged_cavities.pdb
[START] 5IEH
[MAPPED] 5IEH: contacts=17; possible_ligand_chains=1; problematic_mhc_contacts=0; binder_sized_contacts=0; problematic=False; removed_duplicates=[]; merged=5ieh_merged_cavities.pdb
[START] 1B0G
[MAPPED] 1B0G: contacts=8; possible_ligand_chains=1; problematic_mhc_contacts=0; binder_sized_contacts=0; problematic=False; removed_duplicates=[]; merged=1b0g_merged_cavities.pdb
[START] 7RZJ
[MAPPED] 7RZJ: contacts=16; possible_ligand_chains=1; problematic_mhc_contacts=0; binder_sized_contacts=0; problematic=False; removed_duplicates=[]; merged=7rzj_merged_cavities.pdb
[START] 6MTL
[MAPPED] 6MTL: contacts=20; possible_ligand_chains=1; problematic_mhc_contacts=0; binder_sized_contacts=0; problematic=False; removed_duplicates=[]; merged=6mtl_merged_cavities.pdb
[START] 3MR9
[MAPPED] 3MR9: contacts=13; possible_ligand_chains=1; problematic_mhc_contacts=0; binder_sized_contacts=0; problematic=False; removed_duplicates=[]; merged=3mr9_merged_cavities.pdb
[START] 1B0R
[MAPPED] 1B0R: contacts=7; possible_ligand_chains=1; problematic_mhc_contacts=0; binder_sized_contacts=0; problematic=False; removed_duplicates=[]; merged=1b0r_merged_cavities.pdb
[START] 3GSQ
[MAPPED] 3GSQ: contacts=13; possible_ligand_chains=1; problematic_mhc_contacts=0; binder_sized_contacts=0; problematic=False; removed_duplicates=[]; merged=3gsq_merged_cavities.pdb
[START] 2GTW
[MAPPED] 2GTW: contacts=12; possible_ligand_chains=1; problematic_mhc_contacts=0; binder_sized_contacts=0; problematic=False; removed_duplicates=[]; merged=2gtw_merged_cavities.pdb
[START] 3MRC
[MAPPED] 3MRC: contacts=12; possible_ligand_chains=1; problematic_mhc_contacts=0; binder_sized_contacts=0; problematic=False; removed_duplicates=[]; merged=3mrc_merged_cavities.pdb
[START] 3HCV
[MAPPED] 3HCV: contacts=19; possible_ligand_chains=1; problematic_mhc_contacts=0; binder_sized_contacts=0; problematic=False; removed_duplicates=[]; merged=3hcv_merged_cavities.pdb
[START] 6EWC
[MAPPED] 6EWC: contacts=8; possible_ligand_chains=1; problematic_mhc_contacts=0; binder_sized_contacts=0; problematic=False; removed_duplicates=[]; merged=6ewc_merged_cavities.pdb
[START] 1AGF
[MAPPED] 1AGF: contacts=17; possible_ligand_chains=1; problematic_mhc_contacts=0; binder_sized_contacts=0; problematic=False; removed_duplicates=[]; merged=1agf_merged_cavities.pdb
[START] 4JRX
[MAPPED] 4JRX: contacts=10; possible_ligand_chains=1; problematic_mhc_contacts=0; binder_sized_contacts=0; problematic=False; removed_duplicates=[]; merged=4jrx_merged_cavities.pdb
[START] 8ES8
[MAPPED] 8ES8: contacts=8; possible_ligand_chains=1; problematic_mhc_contacts=0; binder_sized_contacts=0; problematic=False; removed_duplicates=[]; merged=8es8_merged_cavities.pdb
[START] 1MHE
[MAPPED] 1MHE: contacts=10; possible_ligand_chains=1; problematic_mhc_contacts=0; binder_sized_contacts=0; problematic=False; removed_duplicates=['C']; merged=1mhe_merged_cavities.pdb
[START] 3I6G
[MAPPED] 3I6G: contacts=11; possible_ligand_chains=1; problematic_mhc_contacts=0; binder_sized_contacts=0; problematic=False; removed_duplicates=[]; merged=3i6g_merged_cavities.pdb
[START] 4L29
[MAPPED] 4L29: contacts=8; possible_ligand_chains=1; problematic_mhc_contacts=0; binder_sized_contacts=0; problematic=False; removed_duplicates=[]; merged=4l29_merged_cavities.pdb
[START] 6BJ2
[MAPPED] 6BJ2: contacts=8; possible_ligand_chains=1; problematic_mhc_contacts=0; binder_sized_contacts=0; problematic=False; removed_duplicates=[]; merged=6bj2_merged_cavities.pdb
[START] 7WT3
[MAPPED] 7WT3: contacts=13; possible_ligand_chains=1; problematic_mhc_contacts=0; binder_sized_contacts=0; problematic=False; removed_duplicates=[]; merged=7wt3_merged_cavities.pdb
[START] 4I4W
[MAPPED] 4I4W: contacts=13; possible_ligand_chains=1; problematic_mhc_contacts=0; binder_sized_contacts=0; problematic=False; removed_duplicates=[]; merged=4i4w_merged_cavities.pdb
[START] 7NDU
[MAPPED] 7NDU: contacts=10; possible_ligand_chains=1; problematic_mhc_contacts=0; binder_sized_contacts=0; problematic=False; removed_duplicates=[]; merged=7ndu_merged_cavities.pdb
[START] 5EU4
[MAPPED] 5EU4: contacts=10; possible_ligand_chains=1; problematic_mhc_contacts=0; binder_sized_contacts=0; problematic=False; removed_duplicates=[]; merged=5eu4_merged_cavities.pdb
[START] 6VB7
[MAPPED] 6VB7: contacts=20; possible_ligand_chains=1; problematic_mhc_contacts=0; binder_sized_contacts=0; problematic=False; removed_duplicates=[]; merged=6vb7_merged_cavities.pdb
[START] 3KPO
[MAPPED] 3KPO: contacts=11; possible_ligand_chains=1; problematic_mhc_contacts=0; binder_sized_contacts=0; problematic=False; removed_duplicates=[]; merged=3kpo_merged_cavities.pdb
[START] 3PWJ
[MAPPED] 3PWJ: contacts=12; possible_ligand_chains=1; problematic_mhc_contacts=0; binder_sized_contacts=0; problematic=False; removed_duplicates=[]; merged=3pwj_merged_cavities.pdb
[START] 7N6D
[MAPPED] 7N6D: contacts=7; possible_ligand_chains=1; problematic_mhc_contacts=0; binder_sized_contacts=0; problematic=False; removed_duplicates=[]; merged=7n6d_merged_cavities.pdb
[START] 4E5X
[MAPPED] 4E5X: contacts=9; possible_ligand_chains=1; problematic_mhc_contacts=0; binder_sized_contacts=0; problematic=False; removed_duplicates=[]; merged=4e5x_merged_cavities.pdb
[START] 5C09
[MAPPED] 5C09: contacts=8; possible_ligand_chains=1; problematic_mhc_contacts=0; binder_sized_contacts=0; problematic=False; removed_duplicates=[]; merged=5c09_merged_cavities.pdb
[START] 1AGD
[MAPPED] 1AGD: contacts=18; possible_ligand_chains=1; problematic_mhc_contacts=0; binder_sized_contacts=0; problematic=False; removed_duplicates=[]; merged=1agd_merged_cavities.pdb
[START] 7KGR
[MAPPED] 7KGR: contacts=14; possible_ligand_chains=1; problematic_mhc_contacts=0; binder_sized_contacts=0; problematic=False; removed_duplicates=[]; merged=7kgr_merged_cavities.pdb
[START] 1AO7
[MAPPED] 1AO7: contacts=8; possible_ligand_chains=1; problematic_mhc_contacts=0; binder_sized_contacts=0; problematic=False; removed_duplicates=[]; merged=1ao7_merged_cavities.pdb
[START] 7SIH
[MAPPED] 7SIH: contacts=13; possible_ligand_chains=1; problematic_mhc_contacts=0; binder_sized_contacts=0; problematic=False; removed_duplicates=[]; merged=7sih_merged_cavities.pdb
[START] 3GSR
[MAPPED] 3GSR: contacts=16; possible_ligand_chains=1; problematic_mhc_contacts=0; binder_sized_contacts=0; problematic=False; removed_duplicates=[]; merged=3gsr_merged_cavities.pdb
[START] 3H7B
[MAPPED] 3H7B: contacts=12; possible_ligand_chains=1; problematic_mhc_contacts=0; binder_sized_contacts=0; problematic=False; removed_duplicates=[]; merged=3h7b_merged_cavities.pdb
[START] 7Q98
[MAPPED] 7Q98: contacts=9; possible_ligand_chains=1; problematic_mhc_contacts=0; binder_sized_contacts=0; problematic=False; removed_duplicates=[]; merged=7q98_merged_cavities.pdb
[START] 1TVH
[MAPPED] 1TVH: contacts=14; possible_ligand_chains=1; problematic_mhc_contacts=0; binder_sized_contacts=0; problematic=False; removed_duplicates=[]; merged=1tvh_merged_cavities.pdb
[START] 3GSU
[MAPPED] 3GSU: contacts=14; possible_ligand_chains=1; problematic_mhc_contacts=0; binder_sized_contacts=0; problematic=False; removed_duplicates=[]; merged=3gsu_merged_cavities.pdb
[START] 3BZE
[MAPPED] 3BZE: contacts=12; possible_ligand_chains=1; problematic_mhc_contacts=0; binder_sized_contacts=0; problematic=False; removed_duplicates=[]; merged=3bze_merged_cavities.pdb
[START] 7EJN
[MAPPED] 7EJN: contacts=9; possible_ligand_chains=1; problematic_mhc_contacts=0; binder_sized_contacts=0; problematic=False; removed_duplicates=[]; merged=7ejn_merged_cavities.pdb
[START] 8RJI
[MAPPED] 8RJI: contacts=9; possible_ligand_chains=1; problematic_mhc_contacts=0; binder_sized_contacts=0; problematic=False; removed_duplicates=[]; merged=8rji_merged_cavities.pdb
[START] 3MRJ
[MAPPED] 3MRJ: contacts=13; possible_ligand_chains=1; problematic_mhc_contacts=0; binder_sized_contacts=0; problematic=False; removed_duplicates=[]; merged=3mrj_merged_cavities.pdb
[START] 2J8U
[MAPPED] 2J8U: contacts=6; possible_ligand_chains=1; problematic_mhc_contacts=0; binder_sized_contacts=0; problematic=False; removed_duplicates=[]; merged=2j8u_merged_cavities.pdb
[START] 4FTV
[MAPPED] 4FTV: contacts=10; possible_ligand_chains=1; problematic_mhc_contacts=0; binder_sized_contacts=0; problematic=False; removed_duplicates=[]; merged=4ftv_merged_cavities.pdb
[START] 3HAE
[MAPPED] 3HAE: contacts=6; possible_ligand_chains=1; problematic_mhc_contacts=0; binder_sized_contacts=0; problematic=False; removed_duplicates=[]; merged=3hae_merged_cavities.pdb
[START] 6UZN
[MAPPED] 6UZN: contacts=18; possible_ligand_chains=1; problematic_mhc_contacts=0; binder_sized_contacts=0; problematic=False; removed_duplicates=[]; merged=6uzn_merged_cavities.pdb
[START] 1QR1
[MAPPED] 1QR1: contacts=9; possible_ligand_chains=1; problematic_mhc_contacts=0; binder_sized_contacts=0; problematic=False; removed_duplicates=[]; merged=1qr1_merged_cavities.pdb
[START] 6V3J
[MAPPED] 6V3J: contacts=16; possible_ligand_chains=1; problematic_mhc_contacts=0; binder_sized_contacts=0; problematic=False; removed_duplicates=[]; merged=6v3j_merged_cavities.pdb
[START] 5NMF
[MAPPED] 5NMF: contacts=8; possible_ligand_chains=1; problematic_mhc_contacts=0; binder_sized_contacts=0; problematic=False; removed_duplicates=[]; merged=5nmf_merged_cavities.pdb
[START] 7Q9A
[MAPPED] 7Q9A: contacts=11; possible_ligand_chains=1; problematic_mhc_contacts=0; binder_sized_contacts=0; problematic=False; removed_duplicates=[]; merged=7q9a_merged_cavities.pdb
[START] 7JYW
[MAPPED] 7JYW: contacts=8; possible_ligand_chains=1; problematic_mhc_contacts=0; binder_sized_contacts=0; problematic=False; removed_duplicates=[]; merged=7jyw_merged_cavities.pdb
[START] 2AV7
[MAPPED] 2AV7: contacts=8; possible_ligand_chains=1; problematic_mhc_contacts=0; binder_sized_contacts=0; problematic=False; removed_duplicates=[]; merged=2av7_merged_cavities.pdb
[START] 6PYV
[MAPPED] 6PYV: contacts=24; possible_ligand_chains=1; problematic_mhc_contacts=0; binder_sized_contacts=0; problematic=False; removed_duplicates=[]; merged=6pyv_merged_cavities.pdb
[START] 7N1F
[MAPPED] 7N1F: contacts=11; possible_ligand_chains=1; problematic_mhc_contacts=0; binder_sized_contacts=0; problematic=False; removed_duplicates=[]; merged=7n1f_merged_cavities.pdb
[START] 6VM7
[MAPPED] 6VM7: contacts=14; possible_ligand_chains=1; problematic_mhc_contacts=0; binder_sized_contacts=0; problematic=False; removed_duplicates=[]; merged=6vm7_merged_cavities.pdb
[START] 8EMK
[MAPPED] 8EMK: contacts=18; possible_ligand_chains=1; problematic_mhc_contacts=0; binder_sized_contacts=0; problematic=False; removed_duplicates=[]; merged=8emk_merged_cavities.pdb
[START] 6D2R
[MAPPED] 6D2R: contacts=18; possible_ligand_chains=1; problematic_mhc_contacts=0; binder_sized_contacts=0; problematic=False; removed_duplicates=[]; merged=6d2r_merged_cavities.pdb
[START] 7U21
[MAPPED] 7U21: contacts=13; possible_ligand_chains=1; problematic_mhc_contacts=0; binder_sized_contacts=0; problematic=False; removed_duplicates=[]; merged=7u21_merged_cavities.pdb
[START] 6TDP
[MAPPED] 6TDP: contacts=12; possible_ligand_chains=0; problematic_mhc_contacts=2; binder_sized_contacts=0; problematic=True; removed_duplicates=[]; merged=6tdp_merged_cavities.pdb
[START] 5DDH
[MAPPED] 5DDH: contacts=17; possible_ligand_chains=1; problematic_mhc_contacts=0; binder_sized_contacts=0; problematic=False; removed_duplicates=[]; merged=5ddh_merged_cavities.pdb
[START] 7M8T
[MAPPED] 7M8T: contacts=25; possible_ligand_chains=1; problematic_mhc_contacts=0; binder_sized_contacts=0; problematic=False; removed_duplicates=[]; merged=7m8t_merged_cavities.pdb
[START] 3VFS
[MAPPED] 3VFS: contacts=17; possible_ligand_chains=1; problematic_mhc_contacts=0; binder_sized_contacts=0; problematic=False; removed_duplicates=[]; merged=3vfs_merged_cavities.pdb
[START] 3VRI
[MAPPED] 3VRI: contacts=15; possible_ligand_chains=1; problematic_mhc_contacts=1; binder_sized_contacts=0; problematic=True; removed_duplicates=[]; merged=3vri_merged_cavities.pdb
[START] 6Z9V
[MAPPED] 6Z9V: contacts=12; possible_ligand_chains=1; problematic_mhc_contacts=0; binder_sized_contacts=0; problematic=False; removed_duplicates=[]; merged=6z9v_merged_cavities.pdb
[START] 4U1L
[MAPPED] 4U1L: contacts=17; possible_ligand_chains=1; problematic_mhc_contacts=0; binder_sized_contacts=0; problematic=False; removed_duplicates=[]; merged=4u1l_merged_cavities.pdb
[START] 7NMG
[MAPPED] 7NMG: contacts=7; possible_ligand_chains=1; problematic_mhc_contacts=0; binder_sized_contacts=0; problematic=False; removed_duplicates=[]; merged=7nmg_merged_cavities.pdb
[START] 2BCK
[MAPPED] 2BCK: contacts=10; possible_ligand_chains=1; problematic_mhc_contacts=0; binder_sized_contacts=0; problematic=False; removed_duplicates=[]; merged=2bck_merged_cavities.pdb
[START] 2RFX
[MAPPED] 2RFX: contacts=12; possible_ligand_chains=1; problematic_mhc_contacts=0; binder_sized_contacts=0; problematic=False; removed_duplicates=[]; merged=2rfx_merged_cavities.pdb
[START] 6UJ9
[MAPPED] 6UJ9: contacts=6; possible_ligand_chains=1; problematic_mhc_contacts=0; binder_sized_contacts=0; problematic=False; removed_duplicates=[]; merged=6uj9_merged_cavities.pdb
[START] 8EK5
[MAPPED] 8EK5: contacts=8; possible_ligand_chains=1; problematic_mhc_contacts=0; binder_sized_contacts=0; problematic=False; removed_duplicates=[]; merged=8ek5_merged_cavities.pdb
[START] 2BNR
[MAPPED] 2BNR: contacts=12; possible_ligand_chains=1; problematic_mhc_contacts=0; binder_sized_contacts=0; problematic=False; removed_duplicates=[]; merged=2bnr_merged_cavities.pdb
[START] 1AGE
[MAPPED] 1AGE: contacts=17; possible_ligand_chains=1; problematic_mhc_contacts=0; binder_sized_contacts=0; problematic=False; removed_duplicates=[]; merged=1age_merged_cavities.pdb
[START] 7QPJ
[MAPPED] 7QPJ: contacts=15; possible_ligand_chains=1; problematic_mhc_contacts=0; binder_sized_contacts=0; problematic=False; removed_duplicates=[]; merged=7qpj_merged_cavities.pdb
[START] 5EUO
[MAPPED] 5EUO: contacts=13; possible_ligand_chains=1; problematic_mhc_contacts=0; binder_sized_contacts=0; problematic=False; removed_duplicates=[]; merged=5euo_merged_cavities.pdb
[START] 3FT3
[MAPPED] 3FT3: contacts=11; possible_ligand_chains=1; problematic_mhc_contacts=0; binder_sized_contacts=0; problematic=False; removed_duplicates=[]; merged=3ft3_merged_cavities.pdb
[START] 3MRH
[MAPPED] 3MRH: contacts=8; possible_ligand_chains=1; problematic_mhc_contacts=0; binder_sized_contacts=0; problematic=False; removed_duplicates=[]; merged=3mrh_merged_cavities.pdb
[START] 7Q9B
[MAPPED] 7Q9B: contacts=10; possible_ligand_chains=1; problematic_mhc_contacts=0; binder_sized_contacts=0; problematic=False; removed_duplicates=[]; merged=7q9b_merged_cavities.pdb
[START] 5N1Y
[MAPPED] 5N1Y: contacts=13; possible_ligand_chains=1; problematic_mhc_contacts=0; binder_sized_contacts=0; problematic=False; removed_duplicates=[]; merged=5n1y_merged_cavities.pdb
[START] 6UJO
[MAPPED] 6UJO: contacts=10; possible_ligand_chains=1; problematic_mhc_contacts=0; binder_sized_contacts=0; problematic=False; removed_duplicates=[]; merged=6ujo_merged_cavities.pdb
[START] 4GKS
[MAPPED] 4GKS: contacts=9; possible_ligand_chains=1; problematic_mhc_contacts=0; binder_sized_contacts=0; problematic=False; removed_duplicates=[]; merged=4gks_merged_cavities.pdb
[START] 6VB6
[MAPPED] 6VB6: contacts=18; possible_ligand_chains=1; problematic_mhc_contacts=0; binder_sized_contacts=0; problematic=False; removed_duplicates=[]; merged=6vb6_merged_cavities.pdb
[START] 3L3J
[MAPPED] 3L3J: contacts=11; possible_ligand_chains=1; problematic_mhc_contacts=0; binder_sized_contacts=0; problematic=False; removed_duplicates=[]; merged=3l3j_merged_cavities.pdb
[START] 7SR5
[MAPPED] 7SR5: contacts=8; possible_ligand_chains=0; problematic_mhc_contacts=7; binder_sized_contacts=0; problematic=True; removed_duplicates=[]; merged=7sr5_merged_cavities.pdb
[START] 5EOT
[MAPPED] 5EOT: contacts=11; possible_ligand_chains=1; problematic_mhc_contacts=0; binder_sized_contacts=0; problematic=False; removed_duplicates=[]; merged=5eot_merged_cavities.pdb
[START] 7SIF
[MAPPED] 7SIF: contacts=14; possible_ligand_chains=1; problematic_mhc_contacts=0; binder_sized_contacts=0; problematic=False; removed_duplicates=[]; merged=7sif_merged_cavities.pdb
[START] 5MEP
[MAPPED] 5MEP: contacts=10; possible_ligand_chains=1; problematic_mhc_contacts=0; binder_sized_contacts=0; problematic=False; removed_duplicates=[]; merged=5mep_merged_cavities.pdb
[START] 4QRS
[MAPPED] 4QRS: contacts=20; possible_ligand_chains=1; problematic_mhc_contacts=0; binder_sized_contacts=0; problematic=False; removed_duplicates=[]; merged=4qrs_merged_cavities.pdb
[START] 6IEX
[MAPPED] 6IEX: contacts=13; possible_ligand_chains=1; problematic_mhc_contacts=0; binder_sized_contacts=0; problematic=False; removed_duplicates=[]; merged=6iex_merged_cavities.pdb
[START] 3KYN
[MAPPED] 3KYN: contacts=16; possible_ligand_chains=1; problematic_mhc_contacts=0; binder_sized_contacts=0; problematic=False; removed_duplicates=[]; merged=3kyn_merged_cavities.pdb
[START] 4HWZ
[MAPPED] 4HWZ: contacts=22; possible_ligand_chains=1; problematic_mhc_contacts=0; binder_sized_contacts=0; problematic=False; removed_duplicates=[]; merged=4hwz_merged_cavities.pdb
[START] 7MJ8
[MAPPED] 7MJ8: contacts=12; possible_ligand_chains=1; problematic_mhc_contacts=0; binder_sized_contacts=0; problematic=False; removed_duplicates=[]; merged=7mj8_merged_cavities.pdb
[START] 3BHB
[MAPPED] 3BHB: contacts=9; possible_ligand_chains=1; problematic_mhc_contacts=0; binder_sized_contacts=0; problematic=False; removed_duplicates=[]; merged=3bhb_merged_cavities.pdb
[START] 8RNH
[MAPPED] 8RNH: contacts=14; possible_ligand_chains=1; problematic_mhc_contacts=0; binder_sized_contacts=0; problematic=False; removed_duplicates=[]; merged=8rnh_merged_cavities.pdb
[START] 6SS7
[MAPPED] 6SS7: contacts=8; possible_ligand_chains=1; problematic_mhc_contacts=0; binder_sized_contacts=0; problematic=False; removed_duplicates=[]; merged=6ss7_merged_cavities.pdb
[START] 6P2F
[MAPPED] 6P2F: contacts=17; possible_ligand_chains=1; problematic_mhc_contacts=0; binder_sized_contacts=0; problematic=False; removed_duplicates=[]; merged=6p2f_merged_cavities.pdb
[START] 5FA3
[MAPPED] 5FA3: contacts=8; possible_ligand_chains=1; problematic_mhc_contacts=0; binder_sized_contacts=0; problematic=False; removed_duplicates=[]; merged=5fa3_merged_cavities.pdb
[START] 3KPP
[MAPPED] 3KPP: contacts=17; possible_ligand_chains=1; problematic_mhc_contacts=0; binder_sized_contacts=0; problematic=False; removed_duplicates=[]; merged=3kpp_merged_cavities.pdb
[START] 8UDR
[MAPPED] 8UDR: contacts=7; possible_ligand_chains=1; problematic_mhc_contacts=0; binder_sized_contacts=0; problematic=False; removed_duplicates=[]; merged=8udr_merged_cavities.pdb
[START] 4MJI
[MAPPED] 4MJI: contacts=8; possible_ligand_chains=1; problematic_mhc_contacts=0; binder_sized_contacts=0; problematic=False; removed_duplicates=[]; merged=4mji_merged_cavities.pdb
[START] 7N2O
[MAPPED] 7N2O: contacts=9; possible_ligand_chains=1; problematic_mhc_contacts=0; binder_sized_contacts=0; problematic=False; removed_duplicates=[]; merged=7n2o_merged_cavities.pdb
[START] 1I7U
[MAPPED] 1I7U: contacts=11; possible_ligand_chains=1; problematic_mhc_contacts=0; binder_sized_contacts=0; problematic=False; removed_duplicates=[]; merged=1i7u_merged_cavities.pdb
[START] 8SBL
[MAPPED] 8SBL: contacts=7; possible_ligand_chains=1; problematic_mhc_contacts=0; binder_sized_contacts=0; problematic=False; removed_duplicates=[]; merged=8sbl_merged_cavities.pdb
[START] 3LKO
[MAPPED] 3LKO: contacts=17; possible_ligand_chains=1; problematic_mhc_contacts=0; binder_sized_contacts=0; problematic=False; removed_duplicates=[]; merged=3lko_merged_cavities.pdb
[START] 3RL1
[MAPPED] 3RL1: contacts=17; possible_ligand_chains=1; problematic_mhc_contacts=0; binder_sized_contacts=0; problematic=False; removed_duplicates=[]; merged=3rl1_merged_cavities.pdb
[START] 3HG1
[MAPPED] 3HG1: contacts=9; possible_ligand_chains=1; problematic_mhc_contacts=0; binder_sized_contacts=0; problematic=False; removed_duplicates=[]; merged=3hg1_merged_cavities.pdb
[START] 4NNY
[MAPPED] 4NNY: contacts=16; possible_ligand_chains=1; problematic_mhc_contacts=0; binder_sized_contacts=0; problematic=False; removed_duplicates=[]; merged=4nny_merged_cavities.pdb
[START] 3VXM
[MAPPED] 3VXM: contacts=11; possible_ligand_chains=1; problematic_mhc_contacts=0; binder_sized_contacts=0; problematic=False; removed_duplicates=[]; merged=3vxm_merged_cavities.pdb
[START] 1I7R
[MAPPED] 1I7R: contacts=8; possible_ligand_chains=1; problematic_mhc_contacts=0; binder_sized_contacts=0; problematic=False; removed_duplicates=[]; merged=1i7r_merged_cavities.pdb
[START] 5C0E
[MAPPED] 5C0E: contacts=15; possible_ligand_chains=1; problematic_mhc_contacts=0; binder_sized_contacts=0; problematic=False; removed_duplicates=[]; merged=5c0e_merged_cavities.pdb
[START] 6UZP
[MAPPED] 6UZP: contacts=20; possible_ligand_chains=1; problematic_mhc_contacts=0; binder_sized_contacts=0; problematic=False; removed_duplicates=[]; merged=6uzp_merged_cavities.pdb
[START] 5W67
[MAPPED] 5W67: contacts=13; possible_ligand_chains=1; problematic_mhc_contacts=0; binder_sized_contacts=0; problematic=False; removed_duplicates=[]; merged=5w67_merged_cavities.pdb
[START] 7SU9
[MAPPED] 7SU9: contacts=16; possible_ligand_chains=1; problematic_mhc_contacts=0; binder_sized_contacts=0; problematic=False; removed_duplicates=[]; merged=7su9_merged_cavities.pdb
[START] 6VB5
[MAPPED] 6VB5: contacts=17; possible_ligand_chains=1; problematic_mhc_contacts=0; binder_sized_contacts=0; problematic=False; removed_duplicates=[]; merged=6vb5_merged_cavities.pdb
[START] 4JRY
[MAPPED] 4JRY: contacts=8; possible_ligand_chains=1; problematic_mhc_contacts=0; binder_sized_contacts=0; problematic=False; removed_duplicates=[]; merged=4jry_merged_cavities.pdb
[START] 2HJL
[MAPPED] 2HJL: contacts=17; possible_ligand_chains=1; problematic_mhc_contacts=0; binder_sized_contacts=0; problematic=False; removed_duplicates=[]; merged=2hjl_merged_cavities.pdb
[START] 3LKN
[MAPPED] 3LKN: contacts=15; possible_ligand_chains=1; problematic_mhc_contacts=0; binder_sized_contacts=0; problematic=False; removed_duplicates=[]; merged=3lkn_merged_cavities.pdb
[START] 2JCC
[MAPPED] 2JCC: contacts=6; possible_ligand_chains=1; problematic_mhc_contacts=0; binder_sized_contacts=0; problematic=False; removed_duplicates=[]; merged=2jcc_merged_cavities.pdb
[START] 6ULK
[MAPPED] 6ULK: contacts=10; possible_ligand_chains=1; problematic_mhc_contacts=0; binder_sized_contacts=0; problematic=False; removed_duplicates=[]; merged=6ulk_merged_cavities.pdb
[START] 3MRG
[MAPPED] 3MRG: contacts=14; possible_ligand_chains=1; problematic_mhc_contacts=0; binder_sized_contacts=0; problematic=False; removed_duplicates=[]; merged=3mrg_merged_cavities.pdb
[START] 7MJ6
[MAPPED] 7MJ6: contacts=14; possible_ligand_chains=1; problematic_mhc_contacts=0; binder_sized_contacts=0; problematic=False; removed_duplicates=[]; merged=7mj6_merged_cavities.pdb
[START] 3MV9
[MAPPED] 3MV9: contacts=9; possible_ligand_chains=1; problematic_mhc_contacts=0; binder_sized_contacts=0; problematic=False; removed_duplicates=[]; merged=3mv9_merged_cavities.pdb
[START] 6XQA
[MAPPED] 6XQA: contacts=13; possible_ligand_chains=1; problematic_mhc_contacts=0; binder_sized_contacts=0; problematic=False; removed_duplicates=[]; merged=6xqa_merged_cavities.pdb
[START] 8TUB
[MAPPED] 8TUB: contacts=14; possible_ligand_chains=1; problematic_mhc_contacts=0; binder_sized_contacts=0; problematic=False; removed_duplicates=[]; merged=8tub_merged_cavities.pdb
[START] 5C0F
[MAPPED] 5C0F: contacts=15; possible_ligand_chains=1; problematic_mhc_contacts=0; binder_sized_contacts=0; problematic=False; removed_duplicates=[]; merged=5c0f_merged_cavities.pdb
[START] 3MRP
[MAPPED] 3MRP: contacts=13; possible_ligand_chains=1; problematic_mhc_contacts=0; binder_sized_contacts=0; problematic=False; removed_duplicates=[]; merged=3mrp_merged_cavities.pdb
[START] 4U6X
[MAPPED] 4U6X: contacts=11; possible_ligand_chains=1; problematic_mhc_contacts=0; binder_sized_contacts=0; problematic=False; removed_duplicates=[]; merged=4u6x_merged_cavities.pdb
[START] 3MRO
[MAPPED] 3MRO: contacts=12; possible_ligand_chains=1; problematic_mhc_contacts=0; binder_sized_contacts=0; problematic=False; removed_duplicates=[]; merged=3mro_merged_cavities.pdb
[START] 5WMO
[MAPPED] 5WMO: contacts=21; possible_ligand_chains=1; problematic_mhc_contacts=0; binder_sized_contacts=0; problematic=False; removed_duplicates=[]; merged=5wmo_merged_cavities.pdb
[START] 5C0D
[MAPPED] 5C0D: contacts=15; possible_ligand_chains=1; problematic_mhc_contacts=0; binder_sized_contacts=0; problematic=False; removed_duplicates=[]; merged=5c0d_merged_cavities.pdb
[START] 3GSV
[MAPPED] 3GSV: contacts=12; possible_ligand_chains=1; problematic_mhc_contacts=0; binder_sized_contacts=0; problematic=False; removed_duplicates=[]; merged=3gsv_merged_cavities.pdb
[START] 3UTQ
[MAPPED] 3UTQ: contacts=13; possible_ligand_chains=1; problematic_mhc_contacts=0; binder_sized_contacts=0; problematic=False; removed_duplicates=[]; merged=3utq_merged_cavities.pdb
[START] 1JF1
[MAPPED] 1JF1: contacts=14; possible_ligand_chains=1; problematic_mhc_contacts=0; binder_sized_contacts=0; problematic=False; removed_duplicates=[]; merged=1jf1_merged_cavities.pdb
[START] 2BNQ
[MAPPED] 2BNQ: contacts=10; possible_ligand_chains=1; problematic_mhc_contacts=0; binder_sized_contacts=0; problematic=False; removed_duplicates=[]; merged=2bnq_merged_cavities.pdb
[START] 3QFD
[MAPPED] 3QFD: contacts=16; possible_ligand_chains=1; problematic_mhc_contacts=0; binder_sized_contacts=0; problematic=False; removed_duplicates=[]; merged=3qfd_merged_cavities.pdb
[START] 3BH9
[MAPPED] 3BH9: contacts=11; possible_ligand_chains=1; problematic_mhc_contacts=0; binder_sized_contacts=0; problematic=False; removed_duplicates=[]; merged=3bh9_merged_cavities.pdb
[START] 6VMX
[MAPPED] 6VMX: contacts=9; possible_ligand_chains=1; problematic_mhc_contacts=0; binder_sized_contacts=0; problematic=False; removed_duplicates=[]; merged=6vmx_merged_cavities.pdb
[START] 4MJ6
[MAPPED] 4MJ6: contacts=11; possible_ligand_chains=1; problematic_mhc_contacts=0; binder_sized_contacts=0; problematic=False; removed_duplicates=[]; merged=4mj6_merged_cavities.pdb
[START] 6UZO
[MAPPED] 6UZO: contacts=22; possible_ligand_chains=1; problematic_mhc_contacts=0; binder_sized_contacts=0; problematic=False; removed_duplicates=[]; merged=6uzo_merged_cavities.pdb
[START] 1N2R
[MAPPED] 1N2R: contacts=18; possible_ligand_chains=1; problematic_mhc_contacts=0; binder_sized_contacts=0; problematic=False; removed_duplicates=[]; merged=1n2r_merged_cavities.pdb
[START] 7Q99
[MAPPED] 7Q99: contacts=8; possible_ligand_chains=1; problematic_mhc_contacts=0; binder_sized_contacts=0; problematic=False; removed_duplicates=[]; merged=7q99_merged_cavities.pdb
[START] 8EMJ
[MAPPED] 8EMJ: contacts=18; possible_ligand_chains=1; problematic_mhc_contacts=0; binder_sized_contacts=0; problematic=False; removed_duplicates=[]; merged=8emj_merged_cavities.pdb
[START] 5TEZ
[MAPPED] 5TEZ: contacts=12; possible_ligand_chains=1; problematic_mhc_contacts=0; binder_sized_contacts=0; problematic=False; removed_duplicates=[]; merged=5tez_merged_cavities.pdb
[START] 3FQN
[MAPPED] 3FQN: contacts=17; possible_ligand_chains=1; problematic_mhc_contacts=0; binder_sized_contacts=0; problematic=False; removed_duplicates=[]; merged=3fqn_merged_cavities.pdb
[START] 7SR0
[MAPPED] 7SR0: contacts=11; possible_ligand_chains=0; problematic_mhc_contacts=7; binder_sized_contacts=0; problematic=True; removed_duplicates=[]; merged=7sr0_merged_cavities.pdb
[START] 3VFR
[MAPPED] 3VFR: contacts=14; possible_ligand_chains=1; problematic_mhc_contacts=0; binder_sized_contacts=0; problematic=False; removed_duplicates=[]; merged=3vfr_merged_cavities.pdb
[START] 7N2S
[MAPPED] 7N2S: contacts=7; possible_ligand_chains=1; problematic_mhc_contacts=0; binder_sized_contacts=0; problematic=False; removed_duplicates=[]; merged=7n2s_merged_cavities.pdb
[START] 2HN7
[MAPPED] 2HN7: contacts=20; possible_ligand_chains=1; problematic_mhc_contacts=0; binder_sized_contacts=0; problematic=False; removed_duplicates=[]; merged=2hn7_merged_cavities.pdb
[START] 3OXS
[MAPPED] 3OXS: contacts=12; possible_ligand_chains=1; problematic_mhc_contacts=0; binder_sized_contacts=0; problematic=False; removed_duplicates=[]; merged=3oxs_merged_cavities.pdb
[START] 3O3A
[MAPPED] 3O3A: contacts=11; possible_ligand_chains=1; problematic_mhc_contacts=0; binder_sized_contacts=0; problematic=False; removed_duplicates=[]; merged=3o3a_merged_cavities.pdb
[START] 6OPD
[MAPPED] 6OPD: contacts=13; possible_ligand_chains=1; problematic_mhc_contacts=0; binder_sized_contacts=0; problematic=False; removed_duplicates=[]; merged=6opd_merged_cavities.pdb
[START] 6AMU
[MAPPED] 6AMU: contacts=11; possible_ligand_chains=1; problematic_mhc_contacts=0; binder_sized_contacts=0; problematic=False; removed_duplicates=[]; merged=6amu_merged_cavities.pdb
[START] 6EWO
[MAPPED] 6EWO: contacts=5; possible_ligand_chains=1; problematic_mhc_contacts=0; binder_sized_contacts=0; problematic=False; removed_duplicates=[]; merged=6ewo_merged_cavities.pdb
[START] 4I48
[MAPPED] 4I48: contacts=8; possible_ligand_chains=1; problematic_mhc_contacts=0; binder_sized_contacts=0; problematic=False; removed_duplicates=[]; merged=4i48_merged_cavities.pdb
[START] 5IND
[MAPPED] 5IND: contacts=18; possible_ligand_chains=1; problematic_mhc_contacts=0; binder_sized_contacts=0; problematic=False; removed_duplicates=[]; merged=5ind_merged_cavities.pdb
[START] 3KLA
[MAPPED] 3KLA: contacts=15; possible_ligand_chains=1; problematic_mhc_contacts=0; binder_sized_contacts=0; problematic=False; removed_duplicates=[]; merged=3kla_merged_cavities.pdb
[START] 3BWA
[MAPPED] 3BWA: contacts=17; possible_ligand_chains=1; problematic_mhc_contacts=0; binder_sized_contacts=0; problematic=False; removed_duplicates=[]; merged=3bwa_merged_cavities.pdb
[START] 6BXQ
[MAPPED] 6BXQ: contacts=16; possible_ligand_chains=1; problematic_mhc_contacts=0; binder_sized_contacts=0; problematic=False; removed_duplicates=[]; merged=6bxq_merged_cavities.pdb
[START] 6O9B
[MAPPED] 6O9B: contacts=16; possible_ligand_chains=1; problematic_mhc_contacts=0; binder_sized_contacts=0; problematic=False; removed_duplicates=[]; merged=6o9b_merged_cavities.pdb
[START] 4WJ5
[MAPPED] 4WJ5: contacts=14; possible_ligand_chains=1; problematic_mhc_contacts=0; binder_sized_contacts=0; problematic=False; removed_duplicates=[]; merged=4wj5_merged_cavities.pdb
[START] 7SR3
[MAPPED] 7SR3: contacts=8; possible_ligand_chains=0; problematic_mhc_contacts=3; binder_sized_contacts=0; problematic=True; removed_duplicates=[]; merged=7sr3_merged_cavities.pdb
[START] 4QRP
[MAPPED] 4QRP: contacts=9; possible_ligand_chains=1; problematic_mhc_contacts=0; binder_sized_contacts=0; problematic=False; removed_duplicates=[]; merged=4qrp_merged_cavities.pdb
[START] 5EU6
[MAPPED] 5EU6: contacts=14; possible_ligand_chains=1; problematic_mhc_contacts=0; binder_sized_contacts=0; problematic=False; removed_duplicates=[]; merged=5eu6_merged_cavities.pdb
[START] 5INC
[MAPPED] 5INC: contacts=9; possible_ligand_chains=1; problematic_mhc_contacts=0; binder_sized_contacts=0; problematic=False; removed_duplicates=[]; merged=5inc_merged_cavities.pdb
[START] 9BL2
[MAPPED] 9BL2: contacts=15; possible_ligand_chains=1; problematic_mhc_contacts=0; binder_sized_contacts=0; problematic=False; removed_duplicates=[]; merged=9bl2_merged_cavities.pdb
[START] 7X1C
[MAPPED] 7X1C: contacts=17; possible_ligand_chains=1; problematic_mhc_contacts=0; binder_sized_contacts=0; problematic=False; removed_duplicates=[]; merged=7x1c_merged_cavities.pdb
[START] 3MRK
[MAPPED] 3MRK: contacts=13; possible_ligand_chains=1; problematic_mhc_contacts=0; binder_sized_contacts=0; problematic=False; removed_duplicates=[]; merged=3mrk_merged_cavities.pdb
[START] 8ESH
[MAPPED] 8ESH: contacts=12; possible_ligand_chains=1; problematic_mhc_contacts=0; binder_sized_contacts=0; problematic=False; removed_duplicates=[]; merged=8esh_merged_cavities.pdb
[START] 5VWJ
[MAPPED] 5VWJ: contacts=16; possible_ligand_chains=1; problematic_mhc_contacts=0; binder_sized_contacts=0; problematic=False; removed_duplicates=[]; merged=5vwj_merged_cavities.pdb
[START] 4PR5
[MAPPED] 4PR5: contacts=14; possible_ligand_chains=1; problematic_mhc_contacts=0; binder_sized_contacts=0; problematic=False; removed_duplicates=[]; merged=4pr5_merged_cavities.pdb
[START] 1X7Q
[MAPPED] 1X7Q: contacts=21; possible_ligand_chains=1; problematic_mhc_contacts=0; binder_sized_contacts=0; problematic=False; removed_duplicates=[]; merged=1x7q_merged_cavities.pdb
[START] 3LKP
[MAPPED] 3LKP: contacts=16; possible_ligand_chains=1; problematic_mhc_contacts=0; binder_sized_contacts=0; problematic=False; removed_duplicates=[]; merged=3lkp_merged_cavities.pdb
[START] 6SS8
[MAPPED] 6SS8: contacts=9; possible_ligand_chains=1; problematic_mhc_contacts=0; binder_sized_contacts=0; problematic=False; removed_duplicates=[]; merged=6ss8_merged_cavities.pdb
[START] 3VXO
[MAPPED] 3VXO: contacts=11; possible_ligand_chains=1; problematic_mhc_contacts=0; binder_sized_contacts=0; problematic=False; removed_duplicates=[]; merged=3vxo_merged_cavities.pdb
[START] 8RNE
[MAPPED] 8RNE: contacts=13; possible_ligand_chains=1; problematic_mhc_contacts=0; binder_sized_contacts=0; problematic=False; removed_duplicates=[]; merged=8rne_merged_cavities.pdb
[START] 6VB4
[MAPPED] 6VB4: contacts=19; possible_ligand_chains=1; problematic_mhc_contacts=0; binder_sized_contacts=0; problematic=False; removed_duplicates=[]; merged=6vb4_merged_cavities.pdb
[START] 6VIU
[MAPPED] 6VIU: contacts=19; possible_ligand_chains=1; problematic_mhc_contacts=0; binder_sized_contacts=0; problematic=False; removed_duplicates=[]; merged=6viu_merged_cavities.pdb
[START] 3MRE
[MAPPED] 3MRE: contacts=14; possible_ligand_chains=1; problematic_mhc_contacts=0; binder_sized_contacts=0; problematic=False; removed_duplicates=[]; merged=3mre_merged_cavities.pdb
[START] 9DL1
[MAPPED] 9DL1: contacts=12; possible_ligand_chains=1; problematic_mhc_contacts=0; binder_sized_contacts=0; problematic=False; removed_duplicates=['C']; merged=9dl1_merged_cavities.pdb
[START] 2AXG
[MAPPED] 2AXG: contacts=18; possible_ligand_chains=1; problematic_mhc_contacts=0; binder_sized_contacts=0; problematic=False; removed_duplicates=[]; merged=2axg_merged_cavities.pdb
[START] 3QZW
[MAPPED] 3QZW: contacts=7; possible_ligand_chains=1; problematic_mhc_contacts=0; binder_sized_contacts=0; problematic=False; removed_duplicates=[]; merged=3qzw_merged_cavities.pdb
[START] 6AT5
[MAPPED] 6AT5: contacts=22; possible_ligand_chains=1; problematic_mhc_contacts=0; binder_sized_contacts=0; problematic=False; removed_duplicates=[]; merged=6at5_merged_cavities.pdb
[START] 3TO2
[MAPPED] 3TO2: contacts=9; possible_ligand_chains=1; problematic_mhc_contacts=0; binder_sized_contacts=0; problematic=False; removed_duplicates=[]; merged=3to2_merged_cavities.pdb
[START] 1MI5
[MAPPED] 1MI5: contacts=11; possible_ligand_chains=1; problematic_mhc_contacts=0; binder_sized_contacts=0; problematic=False; removed_duplicates=[]; merged=1mi5_merged_cavities.pdb
[START] 3FQR
[MAPPED] 3FQR: contacts=18; possible_ligand_chains=1; problematic_mhc_contacts=0; binder_sized_contacts=0; problematic=False; removed_duplicates=[]; merged=3fqr_merged_cavities.pdb
[START] 7YG3
[MAPPED] 7YG3: contacts=17; possible_ligand_chains=1; problematic_mhc_contacts=0; binder_sized_contacts=0; problematic=False; removed_duplicates=[]; merged=7yg3_merged_cavities.pdb
[START] 8XKE
[MAPPED] 8XKE: contacts=19; possible_ligand_chains=1; problematic_mhc_contacts=0; binder_sized_contacts=0; problematic=False; removed_duplicates=[]; merged=8xke_merged_cavities.pdb
[START] 3KPQ
[MAPPED] 3KPQ: contacts=17; possible_ligand_chains=1; problematic_mhc_contacts=0; binder_sized_contacts=0; problematic=False; removed_duplicates=[]; merged=3kpq_merged_cavities.pdb
[START] 6VQZ
[MAPPED] 6VQZ: contacts=11; possible_ligand_chains=1; problematic_mhc_contacts=1; binder_sized_contacts=0; problematic=True; removed_duplicates=[]; merged=6vqz_merged_cavities.pdb
[START] 7SR4
[MAPPED] 7SR4: contacts=8; possible_ligand_chains=0; problematic_mhc_contacts=5; binder_sized_contacts=0; problematic=True; removed_duplicates=[]; merged=7sr4_merged_cavities.pdb
[START] 6MT5
[MAPPED] 6MT5: contacts=29; possible_ligand_chains=1; problematic_mhc_contacts=0; binder_sized_contacts=0; problematic=False; removed_duplicates=[]; merged=6mt5_merged_cavities.pdb
[START] 3KYO
[MAPPED] 3KYO: contacts=16; possible_ligand_chains=1; problematic_mhc_contacts=0; binder_sized_contacts=0; problematic=False; removed_duplicates=[]; merged=3kyo_merged_cavities.pdb
[START] 1K5N
[MAPPED] 1K5N: contacts=23; possible_ligand_chains=1; problematic_mhc_contacts=0; binder_sized_contacts=0; problematic=False; removed_duplicates=[]; merged=1k5n_merged_cavities.pdb
[START] 4JFD
[MAPPED] 4JFD: contacts=12; possible_ligand_chains=1; problematic_mhc_contacts=0; binder_sized_contacts=0; problematic=False; removed_duplicates=[]; merged=4jfd_merged_cavities.pdb
[START] 7MLE
[MAPPED] 7MLE: contacts=17; possible_ligand_chains=1; problematic_mhc_contacts=0; binder_sized_contacts=0; problematic=False; removed_duplicates=[]; merged=7mle_merged_cavities.pdb
[START] 7N2P
[MAPPED] 7N2P: contacts=12; possible_ligand_chains=1; problematic_mhc_contacts=0; binder_sized_contacts=0; problematic=False; removed_duplicates=[]; merged=7n2p_merged_cavities.pdb
[START] 6EQA
[MAPPED] 6EQA: contacts=7; possible_ligand_chains=1; problematic_mhc_contacts=0; binder_sized_contacts=0; problematic=False; removed_duplicates=[]; merged=6eqa_merged_cavities.pdb
[START] 3MRF
[MAPPED] 3MRF: contacts=10; possible_ligand_chains=1; problematic_mhc_contacts=0; binder_sized_contacts=0; problematic=False; removed_duplicates=[]; merged=3mrf_merged_cavities.pdb
[START] 8EMF
[MAPPED] 8EMF: contacts=18; possible_ligand_chains=1; problematic_mhc_contacts=0; binder_sized_contacts=0; problematic=False; removed_duplicates=[]; merged=8emf_merged_cavities.pdb
[START] 3DX6
[MAPPED] 3DX6: contacts=16; possible_ligand_chains=1; problematic_mhc_contacts=0; binder_sized_contacts=0; problematic=False; removed_duplicates=[]; merged=3dx6_merged_cavities.pdb
[START] 3MRR
[MAPPED] 3MRR: contacts=15; possible_ligand_chains=1; problematic_mhc_contacts=0; binder_sized_contacts=0; problematic=False; removed_duplicates=[]; merged=3mrr_merged_cavities.pdb
[START] 3VXR
[MAPPED] 3VXR: contacts=11; possible_ligand_chains=1; problematic_mhc_contacts=0; binder_sized_contacts=0; problematic=False; removed_duplicates=[]; merged=3vxr_merged_cavities.pdb
[START] 8RH6
[MAPPED] 8RH6: contacts=8; possible_ligand_chains=1; problematic_mhc_contacts=0; binder_sized_contacts=0; problematic=False; removed_duplicates=['C', 'D']; merged=8rh6_merged_cavities.pdb
[START] 3MYJ
[MAPPED] 3MYJ: contacts=12; possible_ligand_chains=1; problematic_mhc_contacts=0; binder_sized_contacts=0; problematic=False; removed_duplicates=[]; merged=3myj_merged_cavities.pdb
[START] 3MRD
[MAPPED] 3MRD: contacts=13; possible_ligand_chains=1; problematic_mhc_contacts=0; binder_sized_contacts=0; problematic=False; removed_duplicates=[]; merged=3mrd_merged_cavities.pdb
[START] 5MEO
[MAPPED] 5MEO: contacts=13; possible_ligand_chains=1; problematic_mhc_contacts=0; binder_sized_contacts=0; problematic=False; removed_duplicates=[]; merged=5meo_merged_cavities.pdb
[START] 7XF3
[MAPPED] 7XF3: contacts=20; possible_ligand_chains=1; problematic_mhc_contacts=0; binder_sized_contacts=0; problematic=False; removed_duplicates=[]; merged=7xf3_merged_cavities.pdb
[START] 5VUD
[MAPPED] 5VUD: contacts=16; possible_ligand_chains=1; problematic_mhc_contacts=0; binder_sized_contacts=0; problematic=False; removed_duplicates=[]; merged=5vud_merged_cavities.pdb
[START] 5T6Z
[MAPPED] 5T6Z: contacts=16; possible_ligand_chains=1; problematic_mhc_contacts=0; binder_sized_contacts=0; problematic=False; removed_duplicates=[]; merged=5t6z_merged_cavities.pdb
[START] 1AGB
[MAPPED] 1AGB: contacts=16; possible_ligand_chains=1; problematic_mhc_contacts=0; binder_sized_contacts=0; problematic=False; removed_duplicates=[]; merged=1agb_merged_cavities.pdb
[START] 7N1A
[MAPPED] 7N1A: contacts=11; possible_ligand_chains=1; problematic_mhc_contacts=0; binder_sized_contacts=0; problematic=False; removed_duplicates=[]; merged=7n1a_merged_cavities.pdb
[START] 6O51
[MAPPED] 6O51: contacts=14; possible_ligand_chains=1; problematic_mhc_contacts=0; binder_sized_contacts=0; problematic=False; removed_duplicates=[]; merged=6o51_merged_cavities.pdb
[START] 3AM8
[MAPPED] 3AM8: contacts=11; possible_ligand_chains=1; problematic_mhc_contacts=0; binder_sized_contacts=0; problematic=False; removed_duplicates=[]; merged=3am8_merged_cavities.pdb
[START] 5EU5
[MAPPED] 5EU5: contacts=11; possible_ligand_chains=1; problematic_mhc_contacts=0; binder_sized_contacts=0; problematic=False; removed_duplicates=[]; merged=5eu5_merged_cavities.pdb
[START] 6BJ3
[MAPPED] 6BJ3: contacts=17; possible_ligand_chains=1; problematic_mhc_contacts=0; binder_sized_contacts=0; problematic=False; removed_duplicates=[]; merged=6bj3_merged_cavities.pdb
[START] 5NMH
[MAPPED] 5NMH: contacts=15; possible_ligand_chains=1; problematic_mhc_contacts=0; binder_sized_contacts=0; problematic=False; removed_duplicates=[]; merged=5nmh_merged_cavities.pdb
[START] 2FZ3
[MAPPED] 2FZ3: contacts=14; possible_ligand_chains=1; problematic_mhc_contacts=0; binder_sized_contacts=0; problematic=False; removed_duplicates=[]; merged=2fz3_merged_cavities.pdb
[START] 6VQY
[MAPPED] 6VQY: contacts=12; possible_ligand_chains=1; problematic_mhc_contacts=1; binder_sized_contacts=0; problematic=True; removed_duplicates=[]; merged=6vqy_merged_cavities.pdb
[START] 6TDO
[MAPPED] 6TDO: contacts=15; possible_ligand_chains=0; problematic_mhc_contacts=2; binder_sized_contacts=0; problematic=True; removed_duplicates=[]; merged=6tdo_merged_cavities.pdb
[START] 2V2X
[MAPPED] 2V2X: contacts=14; possible_ligand_chains=1; problematic_mhc_contacts=0; binder_sized_contacts=0; problematic=False; removed_duplicates=[]; merged=2v2x_merged_cavities.pdb
[START] 6RPB
[MAPPED] 6RPB: contacts=11; possible_ligand_chains=1; problematic_mhc_contacts=0; binder_sized_contacts=0; problematic=False; removed_duplicates=[]; merged=6rpb_merged_cavities.pdb
[START] 5EO0
[MAPPED] 5EO0: contacts=19; possible_ligand_chains=1; problematic_mhc_contacts=0; binder_sized_contacts=0; problematic=False; removed_duplicates=[]; merged=5eo0_merged_cavities.pdb
[START] 3QDM
[MAPPED] 3QDM: contacts=9; possible_ligand_chains=1; problematic_mhc_contacts=0; binder_sized_contacts=0; problematic=False; removed_duplicates=[]; merged=3qdm_merged_cavities.pdb
[START] 8RNF
[MAPPED] 8RNF: contacts=11; possible_ligand_chains=1; problematic_mhc_contacts=0; binder_sized_contacts=0; problematic=False; removed_duplicates=[]; merged=8rnf_merged_cavities.pdb
[START] 4L3E
[MAPPED] 4L3E: contacts=9; possible_ligand_chains=1; problematic_mhc_contacts=0; binder_sized_contacts=0; problematic=False; removed_duplicates=[]; merged=4l3e_merged_cavities.pdb
[START] 3MRN
[MAPPED] 3MRN: contacts=8; possible_ligand_chains=1; problematic_mhc_contacts=0; binder_sized_contacts=0; problematic=False; removed_duplicates=[]; merged=3mrn_merged_cavities.pdb
[START] 4HX1
[MAPPED] 4HX1: contacts=16; possible_ligand_chains=1; problematic_mhc_contacts=0; binder_sized_contacts=0; problematic=False; removed_duplicates=[]; merged=4hx1_merged_cavities.pdb
[START] 6JTO
[MAPPED] 6JTO: contacts=20; possible_ligand_chains=1; problematic_mhc_contacts=0; binder_sized_contacts=0; problematic=False; removed_duplicates=[]; merged=6jto_merged_cavities.pdb
[START] 4NT6
[MAPPED] 4NT6: contacts=16; possible_ligand_chains=1; problematic_mhc_contacts=0; binder_sized_contacts=0; problematic=False; removed_duplicates=[]; merged=4nt6_merged_cavities.pdb
[START] 3GIV
[MAPPED] 3GIV: contacts=13; possible_ligand_chains=1; problematic_mhc_contacts=0; binder_sized_contacts=0; problematic=False; removed_duplicates=[]; merged=3giv_merged_cavities.pdb
[START] 4WU7
[MAPPED] 4WU7: contacts=13; possible_ligand_chains=1; problematic_mhc_contacts=0; binder_sized_contacts=0; problematic=False; removed_duplicates=[]; merged=4wu7_merged_cavities.pdb
[START] 6VMC
[MAPPED] 6VMC: contacts=10; possible_ligand_chains=1; problematic_mhc_contacts=0; binder_sized_contacts=0; problematic=False; removed_duplicates=[]; merged=6vmc_merged_cavities.pdb
[START] 8ELH
[MAPPED] 8ELH: contacts=9; possible_ligand_chains=1; problematic_mhc_contacts=0; binder_sized_contacts=0; problematic=False; removed_duplicates=[]; merged=8elh_merged_cavities.pdb
[START] 1AGC
[MAPPED] 1AGC: contacts=16; possible_ligand_chains=1; problematic_mhc_contacts=0; binder_sized_contacts=0; problematic=False; removed_duplicates=[]; merged=1agc_merged_cavities.pdb
[START] 6AVG
[MAPPED] 6AVG: contacts=15; possible_ligand_chains=1; problematic_mhc_contacts=0; binder_sized_contacts=0; problematic=False; removed_duplicates=[]; merged=6avg_merged_cavities.pdb
[START] 3D25
[MAPPED] 3D25: contacts=10; possible_ligand_chains=1; problematic_mhc_contacts=0; binder_sized_contacts=0; problematic=False; removed_duplicates=[]; merged=3d25_merged_cavities.pdb
[START] 3SPV
[MAPPED] 3SPV: contacts=16; possible_ligand_chains=1; problematic_mhc_contacts=0; binder_sized_contacts=0; problematic=False; removed_duplicates=[]; merged=3spv_merged_cavities.pdb
[START] 4U1M
[MAPPED] 4U1M: contacts=19; possible_ligand_chains=1; problematic_mhc_contacts=0; binder_sized_contacts=0; problematic=False; removed_duplicates=[]; merged=4u1m_merged_cavities.pdb
[START] 4PRI
[MAPPED] 4PRI: contacts=10; possible_ligand_chains=1; problematic_mhc_contacts=0; binder_sized_contacts=0; problematic=False; removed_duplicates=[]; merged=4pri_merged_cavities.pdb
[START] 5C0J
[MAPPED] 5C0J: contacts=12; possible_ligand_chains=1; problematic_mhc_contacts=0; binder_sized_contacts=0; problematic=False; removed_duplicates=[]; merged=5c0j_merged_cavities.pdb
[START] 1DUZ
[MAPPED] 1DUZ: contacts=13; possible_ligand_chains=1; problematic_mhc_contacts=0; binder_sized_contacts=0; problematic=False; removed_duplicates=[]; merged=1duz_merged_cavities.pdb
[START] 1A1O
[MAPPED] 1A1O: contacts=17; possible_ligand_chains=1; problematic_mhc_contacts=0; binder_sized_contacts=0; problematic=False; removed_duplicates=[]; merged=1a1o_merged_cavities.pdb
[START] 6V2Q
[MAPPED] 6V2Q: contacts=19; possible_ligand_chains=1; problematic_mhc_contacts=0; binder_sized_contacts=0; problematic=False; removed_duplicates=[]; merged=6v2q_merged_cavities.pdb
[START] 7OW3
[MAPPED] 7OW3: contacts=10; possible_ligand_chains=1; problematic_mhc_contacts=0; binder_sized_contacts=0; problematic=False; removed_duplicates=[]; merged=7ow3_merged_cavities.pdb
[START] 7TUC
[MAPPED] 7TUC: contacts=18; possible_ligand_chains=1; problematic_mhc_contacts=0; binder_sized_contacts=0; problematic=False; removed_duplicates=[]; merged=7tuc_merged_cavities.pdb
[START] 5C0A
[MAPPED] 5C0A: contacts=10; possible_ligand_chains=1; problematic_mhc_contacts=0; binder_sized_contacts=0; problematic=False; removed_duplicates=[]; merged=5c0a_merged_cavities.pdb
[START] 8V51
[MAPPED] 8V51: contacts=18; possible_ligand_chains=1; problematic_mhc_contacts=0; binder_sized_contacts=0; problematic=False; removed_duplicates=[]; merged=8v51_merged_cavities.pdb
[START] 8RJH
[MAPPED] 8RJH: contacts=9; possible_ligand_chains=1; problematic_mhc_contacts=0; binder_sized_contacts=0; problematic=False; removed_duplicates=[]; merged=8rjh_merged_cavities.pdb
[START] 1TVB
[MAPPED] 1TVB: contacts=15; possible_ligand_chains=1; problematic_mhc_contacts=0; binder_sized_contacts=0; problematic=False; removed_duplicates=[]; merged=1tvb_merged_cavities.pdb
[START] 2GIT
[MAPPED] 2GIT: contacts=12; possible_ligand_chains=1; problematic_mhc_contacts=0; binder_sized_contacts=0; problematic=False; removed_duplicates=[]; merged=2git_merged_cavities.pdb
[START] 5F7D
[MAPPED] 5F7D: contacts=8; possible_ligand_chains=1; problematic_mhc_contacts=0; binder_sized_contacts=0; problematic=False; removed_duplicates=[]; merged=5f7d_merged_cavities.pdb
[START] 5YXN
[MAPPED] 5YXN: contacts=12; possible_ligand_chains=1; problematic_mhc_contacts=0; binder_sized_contacts=0; problematic=False; removed_duplicates=[]; merged=5yxn_merged_cavities.pdb
[START] 7TLT
[MAPPED] 7TLT: contacts=10; possible_ligand_chains=1; problematic_mhc_contacts=0; binder_sized_contacts=0; problematic=False; removed_duplicates=[]; merged=7tlt_merged_cavities.pdb
[START] 3VFW
[MAPPED] 3VFW: contacts=13; possible_ligand_chains=1; problematic_mhc_contacts=0; binder_sized_contacts=0; problematic=False; removed_duplicates=[]; merged=3vfw_merged_cavities.pdb
[START] 6D7G
[MAPPED] 6D7G: contacts=9; possible_ligand_chains=0; problematic_mhc_contacts=9; binder_sized_contacts=0; problematic=True; removed_duplicates=[]; merged=6d7g_merged_cavities.pdb
[START] 8FRT
[MAPPED] 8FRT: contacts=14; possible_ligand_chains=0; problematic_mhc_contacts=8; binder_sized_contacts=0; problematic=True; removed_duplicates=[]; merged=8frt_merged_cavities.pdb
[START] 3MRI
[MAPPED] 3MRI: contacts=9; possible_ligand_chains=1; problematic_mhc_contacts=0; binder_sized_contacts=0; problematic=False; removed_duplicates=[]; merged=3mri_merged_cavities.pdb
[START] 2GT9
[MAPPED] 2GT9: contacts=10; possible_ligand_chains=1; problematic_mhc_contacts=0; binder_sized_contacts=0; problematic=False; removed_duplicates=[]; merged=2gt9_merged_cavities.pdb
[START] 6ULN
[MAPPED] 6ULN: contacts=20; possible_ligand_chains=1; problematic_mhc_contacts=0; binder_sized_contacts=0; problematic=False; removed_duplicates=[]; merged=6uln_merged_cavities.pdb
[START] 5BS0
[MAPPED] 5BS0: contacts=6; possible_ligand_chains=1; problematic_mhc_contacts=0; binder_sized_contacts=0; problematic=False; removed_duplicates=[]; merged=5bs0_merged_cavities.pdb
[START] 6PYJ
[MAPPED] 6PYJ: contacts=23; possible_ligand_chains=1; problematic_mhc_contacts=0; binder_sized_contacts=0; problematic=False; removed_duplicates=[]; merged=6pyj_merged_cavities.pdb
[START] 1IM3
[MAPPED] 1IM3: contacts=13; possible_ligand_chains=1; problematic_mhc_contacts=0; binder_sized_contacts=0; problematic=False; removed_duplicates=[]; merged=1im3_merged_cavities.pdb
[START] 3I6K
[MAPPED] 3I6K: contacts=9; possible_ligand_chains=1; problematic_mhc_contacts=0; binder_sized_contacts=0; problematic=False; removed_duplicates=[]; merged=3i6k_merged_cavities.pdb
[START] 2H6P
[MAPPED] 2H6P: contacts=18; possible_ligand_chains=1; problematic_mhc_contacts=0; binder_sized_contacts=0; problematic=False; removed_duplicates=[]; merged=2h6p_merged_cavities.pdb
[START] 3VFT
[MAPPED] 3VFT: contacts=16; possible_ligand_chains=1; problematic_mhc_contacts=0; binder_sized_contacts=0; problematic=False; removed_duplicates=[]; merged=3vft_merged_cavities.pdb
[START] 7R7V
[MAPPED] 7R7V: contacts=16; possible_ligand_chains=1; problematic_mhc_contacts=0; binder_sized_contacts=0; problematic=False; removed_duplicates=[]; merged=7r7v_merged_cavities.pdb
[START] 8FJA
[MAPPED] 8FJA: contacts=7; possible_ligand_chains=1; problematic_mhc_contacts=0; binder_sized_contacts=0; problematic=False; removed_duplicates=[]; merged=8fja_merged_cavities.pdb
[START] 7M8U
[MAPPED] 7M8U: contacts=19; possible_ligand_chains=1; problematic_mhc_contacts=0; binder_sized_contacts=0; problematic=False; removed_duplicates=[]; merged=7m8u_merged_cavities.pdb
[START] 4PRP
[MAPPED] 4PRP: contacts=11; possible_ligand_chains=1; problematic_mhc_contacts=0; binder_sized_contacts=0; problematic=False; removed_duplicates=[]; merged=4prp_merged_cavities.pdb
[START] 7M8S
[MAPPED] 7M8S: contacts=12; possible_ligand_chains=1; problematic_mhc_contacts=0; binder_sized_contacts=0; problematic=False; removed_duplicates=[]; merged=7m8s_merged_cavities.pdb
[START] 3SKO
[MAPPED] 3SKO: contacts=19; possible_ligand_chains=1; problematic_mhc_contacts=0; binder_sized_contacts=0; problematic=False; removed_duplicates=[]; merged=3sko_merged_cavities.pdb
[START] 3DX7
[MAPPED] 3DX7: contacts=16; possible_ligand_chains=1; problematic_mhc_contacts=0; binder_sized_contacts=0; problematic=False; removed_duplicates=[]; merged=3dx7_merged_cavities.pdb
[START] 1XH3
[MAPPED] 1XH3: contacts=20; possible_ligand_chains=1; problematic_mhc_contacts=0; binder_sized_contacts=0; problematic=False; removed_duplicates=[]; merged=1xh3_merged_cavities.pdb
[START] 3X14
[MAPPED] 3X14: contacts=21; possible_ligand_chains=1; problematic_mhc_contacts=0; binder_sized_contacts=0; problematic=False; removed_duplicates=[]; merged=3x14_merged_cavities.pdb
[START] 3BW9
[MAPPED] 3BW9: contacts=19; possible_ligand_chains=1; problematic_mhc_contacts=0; binder_sized_contacts=0; problematic=False; removed_duplicates=[]; merged=3bw9_merged_cavities.pdb
[START] 5KNM
[MAPPED] 5KNM: contacts=4; possible_ligand_chains=1; problematic_mhc_contacts=0; binder_sized_contacts=0; problematic=False; removed_duplicates=[]; merged=5knm_merged_cavities.pdb
[START] 7SIG
[MAPPED] 7SIG: contacts=18; possible_ligand_chains=1; problematic_mhc_contacts=0; binder_sized_contacts=0; problematic=False; removed_duplicates=[]; merged=7sig_merged_cavities.pdb
[START] 5C0G
[MAPPED] 5C0G: contacts=10; possible_ligand_chains=1; problematic_mhc_contacts=0; binder_sized_contacts=0; problematic=False; removed_duplicates=[]; merged=5c0g_merged_cavities.pdb
[START] 2YPL
[MAPPED] 2YPL: contacts=9; possible_ligand_chains=1; problematic_mhc_contacts=0; binder_sized_contacts=0; problematic=False; removed_duplicates=[]; merged=2ypl_merged_cavities.pdb
[START] 5U98
[MAPPED] 5U98: contacts=16; possible_ligand_chains=1; problematic_mhc_contacts=1; binder_sized_contacts=0; problematic=True; removed_duplicates=[]; merged=5u98_merged_cavities.pdb
[START] 2V2W
[MAPPED] 2V2W: contacts=16; possible_ligand_chains=1; problematic_mhc_contacts=0; binder_sized_contacts=0; problematic=False; removed_duplicates=[]; merged=2v2w_merged_cavities.pdb
[START] 5NQK
[MAPPED] 5NQK: contacts=9; possible_ligand_chains=1; problematic_mhc_contacts=0; binder_sized_contacts=0; problematic=False; removed_duplicates=[]; merged=5nqk_merged_cavities.pdb
[START] 6PTB
[MAPPED] 6PTB: contacts=12; possible_ligand_chains=1; problematic_mhc_contacts=0; binder_sized_contacts=0; problematic=False; removed_duplicates=[]; merged=6ptb_merged_cavities.pdb
[START] 2GTZ
[MAPPED] 2GTZ: contacts=11; possible_ligand_chains=1; problematic_mhc_contacts=0; binder_sized_contacts=0; problematic=False; removed_duplicates=[]; merged=2gtz_merged_cavities.pdb
[START] 5WXD
[MAPPED] 5WXD: contacts=6; possible_ligand_chains=1; problematic_mhc_contacts=0; binder_sized_contacts=0; problematic=False; removed_duplicates=[]; merged=5wxd_merged_cavities.pdb
[START] 4NNX
[MAPPED] 4NNX: contacts=13; possible_ligand_chains=1; problematic_mhc_contacts=0; binder_sized_contacts=0; problematic=False; removed_duplicates=[]; merged=4nnx_merged_cavities.pdb
[START] 9BLA
[MAPPED] 9BLA: contacts=8; possible_ligand_chains=1; problematic_mhc_contacts=0; binder_sized_contacts=0; problematic=False; removed_duplicates=[]; merged=9bla_merged_cavities.pdb
[START] 8EMI
[MAPPED] 8EMI: contacts=20; possible_ligand_chains=1; problematic_mhc_contacts=0; binder_sized_contacts=0; problematic=False; removed_duplicates=[]; merged=8emi_merged_cavities.pdb
[START] 5WWI
[MAPPED] 5WWI: contacts=8; possible_ligand_chains=1; problematic_mhc_contacts=0; binder_sized_contacts=0; problematic=False; removed_duplicates=[]; merged=5wwi_merged_cavities.pdb
[START] 7X00
[MAPPED] 7X00: contacts=21; possible_ligand_chains=1; problematic_mhc_contacts=0; binder_sized_contacts=0; problematic=False; removed_duplicates=[]; merged=7x00_merged_cavities.pdb
[START] 5NHT
[MAPPED] 5NHT: contacts=9; possible_ligand_chains=1; problematic_mhc_contacts=0; binder_sized_contacts=0; problematic=False; removed_duplicates=[]; merged=5nht_merged_cavities.pdb
[START] 7UR1
[MAPPED] 7UR1: contacts=6; possible_ligand_chains=1; problematic_mhc_contacts=0; binder_sized_contacts=0; problematic=False; removed_duplicates=[]; merged=7ur1_merged_cavities.pdb
[START] 3L3G
[MAPPED] 3L3G: contacts=15; possible_ligand_chains=1; problematic_mhc_contacts=0; binder_sized_contacts=0; problematic=False; removed_duplicates=[]; merged=3l3g_merged_cavities.pdb
[START] 3BGM
[MAPPED] 3BGM: contacts=13; possible_ligand_chains=1; problematic_mhc_contacts=0; binder_sized_contacts=0; problematic=False; removed_duplicates=[]; merged=3bgm_merged_cavities.pdb
[START] 4NO2
[MAPPED] 4NO2: contacts=10; possible_ligand_chains=1; problematic_mhc_contacts=0; binder_sized_contacts=0; problematic=False; removed_duplicates=[]; merged=4no2_merged_cavities.pdb
[START] 6UK4
[MAPPED] 6UK4: contacts=6; possible_ligand_chains=1; problematic_mhc_contacts=0; binder_sized_contacts=0; problematic=False; removed_duplicates=[]; merged=6uk4_merged_cavities.pdb
[START] 7L1B
[MAPPED] 7L1B: contacts=22; possible_ligand_chains=1; problematic_mhc_contacts=0; binder_sized_contacts=0; problematic=False; removed_duplicates=[]; merged=7l1b_merged_cavities.pdb
[START] 4U1N
[MAPPED] 4U1N: contacts=22; possible_ligand_chains=1; problematic_mhc_contacts=0; binder_sized_contacts=0; problematic=False; removed_duplicates=[]; merged=4u1n_merged_cavities.pdb
[START] 1SYS
[MAPPED] 1SYS: contacts=12; possible_ligand_chains=1; problematic_mhc_contacts=0; binder_sized_contacts=0; problematic=False; removed_duplicates=[]; merged=1sys_merged_cavities.pdb
[START] 1EEZ
[MAPPED] 1EEZ: contacts=6; possible_ligand_chains=1; problematic_mhc_contacts=0; binder_sized_contacts=0; problematic=False; removed_duplicates=[]; merged=1eez_merged_cavities.pdb
[START] 5C0I
[MAPPED] 5C0I: contacts=13; possible_ligand_chains=1; problematic_mhc_contacts=0; binder_sized_contacts=0; problematic=False; removed_duplicates=[]; merged=5c0i_merged_cavities.pdb
[START] 7N2N
[MAPPED] 7N2N: contacts=12; possible_ligand_chains=1; problematic_mhc_contacts=0; binder_sized_contacts=0; problematic=False; removed_duplicates=[]; merged=7n2n_merged_cavities.pdb
[START] 9DL1
[MAPPED] 9DL1: contacts=12; possible_ligand_chains=1; problematic_mhc_contacts=0; binder_sized_contacts=0; problematic=False; removed_duplicates=['C']; merged=9dl1_merged_cavities.pdb
[START] 3W39
[MAPPED] 3W39: contacts=8; possible_ligand_chains=1; problematic_mhc_contacts=0; binder_sized_contacts=0; problematic=False; removed_duplicates=[]; merged=3w39_merged_cavities.pdb
[START] 2X4P
[MAPPED] 2X4P: contacts=11; possible_ligand_chains=1; problematic_mhc_contacts=0; binder_sized_contacts=0; problematic=False; removed_duplicates=[]; merged=2x4p_merged_cavities.pdb
[START] 7S8R
[MAPPED] 7S8R: contacts=8; possible_ligand_chains=1; problematic_mhc_contacts=0; binder_sized_contacts=0; problematic=False; removed_duplicates=[]; merged=7s8r_merged_cavities.pdb
[START] 4PRB
[MAPPED] 4PRB: contacts=16; possible_ligand_chains=1; problematic_mhc_contacts=0; binder_sized_contacts=0; problematic=False; removed_duplicates=[]; merged=4prb_merged_cavities.pdb
[START] 7STG
[MAPPED] 7STG: contacts=0; possible_ligand_chains=0; problematic_mhc_contacts=0; binder_sized_contacts=0; problematic=False; removed_duplicates=[]; merged=7stg_merged_cavities.pdb
[START] 1SYV
[MAPPED] 1SYV: contacts=17; possible_ligand_chains=1; problematic_mhc_contacts=0; binder_sized_contacts=0; problematic=False; removed_duplicates=[]; merged=1syv_merged_cavities.pdb
[START] 3W0W
[MAPPED] 3W0W: contacts=11; possible_ligand_chains=1; problematic_mhc_contacts=0; binder_sized_contacts=0; problematic=False; removed_duplicates=[]; merged=3w0w_merged_cavities.pdb
[START] 7DZM
[MAPPED] 7DZM: contacts=19; possible_ligand_chains=1; problematic_mhc_contacts=0; binder_sized_contacts=0; problematic=False; removed_duplicates=[]; merged=7dzm_merged_cavities.pdb
[START] 4PRH
[MAPPED] 4PRH: contacts=10; possible_ligand_chains=1; problematic_mhc_contacts=0; binder_sized_contacts=0; problematic=False; removed_duplicates=[]; merged=4prh_merged_cavities.pdb
[START] 3KPL
[MAPPED] 3KPL: contacts=14; possible_ligand_chains=1; problematic_mhc_contacts=0; binder_sized_contacts=0; problematic=False; removed_duplicates=[]; merged=3kpl_merged_cavities.pdb
[START] 6ULR
[MAPPED] 6ULR: contacts=11; possible_ligand_chains=1; problematic_mhc_contacts=0; binder_sized_contacts=0; problematic=False; removed_duplicates=[]; merged=6ulr_merged_cavities.pdb
[START] 6O53
[MAPPED] 6O53: contacts=13; possible_ligand_chains=1; problematic_mhc_contacts=0; binder_sized_contacts=0; problematic=False; removed_duplicates=[]; merged=6o53_merged_cavities.pdb
[START] 6UJQ
[MAPPED] 6UJQ: contacts=8; possible_ligand_chains=1; problematic_mhc_contacts=0; binder_sized_contacts=0; problematic=False; removed_duplicates=[]; merged=6ujq_merged_cavities.pdb
[START] 3BVN
[MAPPED] 3BVN: contacts=10; possible_ligand_chains=1; problematic_mhc_contacts=0; binder_sized_contacts=0; problematic=False; removed_duplicates=[]; merged=3bvn_merged_cavities.pdb
[START] 6VRM
[MAPPED] 6VRM: contacts=12; possible_ligand_chains=1; problematic_mhc_contacts=0; binder_sized_contacts=0; problematic=False; removed_duplicates=[]; merged=6vrm_merged_cavities.pdb
[START] 2FYY
[MAPPED] 2FYY: contacts=17; possible_ligand_chains=1; problematic_mhc_contacts=0; binder_sized_contacts=0; problematic=False; removed_duplicates=[]; merged=2fyy_merged_cavities.pdb
[START] 6TDS
[MAPPED] 6TDS: contacts=10; possible_ligand_chains=0; problematic_mhc_contacts=0; binder_sized_contacts=0; problematic=False; removed_duplicates=[]; merged=6tds_merged_cavities.pdb
[START] 1JHT
[MAPPED] 1JHT: contacts=13; possible_ligand_chains=1; problematic_mhc_contacts=0; binder_sized_contacts=0; problematic=False; removed_duplicates=[]; merged=1jht_merged_cavities.pdb
[START] 5VWH
[MAPPED] 5VWH: contacts=17; possible_ligand_chains=1; problematic_mhc_contacts=0; binder_sized_contacts=0; problematic=False; removed_duplicates=[]; merged=5vwh_merged_cavities.pdb
[START] 2VLJ
[MAPPED] 2VLJ: contacts=10; possible_ligand_chains=1; problematic_mhc_contacts=0; binder_sized_contacts=0; problematic=False; removed_duplicates=[]; merged=2vlj_merged_cavities.pdb
[START] 1E28
[MAPPED] 1E28: contacts=8; possible_ligand_chains=1; problematic_mhc_contacts=0; binder_sized_contacts=0; problematic=False; removed_duplicates=[]; merged=1e28_merged_cavities.pdb
[START] 7UC5
[MAPPED] 7UC5: contacts=17; possible_ligand_chains=1; problematic_mhc_contacts=0; binder_sized_contacts=0; problematic=False; removed_duplicates=[]; merged=7uc5_merged_cavities.pdb
[START] 5YXU
[MAPPED] 5YXU: contacts=10; possible_ligand_chains=1; problematic_mhc_contacts=0; binder_sized_contacts=0; problematic=False; removed_duplicates=[]; merged=5yxu_merged_cavities.pdb
[START] 2X4Q
[MAPPED] 2X4Q: contacts=10; possible_ligand_chains=1; problematic_mhc_contacts=0; binder_sized_contacts=0; problematic=False; removed_duplicates=[]; merged=2x4q_merged_cavities.pdb
[START] 4NO3
[MAPPED] 4NO3: contacts=12; possible_ligand_chains=1; problematic_mhc_contacts=0; binder_sized_contacts=0; problematic=False; removed_duplicates=[]; merged=4no3_merged_cavities.pdb
[START] 3CDG
[MAPPED] 3CDG: contacts=9; possible_ligand_chains=1; problematic_mhc_contacts=0; binder_sized_contacts=0; problematic=False; removed_duplicates=[]; merged=3cdg_merged_cavities.pdb
[START] 8WUL
[MAPPED] 8WUL: contacts=10; possible_ligand_chains=1; problematic_mhc_contacts=0; binder_sized_contacts=0; problematic=False; removed_duplicates=[]; merged=8wul_merged_cavities.pdb
[START] 3D18
[MAPPED] 3D18: contacts=18; possible_ligand_chains=1; problematic_mhc_contacts=0; binder_sized_contacts=0; problematic=False; removed_duplicates=[]; merged=3d18_merged_cavities.pdb
[START] 4UQ2
[MAPPED] 4UQ2: contacts=17; possible_ligand_chains=1; problematic_mhc_contacts=0; binder_sized_contacts=0; problematic=False; removed_duplicates=[]; merged=4uq2_merged_cavities.pdb
[START] 1ZHK
[MAPPED] 1ZHK: contacts=23; possible_ligand_chains=1; problematic_mhc_contacts=0; binder_sized_contacts=0; problematic=False; removed_duplicates=[]; merged=1zhk_merged_cavities.pdb
[START] 8VCL
[MAPPED] 8VCL: contacts=17; possible_ligand_chains=1; problematic_mhc_contacts=0; binder_sized_contacts=0; problematic=False; removed_duplicates=[]; merged=8vcl_merged_cavities.pdb
[START] 6D29
[MAPPED] 6D29: contacts=17; possible_ligand_chains=1; problematic_mhc_contacts=0; binder_sized_contacts=0; problematic=False; removed_duplicates=[]; merged=6d29_merged_cavities.pdb
[START] 4U1J
[MAPPED] 4U1J: contacts=24; possible_ligand_chains=1; problematic_mhc_contacts=0; binder_sized_contacts=0; problematic=False; removed_duplicates=[]; merged=4u1j_merged_cavities.pdb
[START] 7L1D
[MAPPED] 7L1D: contacts=7; possible_ligand_chains=1; problematic_mhc_contacts=0; binder_sized_contacts=0; problematic=False; removed_duplicates=[]; merged=7l1d_merged_cavities.pdb
[START] 8CX4
[MAPPED] 8CX4: contacts=7; possible_ligand_chains=1; problematic_mhc_contacts=0; binder_sized_contacts=0; problematic=False; removed_duplicates=[]; merged=8cx4_merged_cavities.pdb
[START] 4U1S
[MAPPED] 4U1S: contacts=14; possible_ligand_chains=1; problematic_mhc_contacts=0; binder_sized_contacts=0; problematic=False; removed_duplicates=[]; merged=4u1s_merged_cavities.pdb
[START] 3LKQ
[MAPPED] 3LKQ: contacts=16; possible_ligand_chains=1; problematic_mhc_contacts=0; binder_sized_contacts=0; problematic=False; removed_duplicates=[]; merged=3lkq_merged_cavities.pdb
[START] 6RPA
[MAPPED] 6RPA: contacts=9; possible_ligand_chains=1; problematic_mhc_contacts=0; binder_sized_contacts=0; problematic=False; removed_duplicates=[]; merged=6rpa_merged_cavities.pdb
[START] 8GOM
[MAPPED] 8GOM: contacts=10; possible_ligand_chains=1; problematic_mhc_contacts=0; binder_sized_contacts=0; problematic=False; removed_duplicates=[]; merged=8gom_merged_cavities.pdb
[START] 5NME
[MAPPED] 5NME: contacts=7; possible_ligand_chains=1; problematic_mhc_contacts=0; binder_sized_contacts=0; problematic=False; removed_duplicates=[]; merged=5nme_merged_cavities.pdb
[START] 6VR5
[MAPPED] 6VR5: contacts=13; possible_ligand_chains=1; problematic_mhc_contacts=0; binder_sized_contacts=0; problematic=False; removed_duplicates=[]; merged=6vr5_merged_cavities.pdb
[START] 3KPM
[MAPPED] 3KPM: contacts=17; possible_ligand_chains=1; problematic_mhc_contacts=0; binder_sized_contacts=0; problematic=False; removed_duplicates=[]; merged=3kpm_merged_cavities.pdb
[START] 7TUE
[MAPPED] 7TUE: contacts=0; possible_ligand_chains=0; problematic_mhc_contacts=0; binder_sized_contacts=0; problematic=False; removed_duplicates=[]; merged=7tue_merged_cavities.pdb
[START] 3FFC
[MAPPED] 3FFC: contacts=8; possible_ligand_chains=1; problematic_mhc_contacts=0; binder_sized_contacts=0; problematic=False; removed_duplicates=[]; merged=3ffc_merged_cavities.pdb
[START] 7PDW
[MAPPED] 7PDW: contacts=14; possible_ligand_chains=1; problematic_mhc_contacts=0; binder_sized_contacts=0; problematic=False; removed_duplicates=[]; merged=7pdw_merged_cavities.pdb
[START] 4MJ5
[MAPPED] 4MJ5: contacts=15; possible_ligand_chains=1; problematic_mhc_contacts=0; binder_sized_contacts=0; problematic=False; removed_duplicates=[]; merged=4mj5_merged_cavities.pdb
[START] 6AT9
[MAPPED] 6AT9: contacts=9; possible_ligand_chains=1; problematic_mhc_contacts=0; binder_sized_contacts=0; problematic=False; removed_duplicates=[]; merged=6at9_merged_cavities.pdb
[START] 1XR8
[MAPPED] 1XR8: contacts=15; possible_ligand_chains=1; problematic_mhc_contacts=0; binder_sized_contacts=0; problematic=False; removed_duplicates=[]; merged=1xr8_merged_cavities.pdb
[START] 4JFQ
[MAPPED] 4JFQ: contacts=12; possible_ligand_chains=1; problematic_mhc_contacts=0; binder_sized_contacts=0; problematic=False; removed_duplicates=[]; merged=4jfq_merged_cavities.pdb
[START] 7RE8
[MAPPED] 7RE8: contacts=8; possible_ligand_chains=1; problematic_mhc_contacts=0; binder_sized_contacts=0; problematic=False; removed_duplicates=[]; merged=7re8_merged_cavities.pdb
[START] 3DTX
[MAPPED] 3DTX: contacts=20; possible_ligand_chains=1; problematic_mhc_contacts=0; binder_sized_contacts=0; problematic=False; removed_duplicates=['B']; merged=3dtx_merged_cavities.pdb
[START] 3DTX
[MAPPED] 3DTX: contacts=20; possible_ligand_chains=1; problematic_mhc_contacts=0; binder_sized_contacts=0; problematic=False; removed_duplicates=['B']; merged=3dtx_merged_cavities.pdb
[START] 5T70
[MAPPED] 5T70: contacts=13; possible_ligand_chains=1; problematic_mhc_contacts=0; binder_sized_contacts=0; problematic=False; removed_duplicates=[]; merged=5t70_merged_cavities.pdb
[START] 7R7W
[MAPPED] 7R7W: contacts=20; possible_ligand_chains=1; problematic_mhc_contacts=0; binder_sized_contacts=0; problematic=False; removed_duplicates=[]; merged=7r7w_merged_cavities.pdb
[START] 6VQ2
[MAPPED] 6VQ2: contacts=17; possible_ligand_chains=1; problematic_mhc_contacts=0; binder_sized_contacts=0; problematic=False; removed_duplicates=[]; merged=6vq2_merged_cavities.pdb
[START] 6DKP
[MAPPED] 6DKP: contacts=9; possible_ligand_chains=1; problematic_mhc_contacts=0; binder_sized_contacts=0; problematic=False; removed_duplicates=[]; merged=6dkp_merged_cavities.pdb
[START] 9ASF
[MAPPED] 9ASF: contacts=19; possible_ligand_chains=1; problematic_mhc_contacts=0; binder_sized_contacts=0; problematic=False; removed_duplicates=[]; merged=9asf_merged_cavities.pdb
[START] 2X4T
[MAPPED] 2X4T: contacts=13; possible_ligand_chains=1; problematic_mhc_contacts=0; binder_sized_contacts=0; problematic=False; removed_duplicates=[]; merged=2x4t_merged_cavities.pdb
[START] 7K81
[MAPPED] 7K81: contacts=12; possible_ligand_chains=1; problematic_mhc_contacts=0; binder_sized_contacts=0; problematic=False; removed_duplicates=[]; merged=7k81_merged_cavities.pdb
[START] 5IEK
[MAPPED] 5IEK: contacts=21; possible_ligand_chains=1; problematic_mhc_contacts=0; binder_sized_contacts=0; problematic=False; removed_duplicates=[]; merged=5iek_merged_cavities.pdb
[START] 3DX8
[MAPPED] 3DX8: contacts=11; possible_ligand_chains=1; problematic_mhc_contacts=0; binder_sized_contacts=0; problematic=False; removed_duplicates=[]; merged=3dx8_merged_cavities.pdb
[START] 5GSD
[MAPPED] 5GSD: contacts=16; possible_ligand_chains=1; problematic_mhc_contacts=0; binder_sized_contacts=0; problematic=False; removed_duplicates=[]; merged=5gsd_merged_cavities.pdb
[START] 6VQO
[MAPPED] 6VQO: contacts=9; possible_ligand_chains=1; problematic_mhc_contacts=0; binder_sized_contacts=0; problematic=False; removed_duplicates=[]; merged=6vqo_merged_cavities.pdb
[START] 6V2O
[MAPPED] 6V2O: contacts=24; possible_ligand_chains=1; problematic_mhc_contacts=0; binder_sized_contacts=0; problematic=False; removed_duplicates=[]; merged=6v2o_merged_cavities.pdb
[START] 6PZ5
[MAPPED] 6PZ5: contacts=22; possible_ligand_chains=1; problematic_mhc_contacts=0; binder_sized_contacts=0; problematic=False; removed_duplicates=[]; merged=6pz5_merged_cavities.pdb
[START] 5MEQ
[MAPPED] 5MEQ: contacts=11; possible_ligand_chains=1; problematic_mhc_contacts=0; binder_sized_contacts=0; problematic=False; removed_duplicates=[]; merged=5meq_merged_cavities.pdb
[START] 4LNR
[MAPPED] 4LNR: contacts=13; possible_ligand_chains=1; problematic_mhc_contacts=0; binder_sized_contacts=0; problematic=False; removed_duplicates=[]; merged=4lnr_merged_cavities.pdb
[START] 4JFO
[MAPPED] 4JFO: contacts=9; possible_ligand_chains=1; problematic_mhc_contacts=0; binder_sized_contacts=0; problematic=False; removed_duplicates=[]; merged=4jfo_merged_cavities.pdb
[START] 6K60
[MAPPED] 6K60: contacts=9; possible_ligand_chains=1; problematic_mhc_contacts=0; binder_sized_contacts=0; problematic=False; removed_duplicates=[]; merged=6k60_merged_cavities.pdb
[START] 4PRE
[MAPPED] 4PRE: contacts=20; possible_ligand_chains=1; problematic_mhc_contacts=0; binder_sized_contacts=0; problematic=False; removed_duplicates=[]; merged=4pre_merged_cavities.pdb
[START] 8REF
[MAPPED] 8REF: contacts=16; possible_ligand_chains=1; problematic_mhc_contacts=0; binder_sized_contacts=0; problematic=False; removed_duplicates=[]; merged=8ref_merged_cavities.pdb
[START] 6UZM
[MAPPED] 6UZM: contacts=26; possible_ligand_chains=1; problematic_mhc_contacts=0; binder_sized_contacts=0; problematic=False; removed_duplicates=[]; merged=6uzm_merged_cavities.pdb
[START] 3LKS
[MAPPED] 3LKS: contacts=15; possible_ligand_chains=1; problematic_mhc_contacts=0; binder_sized_contacts=0; problematic=False; removed_duplicates=[]; merged=3lks_merged_cavities.pdb
[START] 6BJ8
[MAPPED] 6BJ8: contacts=15; possible_ligand_chains=1; problematic_mhc_contacts=0; binder_sized_contacts=0; problematic=False; removed_duplicates=[]; merged=6bj8_merged_cavities.pdb
[START] 3MRL
[MAPPED] 3MRL: contacts=8; possible_ligand_chains=1; problematic_mhc_contacts=0; binder_sized_contacts=0; problematic=False; removed_duplicates=[]; merged=3mrl_merged_cavities.pdb
[START] 1ZSD
[MAPPED] 1ZSD: contacts=13; possible_ligand_chains=1; problematic_mhc_contacts=0; binder_sized_contacts=0; problematic=False; removed_duplicates=[]; merged=1zsd_merged_cavities.pdb
[START] 4QRQ
[MAPPED] 4QRQ: contacts=15; possible_ligand_chains=1; problematic_mhc_contacts=0; binder_sized_contacts=0; problematic=False; removed_duplicates=[]; merged=4qrq_merged_cavities.pdb
[START] 3MV7
[MAPPED] 3MV7: contacts=16; possible_ligand_chains=1; problematic_mhc_contacts=0; binder_sized_contacts=0; problematic=False; removed_duplicates=[]; merged=3mv7_merged_cavities.pdb
[START] 1JGD
[MAPPED] 1JGD: contacts=24; possible_ligand_chains=1; problematic_mhc_contacts=0; binder_sized_contacts=0; problematic=False; removed_duplicates=[]; merged=1jgd_merged_cavities.pdb
[START] 6TMO
[MAPPED] 6TMO: contacts=12; possible_ligand_chains=1; problematic_mhc_contacts=0; binder_sized_contacts=0; problematic=False; removed_duplicates=[]; merged=6tmo_merged_cavities.pdb
[START] 7R80
[MAPPED] 7R80: contacts=12; possible_ligand_chains=1; problematic_mhc_contacts=0; binder_sized_contacts=0; problematic=False; removed_duplicates=[]; merged=7r80_merged_cavities.pdb
[START] 7K80
[MAPPED] 7K80: contacts=9; possible_ligand_chains=1; problematic_mhc_contacts=0; binder_sized_contacts=0; problematic=False; removed_duplicates=[]; merged=7k80_merged_cavities.pdb
[START] 6Q3K
[MAPPED] 6Q3K: contacts=20; possible_ligand_chains=1; problematic_mhc_contacts=0; binder_sized_contacts=0; problematic=False; removed_duplicates=[]; merged=6q3k_merged_cavities.pdb
[START] 1ZHL
[MAPPED] 1ZHL: contacts=20; possible_ligand_chains=1; problematic_mhc_contacts=0; binder_sized_contacts=0; problematic=False; removed_duplicates=[]; merged=1zhl_merged_cavities.pdb
[START] 2YPK
[MAPPED] 2YPK: contacts=14; possible_ligand_chains=1; problematic_mhc_contacts=0; binder_sized_contacts=0; problematic=False; removed_duplicates=[]; merged=2ypk_merged_cavities.pdb
[START] 3VCL
[MAPPED] 3VCL: contacts=17; possible_ligand_chains=1; problematic_mhc_contacts=0; binder_sized_contacts=0; problematic=False; removed_duplicates=[]; merged=3vcl_merged_cavities.pdb
[START] 7R7Y
[MAPPED] 7R7Y: contacts=18; possible_ligand_chains=1; problematic_mhc_contacts=0; binder_sized_contacts=0; problematic=False; removed_duplicates=[]; merged=7r7y_merged_cavities.pdb
[START] 8F7M
[MAPPED] 8F7M: contacts=19; possible_ligand_chains=1; problematic_mhc_contacts=0; binder_sized_contacts=0; problematic=False; removed_duplicates=[]; merged=8f7m_merged_cavities.pdb
[START] 8DNT
[MAPPED] 8DNT: contacts=6; possible_ligand_chains=1; problematic_mhc_contacts=0; binder_sized_contacts=0; problematic=False; removed_duplicates=[]; merged=8dnt_merged_cavities.pdb
[START] 1W0W
[MAPPED] 1W0W: contacts=19; possible_ligand_chains=1; problematic_mhc_contacts=0; binder_sized_contacts=0; problematic=False; removed_duplicates=[]; merged=1w0w_merged_cavities.pdb
[START] 7PHR
[MAPPED] 7PHR: contacts=8; possible_ligand_chains=1; problematic_mhc_contacts=0; binder_sized_contacts=0; problematic=False; removed_duplicates=[]; merged=7phr_merged_cavities.pdb
[START] 5VGD
[MAPPED] 5VGD: contacts=8; possible_ligand_chains=1; problematic_mhc_contacts=0; binder_sized_contacts=0; problematic=False; removed_duplicates=[]; merged=5vgd_merged_cavities.pdb
[START] 8WTE
[MAPPED] 8WTE: contacts=19; possible_ligand_chains=1; problematic_mhc_contacts=0; binder_sized_contacts=0; problematic=False; removed_duplicates=[]; merged=8wte_merged_cavities.pdb
[START] 7STF
[MAPPED] 7STF: contacts=6; possible_ligand_chains=1; problematic_mhc_contacts=0; binder_sized_contacts=0; problematic=False; removed_duplicates=[]; merged=7stf_merged_cavities.pdb
[START] 7EU2
[MAPPED] 7EU2: contacts=8; possible_ligand_chains=1; problematic_mhc_contacts=0; binder_sized_contacts=0; problematic=False; removed_duplicates=[]; merged=7eu2_merged_cavities.pdb
[START] 9ASG
[MAPPED] 9ASG: contacts=22; possible_ligand_chains=1; problematic_mhc_contacts=0; binder_sized_contacts=0; problematic=False; removed_duplicates=[]; merged=9asg_merged_cavities.pdb
[START] 6VR1
[MAPPED] 6VR1: contacts=13; possible_ligand_chains=1; problematic_mhc_contacts=0; binder_sized_contacts=0; problematic=False; removed_duplicates=[]; merged=6vr1_merged_cavities.pdb
[START] 1M6O
[MAPPED] 1M6O: contacts=18; possible_ligand_chains=1; problematic_mhc_contacts=0; binder_sized_contacts=0; problematic=False; removed_duplicates=[]; merged=1m6o_merged_cavities.pdb
[START] 9BL3
[MAPPED] 9BL3: contacts=16; possible_ligand_chains=1; problematic_mhc_contacts=0; binder_sized_contacts=0; problematic=False; removed_duplicates=[]; merged=9bl3_merged_cavities.pdb
[START] 6EWA
[MAPPED] 6EWA: contacts=7; possible_ligand_chains=1; problematic_mhc_contacts=0; binder_sized_contacts=0; problematic=False; removed_duplicates=[]; merged=6ewa_merged_cavities.pdb
[START] 5XOS
[MAPPED] 5XOS: contacts=17; possible_ligand_chains=1; problematic_mhc_contacts=0; binder_sized_contacts=0; problematic=False; removed_duplicates=[]; merged=5xos_merged_cavities.pdb
[START] 6PYL
[MAPPED] 6PYL: contacts=22; possible_ligand_chains=1; problematic_mhc_contacts=0; binder_sized_contacts=0; problematic=False; removed_duplicates=[]; merged=6pyl_merged_cavities.pdb
[START] 6Y26
[MAPPED] 6Y26: contacts=25; possible_ligand_chains=1; problematic_mhc_contacts=0; binder_sized_contacts=0; problematic=False; removed_duplicates=[]; merged=6y26_merged_cavities.pdb
[START] 7ST3
[MAPPED] 7ST3: contacts=3; possible_ligand_chains=0; problematic_mhc_contacts=3; binder_sized_contacts=0; problematic=True; removed_duplicates=[]; merged=7st3_merged_cavities.pdb
[START] 5DEF
[MAPPED] 5DEF: contacts=20; possible_ligand_chains=1; problematic_mhc_contacts=0; binder_sized_contacts=0; problematic=False; removed_duplicates=[]; merged=5def_merged_cavities.pdb
[START] 2AK4
[MAPPED] 2AK4: contacts=7; possible_ligand_chains=1; problematic_mhc_contacts=0; binder_sized_contacts=0; problematic=False; removed_duplicates=[]; merged=2ak4_merged_cavities.pdb
[START] 1I1Y
[MAPPED] 1I1Y: contacts=12; possible_ligand_chains=1; problematic_mhc_contacts=0; binder_sized_contacts=0; problematic=False; removed_duplicates=[]; merged=1i1y_merged_cavities.pdb
[START] 5WMQ
[MAPPED] 5WMQ: contacts=24; possible_ligand_chains=1; problematic_mhc_contacts=0; binder_sized_contacts=0; problematic=False; removed_duplicates=[]; merged=5wmq_merged_cavities.pdb
[START] 6NCA
[MAPPED] 6NCA: contacts=5; possible_ligand_chains=1; problematic_mhc_contacts=0; binder_sized_contacts=0; problematic=False; removed_duplicates=[]; merged=6nca_merged_cavities.pdb
[START] 4U1H
[MAPPED] 4U1H: contacts=20; possible_ligand_chains=1; problematic_mhc_contacts=0; binder_sized_contacts=0; problematic=False; removed_duplicates=[]; merged=4u1h_merged_cavities.pdb
[START] 3VH8
[MAPPED] 3VH8: contacts=17; possible_ligand_chains=1; problematic_mhc_contacts=0; binder_sized_contacts=0; problematic=False; removed_duplicates=[]; merged=3vh8_merged_cavities.pdb
[START] 1W0V
[MAPPED] 1W0V: contacts=18; possible_ligand_chains=1; problematic_mhc_contacts=0; binder_sized_contacts=0; problematic=False; removed_duplicates=[]; merged=1w0v_merged_cavities.pdb
[START] 5GRG
[MAPPED] 5GRG: contacts=16; possible_ligand_chains=2; problematic_mhc_contacts=0; binder_sized_contacts=0; problematic=False; removed_duplicates=[]; merged=5grg_merged_cavities.pdb
[START] 2HJK
[MAPPED] 2HJK: contacts=13; possible_ligand_chains=1; problematic_mhc_contacts=0; binder_sized_contacts=0; problematic=False; removed_duplicates=[]; merged=2hjk_merged_cavities.pdb
[START] 3VFO
[MAPPED] 3VFO: contacts=17; possible_ligand_chains=1; problematic_mhc_contacts=0; binder_sized_contacts=0; problematic=False; removed_duplicates=[]; merged=3vfo_merged_cavities.pdb
[START] 7SSH
[MAPPED] 7SSH: contacts=6; possible_ligand_chains=0; problematic_mhc_contacts=5; binder_sized_contacts=0; problematic=True; removed_duplicates=[]; merged=7ssh_merged_cavities.pdb
[START] 3L3I
[MAPPED] 3L3I: contacts=13; possible_ligand_chains=1; problematic_mhc_contacts=0; binder_sized_contacts=0; problematic=False; removed_duplicates=[]; merged=3l3i_merged_cavities.pdb
[START] 6PA1
[MAPPED] 6PA1: contacts=9; possible_ligand_chains=1; problematic_mhc_contacts=0; binder_sized_contacts=0; problematic=False; removed_duplicates=[]; merged=6pa1_merged_cavities.pdb
[START] 3HLA
[MAPPED] 3HLA: contacts=2; possible_ligand_chains=0; problematic_mhc_contacts=0; binder_sized_contacts=0; problematic=False; removed_duplicates=[]; merged=3hla_merged_cavities.pdb
[START] 2X4O
[MAPPED] 2X4O: contacts=11; possible_ligand_chains=1; problematic_mhc_contacts=0; binder_sized_contacts=0; problematic=False; removed_duplicates=[]; merged=2x4o_merged_cavities.pdb
[START] 9C6X
[MAPPED] 9C6X: contacts=12; possible_ligand_chains=0; problematic_mhc_contacts=9; binder_sized_contacts=0; problematic=True; removed_duplicates=[]; merged=9c6x_merged_cavities.pdb
[START] 1HHJ
[MAPPED] 1HHJ: contacts=7; possible_ligand_chains=1; problematic_mhc_contacts=0; binder_sized_contacts=0; problematic=False; removed_duplicates=[]; merged=1hhj_merged_cavities.pdb
[START] 7ALO
[MAPPED] 7ALO: contacts=14; possible_ligand_chains=1; problematic_mhc_contacts=0; binder_sized_contacts=0; problematic=False; removed_duplicates=[]; merged=7alo_merged_cavities.pdb
[START] 5B38
[MAPPED] 5B38: contacts=17; possible_ligand_chains=1; problematic_mhc_contacts=0; binder_sized_contacts=0; problematic=False; removed_duplicates=[]; merged=5b38_merged_cavities.pdb
[START] 7SQP
[MAPPED] 7SQP: contacts=9; possible_ligand_chains=0; problematic_mhc_contacts=5; binder_sized_contacts=0; problematic=True; removed_duplicates=[]; merged=7sqp_merged_cavities.pdb
[START] 2PYE
[MAPPED] 2PYE: contacts=11; possible_ligand_chains=1; problematic_mhc_contacts=0; binder_sized_contacts=0; problematic=False; removed_duplicates=[]; merged=2pye_merged_cavities.pdb
[START] 3KPS
[MAPPED] 3KPS: contacts=9; possible_ligand_chains=1; problematic_mhc_contacts=0; binder_sized_contacts=0; problematic=False; removed_duplicates=[]; merged=3kps_merged_cavities.pdb
[START] 3LKR
[MAPPED] 3LKR: contacts=15; possible_ligand_chains=1; problematic_mhc_contacts=0; binder_sized_contacts=0; problematic=False; removed_duplicates=[]; merged=3lkr_merged_cavities.pdb
[START] 6VQE
[MAPPED] 6VQE: contacts=22; possible_ligand_chains=1; problematic_mhc_contacts=0; binder_sized_contacts=0; problematic=False; removed_duplicates=[]; merged=6vqe_merged_cavities.pdb
[START] 3B3I
[MAPPED] 3B3I: contacts=16; possible_ligand_chains=1; problematic_mhc_contacts=0; binder_sized_contacts=0; problematic=False; removed_duplicates=[]; merged=3b3i_merged_cavities.pdb
[START] 5GRD
[MAPPED] 5GRD: contacts=23; possible_ligand_chains=1; problematic_mhc_contacts=0; binder_sized_contacts=0; problematic=False; removed_duplicates=[]; merged=5grd_merged_cavities.pdb
[START] 6G3K
[MAPPED] 6G3K: contacts=9; possible_ligand_chains=1; problematic_mhc_contacts=0; binder_sized_contacts=0; problematic=False; removed_duplicates=[]; merged=6g3k_merged_cavities.pdb
[START] 2X4R
[MAPPED] 2X4R: contacts=13; possible_ligand_chains=1; problematic_mhc_contacts=0; binder_sized_contacts=0; problematic=False; removed_duplicates=[]; merged=2x4r_merged_cavities.pdb
[START] 8GVB
[MAPPED] 8GVB: contacts=8; possible_ligand_chains=1; problematic_mhc_contacts=0; binder_sized_contacts=0; problematic=False; removed_duplicates=[]; merged=8gvb_merged_cavities.pdb
[START] 8VJZ
[MAPPED] 8VJZ: contacts=25; possible_ligand_chains=1; problematic_mhc_contacts=0; binder_sized_contacts=0; problematic=False; removed_duplicates=[]; merged=8vjz_merged_cavities.pdb
[START] 4PRD
[MAPPED] 4PRD: contacts=14; possible_ligand_chains=1; problematic_mhc_contacts=0; binder_sized_contacts=0; problematic=False; removed_duplicates=[]; merged=4prd_merged_cavities.pdb
[START] 4L3C
[MAPPED] 4L3C: contacts=8; possible_ligand_chains=1; problematic_mhc_contacts=0; binder_sized_contacts=0; problematic=False; removed_duplicates=[]; merged=4l3c_merged_cavities.pdb
[START] 6D78
[MAPPED] 6D78: contacts=14; possible_ligand_chains=1; problematic_mhc_contacts=0; binder_sized_contacts=0; problematic=False; removed_duplicates=[]; merged=6d78_merged_cavities.pdb
[START] 8V4Z
[MAPPED] 8V4Z: contacts=16; possible_ligand_chains=1; problematic_mhc_contacts=0; binder_sized_contacts=0; problematic=False; removed_duplicates=[]; merged=8v4z_merged_cavities.pdb
[START] 8RHQ
[MAPPED] 8RHQ: contacts=17; possible_ligand_chains=1; problematic_mhc_contacts=0; binder_sized_contacts=0; problematic=False; removed_duplicates=['C', 'E']; merged=8rhq_merged_cavities.pdb
[START] 6VRN
[MAPPED] 6VRN: contacts=14; possible_ligand_chains=1; problematic_mhc_contacts=0; binder_sized_contacts=0; problematic=False; removed_duplicates=[]; merged=6vrn_merged_cavities.pdb
[START] 8TNJ
[MAPPED] 8TNJ: contacts=9; possible_ligand_chains=0; problematic_mhc_contacts=8; binder_sized_contacts=0; problematic=True; removed_duplicates=[]; merged=8tnj_merged_cavities.pdb
[START] 5NMG
[MAPPED] 5NMG: contacts=12; possible_ligand_chains=1; problematic_mhc_contacts=0; binder_sized_contacts=0; problematic=False; removed_duplicates=[]; merged=5nmg_merged_cavities.pdb
[START] 9BL9
[MAPPED] 9BL9: contacts=8; possible_ligand_chains=1; problematic_mhc_contacts=0; binder_sized_contacts=0; problematic=False; removed_duplicates=[]; merged=9bl9_merged_cavities.pdb
[START] 4QRU
[MAPPED] 4QRU: contacts=21; possible_ligand_chains=1; problematic_mhc_contacts=0; binder_sized_contacts=0; problematic=False; removed_duplicates=[]; merged=4qru_merged_cavities.pdb
[START] 3KPR
[MAPPED] 3KPR: contacts=8; possible_ligand_chains=1; problematic_mhc_contacts=0; binder_sized_contacts=0; problematic=False; removed_duplicates=[]; merged=3kpr_merged_cavities.pdb
[START] 2CIK
[MAPPED] 2CIK: contacts=22; possible_ligand_chains=1; problematic_mhc_contacts=0; binder_sized_contacts=0; problematic=False; removed_duplicates=[]; merged=2cik_merged_cavities.pdb
[START] 4K7F
[MAPPED] 4K7F: contacts=15; possible_ligand_chains=1; problematic_mhc_contacts=0; binder_sized_contacts=0; problematic=False; removed_duplicates=[]; merged=4k7f_merged_cavities.pdb
[START] 7T0L
[MAPPED] 7T0L: contacts=8; possible_ligand_chains=1; problematic_mhc_contacts=0; binder_sized_contacts=0; problematic=False; removed_duplicates=[]; merged=7t0l_merged_cavities.pdb
[START] 3KWW
[MAPPED] 3KWW: contacts=11; possible_ligand_chains=1; problematic_mhc_contacts=0; binder_sized_contacts=0; problematic=False; removed_duplicates=[]; merged=3kww_merged_cavities.pdb
[START] 2BVQ
[MAPPED] 2BVQ: contacts=12; possible_ligand_chains=1; problematic_mhc_contacts=0; binder_sized_contacts=0; problematic=False; removed_duplicates=[]; merged=2bvq_merged_cavities.pdb
[START] 3VFM
[MAPPED] 3VFM: contacts=13; possible_ligand_chains=1; problematic_mhc_contacts=0; binder_sized_contacts=0; problematic=False; removed_duplicates=[]; merged=3vfm_merged_cavities.pdb
[START] 2BSS
[MAPPED] 2BSS: contacts=14; possible_ligand_chains=1; problematic_mhc_contacts=0; binder_sized_contacts=0; problematic=False; removed_duplicates=[]; merged=2bss_merged_cavities.pdb
[START] 3L3D
[MAPPED] 3L3D: contacts=18; possible_ligand_chains=1; problematic_mhc_contacts=0; binder_sized_contacts=0; problematic=False; removed_duplicates=[]; merged=3l3d_merged_cavities.pdb
[START] 2NW3
[MAPPED] 2NW3: contacts=16; possible_ligand_chains=1; problematic_mhc_contacts=0; binder_sized_contacts=0; problematic=False; removed_duplicates=[]; merged=2nw3_merged_cavities.pdb
[START] 7X1B
[MAPPED] 7X1B: contacts=15; possible_ligand_chains=1; problematic_mhc_contacts=0; binder_sized_contacts=0; problematic=False; removed_duplicates=[]; merged=7x1b_merged_cavities.pdb
[START] 3QDG
[MAPPED] 3QDG: contacts=10; possible_ligand_chains=1; problematic_mhc_contacts=0; binder_sized_contacts=0; problematic=False; removed_duplicates=[]; merged=3qdg_merged_cavities.pdb
[START] 4JQX
[MAPPED] 4JQX: contacts=12; possible_ligand_chains=1; problematic_mhc_contacts=0; binder_sized_contacts=0; problematic=False; removed_duplicates=[]; merged=4jqx_merged_cavities.pdb
[START] 5MER
[MAPPED] 5MER: contacts=12; possible_ligand_chains=1; problematic_mhc_contacts=0; binder_sized_contacts=0; problematic=False; removed_duplicates=[]; merged=5mer_merged_cavities.pdb
[START] 3DXA
[MAPPED] 3DXA: contacts=7; possible_ligand_chains=1; problematic_mhc_contacts=0; binder_sized_contacts=0; problematic=False; removed_duplicates=[]; merged=3dxa_merged_cavities.pdb
[START] 2BST
[MAPPED] 2BST: contacts=16; possible_ligand_chains=1; problematic_mhc_contacts=0; binder_sized_contacts=0; problematic=False; removed_duplicates=[]; merged=2bst_merged_cavities.pdb
[START] 4QRT
[MAPPED] 4QRT: contacts=21; possible_ligand_chains=1; problematic_mhc_contacts=0; binder_sized_contacts=0; problematic=False; removed_duplicates=[]; merged=4qrt_merged_cavities.pdb
[START] 9BL4
[MAPPED] 9BL4: contacts=18; possible_ligand_chains=1; problematic_mhc_contacts=0; binder_sized_contacts=0; problematic=False; removed_duplicates=[]; merged=9bl4_merged_cavities.pdb
[START] 8RJ5
[MAPPED] 8RJ5: contacts=7; possible_ligand_chains=1; problematic_mhc_contacts=0; binder_sized_contacts=0; problematic=False; removed_duplicates=[]; merged=8rj5_merged_cavities.pdb
[START] 6VB3
[MAPPED] 6VB3: contacts=18; possible_ligand_chains=1; problematic_mhc_contacts=0; binder_sized_contacts=0; problematic=False; removed_duplicates=[]; merged=6vb3_merged_cavities.pdb
[START] 8FJB
[MAPPED] 8FJB: contacts=7; possible_ligand_chains=1; problematic_mhc_contacts=0; binder_sized_contacts=0; problematic=False; removed_duplicates=[]; merged=8fjb_merged_cavities.pdb
[START] 5D2L
[MAPPED] 5D2L: contacts=7; possible_ligand_chains=1; problematic_mhc_contacts=0; binder_sized_contacts=0; problematic=False; removed_duplicates=[]; merged=5d2l_merged_cavities.pdb
[START] 8RH6
[MAPPED] 8RH6: contacts=8; possible_ligand_chains=1; problematic_mhc_contacts=0; binder_sized_contacts=0; problematic=False; removed_duplicates=['C', 'D']; merged=8rh6_merged_cavities.pdb
[START] 6EQB
[MAPPED] 6EQB: contacts=7; possible_ligand_chains=1; problematic_mhc_contacts=0; binder_sized_contacts=0; problematic=False; removed_duplicates=[]; merged=6eqb_merged_cavities.pdb
[START] 6PYW
[MAPPED] 6PYW: contacts=22; possible_ligand_chains=1; problematic_mhc_contacts=0; binder_sized_contacts=0; problematic=False; removed_duplicates=[]; merged=6pyw_merged_cavities.pdb
[START] 3QEQ
[MAPPED] 3QEQ: contacts=11; possible_ligand_chains=1; problematic_mhc_contacts=0; binder_sized_contacts=0; problematic=False; removed_duplicates=[]; merged=3qeq_merged_cavities.pdb
[START] 7CIR
[MAPPED] 7CIR: contacts=17; possible_ligand_chains=1; problematic_mhc_contacts=0; binder_sized_contacts=0; problematic=False; removed_duplicates=[]; merged=7cir_merged_cavities.pdb
[START] 5IB5
[MAPPED] 5IB5: contacts=11; possible_ligand_chains=1; problematic_mhc_contacts=0; binder_sized_contacts=0; problematic=False; removed_duplicates=[]; merged=5ib5_merged_cavities.pdb
[START] 2P5W
[MAPPED] 2P5W: contacts=10; possible_ligand_chains=1; problematic_mhc_contacts=0; binder_sized_contacts=0; problematic=False; removed_duplicates=[]; merged=2p5w_merged_cavities.pdb
[START] 3MV8
[MAPPED] 3MV8: contacts=13; possible_ligand_chains=1; problematic_mhc_contacts=0; binder_sized_contacts=0; problematic=False; removed_duplicates=[]; merged=3mv8_merged_cavities.pdb
[START] 3WUW
[MAPPED] 3WUW: contacts=18; possible_ligand_chains=1; problematic_mhc_contacts=0; binder_sized_contacts=0; problematic=False; removed_duplicates=[]; merged=3wuw_merged_cavities.pdb
[START] 5B39
[MAPPED] 5B39: contacts=13; possible_ligand_chains=1; problematic_mhc_contacts=0; binder_sized_contacts=0; problematic=False; removed_duplicates=[]; merged=5b39_merged_cavities.pdb
[START] 3UPR
[MAPPED] 3UPR: contacts=13; possible_ligand_chains=1; problematic_mhc_contacts=1; binder_sized_contacts=0; problematic=True; removed_duplicates=[]; merged=3upr_merged_cavities.pdb
[START] 3O3D
[MAPPED] 3O3D: contacts=12; possible_ligand_chains=1; problematic_mhc_contacts=0; binder_sized_contacts=0; problematic=False; removed_duplicates=[]; merged=3o3d_merged_cavities.pdb
[START] 8GVG
[MAPPED] 8GVG: contacts=8; possible_ligand_chains=1; problematic_mhc_contacts=0; binder_sized_contacts=0; problematic=False; removed_duplicates=[]; merged=8gvg_merged_cavities.pdb
[START] 2C7U
[MAPPED] 2C7U: contacts=8; possible_ligand_chains=1; problematic_mhc_contacts=0; binder_sized_contacts=0; problematic=False; removed_duplicates=[]; merged=2c7u_merged_cavities.pdb
[START] 4GKN
[MAPPED] 4GKN: contacts=9; possible_ligand_chains=1; problematic_mhc_contacts=0; binder_sized_contacts=0; problematic=False; removed_duplicates=[]; merged=4gkn_merged_cavities.pdb
[START] 1KTL
[MAPPED] 1KTL: contacts=9; possible_ligand_chains=1; problematic_mhc_contacts=0; binder_sized_contacts=0; problematic=False; removed_duplicates=[]; merged=1ktl_merged_cavities.pdb
[START] 6Y2B
[MAPPED] 6Y2B: contacts=20; possible_ligand_chains=1; problematic_mhc_contacts=0; binder_sized_contacts=0; problematic=False; removed_duplicates=[]; merged=6y2b_merged_cavities.pdb
[START] 2X4U
[MAPPED] 2X4U: contacts=10; possible_ligand_chains=1; problematic_mhc_contacts=0; binder_sized_contacts=0; problematic=False; removed_duplicates=[]; merged=2x4u_merged_cavities.pdb
[START] 3SKM
[MAPPED] 3SKM: contacts=24; possible_ligand_chains=1; problematic_mhc_contacts=0; binder_sized_contacts=0; problematic=False; removed_duplicates=[]; merged=3skm_merged_cavities.pdb
[START] 8RCV
[MAPPED] 8RCV: contacts=17; possible_ligand_chains=1; problematic_mhc_contacts=0; binder_sized_contacts=0; problematic=False; removed_duplicates=[]; merged=8rcv_merged_cavities.pdb
[START] 6Y29
[MAPPED] 6Y29: contacts=18; possible_ligand_chains=1; problematic_mhc_contacts=0; binder_sized_contacts=0; problematic=False; removed_duplicates=[]; merged=6y29_merged_cavities.pdb
[START] 4EUP
[MAPPED] 4EUP: contacts=10; possible_ligand_chains=1; problematic_mhc_contacts=0; binder_sized_contacts=0; problematic=False; removed_duplicates=[]; merged=4eup_merged_cavities.pdb
[START] 3LV3
[MAPPED] 3LV3: contacts=18; possible_ligand_chains=1; problematic_mhc_contacts=0; binder_sized_contacts=0; problematic=False; removed_duplicates=[]; merged=3lv3_merged_cavities.pdb
[START] 2AXF
[MAPPED] 2AXF: contacts=14; possible_ligand_chains=1; problematic_mhc_contacts=0; binder_sized_contacts=0; problematic=False; removed_duplicates=[]; merged=2axf_merged_cavities.pdb
[START] 3BP7
[MAPPED] 3BP7: contacts=21; possible_ligand_chains=1; problematic_mhc_contacts=0; binder_sized_contacts=0; problematic=False; removed_duplicates=[]; merged=3bp7_merged_cavities.pdb
[START] 3KPN
[MAPPED] 3KPN: contacts=17; possible_ligand_chains=1; problematic_mhc_contacts=0; binder_sized_contacts=0; problematic=False; removed_duplicates=[]; merged=3kpn_merged_cavities.pdb
[START] 1TMC
[MAPPED] 1TMC: contacts=13; possible_ligand_chains=1; problematic_mhc_contacts=0; binder_sized_contacts=0; problematic=False; removed_duplicates=[]; merged=1tmc_merged_cavities.pdb
[START] 3QDJ
[MAPPED] 3QDJ: contacts=9; possible_ligand_chains=1; problematic_mhc_contacts=0; binder_sized_contacts=0; problematic=False; removed_duplicates=[]; merged=3qdj_merged_cavities.pdb
[START] 5WMR
[MAPPED] 5WMR: contacts=19; possible_ligand_chains=1; problematic_mhc_contacts=0; binder_sized_contacts=0; problematic=False; removed_duplicates=[]; merged=5wmr_merged_cavities.pdb
[START] 7RE7
[MAPPED] 7RE7: contacts=11; possible_ligand_chains=1; problematic_mhc_contacts=0; binder_sized_contacts=0; problematic=False; removed_duplicates=[]; merged=7re7_merged_cavities.pdb
[START] 8RHQ
[MAPPED] 8RHQ: contacts=17; possible_ligand_chains=1; problematic_mhc_contacts=0; binder_sized_contacts=0; problematic=False; removed_duplicates=['C', 'E']; merged=8rhq_merged_cavities.pdb
[START] 5DEG
[MAPPED] 5DEG: contacts=20; possible_ligand_chains=1; problematic_mhc_contacts=0; binder_sized_contacts=0; problematic=False; removed_duplicates=[]; merged=5deg_merged_cavities.pdb
[START] 5IB1
[MAPPED] 5IB1: contacts=17; possible_ligand_chains=1; problematic_mhc_contacts=0; binder_sized_contacts=0; problematic=False; removed_duplicates=[]; merged=5ib1_merged_cavities.pdb
[START] 4G9D
[MAPPED] 4G9D: contacts=22; possible_ligand_chains=1; problematic_mhc_contacts=0; binder_sized_contacts=0; problematic=False; removed_duplicates=[]; merged=4g9d_merged_cavities.pdb
[START] 8VRA
[MAPPED] 8VRA: contacts=6; possible_ligand_chains=1; problematic_mhc_contacts=0; binder_sized_contacts=0; problematic=False; removed_duplicates=[]; merged=8vra_merged_cavities.pdb
[START] 2VLR
[MAPPED] 2VLR: contacts=11; possible_ligand_chains=1; problematic_mhc_contacts=0; binder_sized_contacts=0; problematic=False; removed_duplicates=[]; merged=2vlr_merged_cavities.pdb
[START] 3BP4
[MAPPED] 3BP4: contacts=25; possible_ligand_chains=1; problematic_mhc_contacts=0; binder_sized_contacts=0; problematic=False; removed_duplicates=[]; merged=3bp4_merged_cavities.pdb
[START] 6VQD
[MAPPED] 6VQD: contacts=22; possible_ligand_chains=1; problematic_mhc_contacts=0; binder_sized_contacts=0; problematic=False; removed_duplicates=[]; merged=6vqd_merged_cavities.pdb
[START] 8HN4
[MAPPED] 8HN4: contacts=7; possible_ligand_chains=1; problematic_mhc_contacts=0; binder_sized_contacts=0; problematic=False; removed_duplicates=[]; merged=8hn4_merged_cavities.pdb
[START] 1M05
[MAPPED] 1M05: contacts=29; possible_ligand_chains=1; problematic_mhc_contacts=0; binder_sized_contacts=0; problematic=False; removed_duplicates=[]; merged=1m05_merged_cavities.pdb
[START] 7DYN
[MAPPED] 7DYN: contacts=22; possible_ligand_chains=1; problematic_mhc_contacts=0; binder_sized_contacts=0; problematic=False; removed_duplicates=[]; merged=7dyn_merged_cavities.pdb
[START] 6Y28
[MAPPED] 6Y28: contacts=25; possible_ligand_chains=1; problematic_mhc_contacts=0; binder_sized_contacts=0; problematic=False; removed_duplicates=[]; merged=6y28_merged_cavities.pdb
[START] 7CIS
[MAPPED] 7CIS: contacts=17; possible_ligand_chains=1; problematic_mhc_contacts=0; binder_sized_contacts=0; problematic=False; removed_duplicates=[]; merged=7cis_merged_cavities.pdb
[START] 1KPR
[MAPPED] 1KPR: contacts=9; possible_ligand_chains=1; problematic_mhc_contacts=0; binder_sized_contacts=0; problematic=False; removed_duplicates=[]; merged=1kpr_merged_cavities.pdb
[START] 4G9F
[MAPPED] 4G9F: contacts=23; possible_ligand_chains=1; problematic_mhc_contacts=0; binder_sized_contacts=0; problematic=False; removed_duplicates=[]; merged=4g9f_merged_cavities.pdb
[START] 5D2N
[MAPPED] 5D2N: contacts=10; possible_ligand_chains=1; problematic_mhc_contacts=0; binder_sized_contacts=0; problematic=False; removed_duplicates=[]; merged=5d2n_merged_cavities.pdb
[START] 1A1M
[MAPPED] 1A1M: contacts=10; possible_ligand_chains=1; problematic_mhc_contacts=0; binder_sized_contacts=0; problematic=False; removed_duplicates=[]; merged=1a1m_merged_cavities.pdb
[START] 3BO8
[MAPPED] 3BO8: contacts=19; possible_ligand_chains=1; problematic_mhc_contacts=0; binder_sized_contacts=0; problematic=False; removed_duplicates=[]; merged=3bo8_merged_cavities.pdb
[START] 9C6W
[MAPPED] 9C6W: contacts=18; possible_ligand_chains=0; problematic_mhc_contacts=9; binder_sized_contacts=0; problematic=True; removed_duplicates=[]; merged=9c6w_merged_cavities.pdb
[START] 6EI2
[MAPPED] 6EI2: contacts=22; possible_ligand_chains=1; problematic_mhc_contacts=0; binder_sized_contacts=0; problematic=False; removed_duplicates=[]; merged=6ei2_merged_cavities.pdb
[START] 6Y27
[MAPPED] 6Y27: contacts=23; possible_ligand_chains=1; problematic_mhc_contacts=0; binder_sized_contacts=0; problematic=False; removed_duplicates=[]; merged=6y27_merged_cavities.pdb
[START] 4G8I
[MAPPED] 4G8I: contacts=23; possible_ligand_chains=1; problematic_mhc_contacts=0; binder_sized_contacts=0; problematic=False; removed_duplicates=[]; merged=4g8i_merged_cavities.pdb
[START] 8ESB
[MAPPED] 8ESB: contacts=9; possible_ligand_chains=1; problematic_mhc_contacts=0; binder_sized_contacts=0; problematic=False; removed_duplicates=[]; merged=8esb_merged_cavities.pdb
[START] 8RRO
[MAPPED] 8RRO: contacts=9; possible_ligand_chains=1; problematic_mhc_contacts=0; binder_sized_contacts=0; problematic=False; removed_duplicates=[]; merged=8rro_merged_cavities.pdb
[START] 6VPZ
[MAPPED] 6VPZ: contacts=18; possible_ligand_chains=1; problematic_mhc_contacts=0; binder_sized_contacts=0; problematic=False; removed_duplicates=[]; merged=6vpz_merged_cavities.pdb
[START] 6APN
[MAPPED] 6APN: contacts=14; possible_ligand_chains=0; problematic_mhc_contacts=7; binder_sized_contacts=0; problematic=True; removed_duplicates=[]; merged=6apn_merged_cavities.pdb
[START] 1UXW
[MAPPED] 1UXW: contacts=18; possible_ligand_chains=1; problematic_mhc_contacts=0; binder_sized_contacts=0; problematic=False; removed_duplicates=[]; merged=1uxw_merged_cavities.pdb
[START] 8YIV
[MAPPED] 8YIV: contacts=19; possible_ligand_chains=1; problematic_mhc_contacts=0; binder_sized_contacts=0; problematic=False; removed_duplicates=[]; merged=8yiv_merged_cavities.pdb
[START] 9C6V
[MAPPED] 9C6V: contacts=15; possible_ligand_chains=0; problematic_mhc_contacts=9; binder_sized_contacts=0; problematic=True; removed_duplicates=[]; merged=9c6v_merged_cavities.pdb
[START] 3CZF
[MAPPED] 3CZF: contacts=19; possible_ligand_chains=1; problematic_mhc_contacts=0; binder_sized_contacts=0; problematic=False; removed_duplicates=[]; merged=3czf_merged_cavities.pdb
[START] 1HSA
[MAPPED] 1HSA: contacts=15; possible_ligand_chains=1; problematic_mhc_contacts=0; binder_sized_contacts=0; problematic=False; removed_duplicates=[]; merged=1hsa_merged_cavities.pdb
[START] 5IB4
[MAPPED] 5IB4: contacts=15; possible_ligand_chains=1; problematic_mhc_contacts=0; binder_sized_contacts=0; problematic=False; removed_duplicates=[]; merged=5ib4_merged_cavities.pdb
[START] 2A83
[MAPPED] 2A83: contacts=19; possible_ligand_chains=1; problematic_mhc_contacts=0; binder_sized_contacts=0; problematic=False; removed_duplicates=[]; merged=2a83_merged_cavities.pdb
[START] 2BSR
[MAPPED] 2BSR: contacts=14; possible_ligand_chains=1; problematic_mhc_contacts=0; binder_sized_contacts=0; problematic=False; removed_duplicates=[]; merged=2bsr_merged_cavities.pdb
[START] 8T7R
[MAPPED] 8T7R: contacts=9; possible_ligand_chains=1; problematic_mhc_contacts=0; binder_sized_contacts=0; problematic=False; removed_duplicates=['E', 'G']; merged=8t7r_merged_cavities.pdb
[START] 1OF2
[MAPPED] 1OF2: contacts=16; possible_ligand_chains=1; problematic_mhc_contacts=0; binder_sized_contacts=0; problematic=False; removed_duplicates=[]; merged=1of2_merged_cavities.pdb
[START] 8VR9
[MAPPED] 8VR9: contacts=6; possible_ligand_chains=1; problematic_mhc_contacts=0; binder_sized_contacts=0; problematic=False; removed_duplicates=[]; merged=8vr9_merged_cavities.pdb
[START] 8T6M
[MAPPED] 8T6M: contacts=6; possible_ligand_chains=1; problematic_mhc_contacts=0; binder_sized_contacts=0; problematic=False; removed_duplicates=[]; merged=8t6m_merged_cavities.pdb
[START] 7CIQ
[MAPPED] 7CIQ: contacts=19; possible_ligand_chains=1; problematic_mhc_contacts=0; binder_sized_contacts=0; problematic=False; removed_duplicates=[]; merged=7ciq_merged_cavities.pdb
[START] 5VGE
[MAPPED] 5VGE: contacts=8; possible_ligand_chains=1; problematic_mhc_contacts=0; binder_sized_contacts=0; problematic=False; removed_duplicates=[]; merged=5vge_merged_cavities.pdb
[START] 6UON
[MAPPED] 6UON: contacts=7; possible_ligand_chains=1; problematic_mhc_contacts=0; binder_sized_contacts=0; problematic=False; removed_duplicates=[]; merged=6uon_merged_cavities.pdb
[START] 8YJ2
[MAPPED] 8YJ2: contacts=18; possible_ligand_chains=1; problematic_mhc_contacts=0; binder_sized_contacts=0; problematic=False; removed_duplicates=[]; merged=8yj2_merged_cavities.pdb
[START] 5IB2
[MAPPED] 5IB2: contacts=23; possible_ligand_chains=1; problematic_mhc_contacts=0; binder_sized_contacts=0; problematic=False; removed_duplicates=[]; merged=5ib2_merged_cavities.pdb
[START] 3B6S
[MAPPED] 3B6S: contacts=21; possible_ligand_chains=1; problematic_mhc_contacts=0; binder_sized_contacts=0; problematic=False; removed_duplicates=[]; merged=3b6s_merged_cavities.pdb
[START] 1OGT
[MAPPED] 1OGT: contacts=22; possible_ligand_chains=1; problematic_mhc_contacts=0; binder_sized_contacts=0; problematic=False; removed_duplicates=[]; merged=1ogt_merged_cavities.pdb
[START] 7N2Q
[MAPPED] 7N2Q: contacts=12; possible_ligand_chains=1; problematic_mhc_contacts=0; binder_sized_contacts=0; problematic=False; removed_duplicates=[]; merged=7n2q_merged_cavities.pdb
[START] 6Y2A
[MAPPED] 6Y2A: contacts=29; possible_ligand_chains=1; problematic_mhc_contacts=0; binder_sized_contacts=0; problematic=False; removed_duplicates=[]; merged=6y2a_merged_cavities.pdb
[START] 8V50
[MAPPED] 8V50: contacts=12; possible_ligand_chains=1; problematic_mhc_contacts=0; binder_sized_contacts=0; problematic=False; removed_duplicates=[]; merged=8v50_merged_cavities.pdb
[START] 8GVI
[MAPPED] 8GVI: contacts=8; possible_ligand_chains=1; problematic_mhc_contacts=0; binder_sized_contacts=0; problematic=False; removed_duplicates=[]; merged=8gvi_merged_cavities.pdb
[START] 3CII
[MAPPED] 3CII: contacts=9; possible_ligand_chains=1; problematic_mhc_contacts=0; binder_sized_contacts=0; problematic=False; removed_duplicates=[]; merged=3cii_merged_cavities.pdb
[START] 7QPD
[MAPPED] 7QPD: contacts=1; possible_ligand_chains=0; problematic_mhc_contacts=0; binder_sized_contacts=0; problematic=False; removed_duplicates=[]; merged=7qpd_merged_cavities.pdb
[START] 4U1K
[MAPPED] 4U1K: contacts=17; possible_ligand_chains=1; problematic_mhc_contacts=0; binder_sized_contacts=0; problematic=False; removed_duplicates=[]; merged=4u1k_merged_cavities.pdb
[START] 1JGE
[MAPPED] 1JGE: contacts=24; possible_ligand_chains=1; problematic_mhc_contacts=0; binder_sized_contacts=0; problematic=False; removed_duplicates=[]; merged=1jge_merged_cavities.pdb
[START] 8ESA
[MAPPED] 8ESA: contacts=8; possible_ligand_chains=1; problematic_mhc_contacts=0; binder_sized_contacts=0; problematic=False; removed_duplicates=[]; merged=8esa_merged_cavities.pdb
[START] 8T7R
[MAPPED] 8T7R: contacts=9; possible_ligand_chains=1; problematic_mhc_contacts=0; binder_sized_contacts=0; problematic=False; removed_duplicates=['E', 'G']; merged=8t7r_merged_cavities.pdb
[START] 8T7R
[MAPPED] 8T7R: contacts=9; possible_ligand_chains=1; problematic_mhc_contacts=0; binder_sized_contacts=0; problematic=False; removed_duplicates=['E', 'G']; merged=8t7r_merged_cavities.pdb
[START] 5IB3
[MAPPED] 5IB3: contacts=19; possible_ligand_chains=1; problematic_mhc_contacts=0; binder_sized_contacts=0; problematic=False; removed_duplicates=[]; merged=5ib3_merged_cavities.pdb
[START] 1UXS
[MAPPED] 1UXS: contacts=18; possible_ligand_chains=1; problematic_mhc_contacts=0; binder_sized_contacts=0; problematic=False; removed_duplicates=[]; merged=1uxs_merged_cavities.pdb
[START] 2HLA
[MAPPED] 2HLA: contacts=0; possible_ligand_chains=0; problematic_mhc_contacts=0; binder_sized_contacts=0; problematic=False; removed_duplicates=[]; merged=2hla_merged_cavities.pdb
[START] 8EC5
[MAPPED] 8EC5: contacts=16; possible_ligand_chains=1; problematic_mhc_contacts=0; binder_sized_contacts=0; problematic=False; removed_duplicates=[]; merged=8ec5_merged_cavities.pdb
[START] 8VRB
[MAPPED] 8VRB: contacts=6; possible_ligand_chains=1; problematic_mhc_contacts=0; binder_sized_contacts=0; problematic=False; removed_duplicates=[]; merged=8vrb_merged_cavities.pdb
[START] 1QQD
[MAPPED] 1QQD: contacts=8; possible_ligand_chains=1; problematic_mhc_contacts=0; binder_sized_contacts=0; problematic=False; removed_duplicates=[]; merged=1qqd_merged_cavities.pdb
[START] 7DUU
[MAPPED] 7DUU: contacts=14; possible_ligand_chains=1; problematic_mhc_contacts=0; binder_sized_contacts=0; problematic=False; removed_duplicates=[]; merged=7duu_merged_cavities.pdb
[START] 1EFX
[MAPPED] 1EFX: contacts=18; possible_ligand_chains=1; problematic_mhc_contacts=0; binder_sized_contacts=0; problematic=False; removed_duplicates=[]; merged=1efx_merged_cavities.pdb
[START] 8TMU
[MAPPED] 8TMU: contacts=7; possible_ligand_chains=1; problematic_mhc_contacts=0; binder_sized_contacts=0; problematic=False; removed_duplicates=[]; merged=8tmu_merged_cavities.pdb
[START] 5XS3
[MAPPED] 5XS3: contacts=10; possible_ligand_chains=1; problematic_mhc_contacts=0; binder_sized_contacts=0; problematic=False; removed_duplicates=[]; merged=5xs3_merged_cavities.pdb
[START] 1IM9
[MAPPED] 1IM9: contacts=10; possible_ligand_chains=1; problematic_mhc_contacts=0; binder_sized_contacts=0; problematic=False; removed_duplicates=['E']; merged=1im9_merged_cavities.pdb
[START] 1IM9
[MAPPED] 1IM9: contacts=10; possible_ligand_chains=1; problematic_mhc_contacts=0; binder_sized_contacts=0; problematic=False; removed_duplicates=['E']; merged=1im9_merged_cavities.pdb
[START] 5E6I
[MAPPED] 5E6I: contacts=6; possible_ligand_chains=1; problematic_mhc_contacts=0; binder_sized_contacts=0; problematic=False; removed_duplicates=[]; merged=5e6i_merged_cavities.pdb
[START] 9C3E
[MAPPED] 9C3E: contacts=5; possible_ligand_chains=0; problematic_mhc_contacts=5; binder_sized_contacts=0; problematic=True; removed_duplicates=[]; merged=9c3e_merged_cavities.pdb
[START] 6PUI
[MAPPED] 6PUI: contacts=25; possible_ligand_chains=0; problematic_mhc_contacts=1; binder_sized_contacts=0; problematic=True; removed_duplicates=[]; merged=6pui_merged_cavities.pdb
[START] 5U1R
[MAPPED] 5U1R: contacts=5; possible_ligand_chains=0; problematic_mhc_contacts=1; binder_sized_contacts=0; problematic=True; removed_duplicates=[]; merged=5u1r_merged_cavities.pdb
[START] 5U72
[MAPPED] 5U72: contacts=4; possible_ligand_chains=0; problematic_mhc_contacts=0; binder_sized_contacts=0; problematic=False; removed_duplicates=[]; merged=5u72_merged_cavities.pdb
[START] 6PUL
[MAPPED] 6PUL: contacts=21; possible_ligand_chains=0; problematic_mhc_contacts=1; binder_sized_contacts=0; problematic=True; removed_duplicates=[]; merged=6pul_merged_cavities.pdb
[START] 5U16
[MAPPED] 5U16: contacts=21; possible_ligand_chains=0; problematic_mhc_contacts=1; binder_sized_contacts=0; problematic=True; removed_duplicates=[]; merged=5u16_merged_cavities.pdb
[START] 6PUD
[MAPPED] 6PUD: contacts=26; possible_ligand_chains=0; problematic_mhc_contacts=1; binder_sized_contacts=0; problematic=True; removed_duplicates=[]; merged=6pud_merged_cavities.pdb
[START] 6XQP
[MAPPED] 6XQP: contacts=10; possible_ligand_chains=0; problematic_mhc_contacts=1; binder_sized_contacts=0; problematic=True; removed_duplicates=[]; merged=6xqp_merged_cavities.pdb
[START] 7ZT8
[MAPPED] 7ZT8: contacts=9; possible_ligand_chains=0; problematic_mhc_contacts=1; binder_sized_contacts=0; problematic=True; removed_duplicates=[]; merged=7zt8_merged_cavities.pdb
[START] 9BTX
[MAPPED] 9BTX: contacts=10; possible_ligand_chains=0; problematic_mhc_contacts=1; binder_sized_contacts=0; problematic=True; removed_duplicates=[]; merged=9btx_merged_cavities.pdb
[START] 5U6Q
[MAPPED] 5U6Q: contacts=22; possible_ligand_chains=0; problematic_mhc_contacts=1; binder_sized_contacts=0; problematic=True; removed_duplicates=[]; merged=5u6q_merged_cavities.pdb
[START] 4NQD
[MAPPED] 4NQD: contacts=11; possible_ligand_chains=0; problematic_mhc_contacts=1; binder_sized_contacts=0; problematic=True; removed_duplicates=[]; merged=4nqd_merged_cavities.pdb
[START] 6PUM
[MAPPED] 6PUM: contacts=21; possible_ligand_chains=0; problematic_mhc_contacts=1; binder_sized_contacts=0; problematic=True; removed_duplicates=[]; merged=6pum_merged_cavities.pdb
[START] 4L4V
[MAPPED] 4L4V: contacts=15; possible_ligand_chains=0; problematic_mhc_contacts=1; binder_sized_contacts=0; problematic=True; removed_duplicates=[]; merged=4l4v_merged_cavities.pdb
[START] 6PUC
[MAPPED] 6PUC: contacts=24; possible_ligand_chains=0; problematic_mhc_contacts=1; binder_sized_contacts=0; problematic=True; removed_duplicates=[]; merged=6puc_merged_cavities.pdb
[START] 6PUJ
[MAPPED] 6PUJ: contacts=20; possible_ligand_chains=0; problematic_mhc_contacts=1; binder_sized_contacts=0; problematic=True; removed_duplicates=[]; merged=6puj_merged_cavities.pdb
[START] 6W9U
[MAPPED] 6W9U: contacts=19; possible_ligand_chains=0; problematic_mhc_contacts=1; binder_sized_contacts=0; problematic=True; removed_duplicates=[]; merged=6w9u_merged_cavities.pdb
[START] 6PUH
[MAPPED] 6PUH: contacts=28; possible_ligand_chains=0; problematic_mhc_contacts=1; binder_sized_contacts=0; problematic=True; removed_duplicates=[]; merged=6puh_merged_cavities.pdb
[START] 9CGR
[MAPPED] 9CGR: contacts=11; possible_ligand_chains=0; problematic_mhc_contacts=1; binder_sized_contacts=0; problematic=True; removed_duplicates=[]; merged=9cgr_merged_cavities.pdb
[START] 8Y6X
[RENAMED] 8Y6X: long_resnames=1
[MAPPED] 8Y6X: contacts=2; possible_ligand_chains=0; problematic_mhc_contacts=1; binder_sized_contacts=0; problematic=True; removed_duplicates=[]; merged=8y6x_merged_cavities.pdb
[START] 4PJF
[MAPPED] 4PJF: contacts=21; possible_ligand_chains=0; problematic_mhc_contacts=1; binder_sized_contacts=0; problematic=True; removed_duplicates=[]; merged=4pjf_merged_cavities.pdb
[START] 5D7I
[MAPPED] 5D7I: contacts=20; possible_ligand_chains=0; problematic_mhc_contacts=1; binder_sized_contacts=0; problematic=True; removed_duplicates=[]; merged=5d7i_merged_cavities.pdb
[START] 6PVD
[MAPPED] 6PVD: contacts=13; possible_ligand_chains=0; problematic_mhc_contacts=1; binder_sized_contacts=0; problematic=True; removed_duplicates=[]; merged=6pvd_merged_cavities.pdb
[START] 6PVC
[MAPPED] 6PVC: contacts=21; possible_ligand_chains=0; problematic_mhc_contacts=1; binder_sized_contacts=0; problematic=True; removed_duplicates=[]; merged=6pvc_merged_cavities.pdb
[START] 6PUF
[MAPPED] 6PUF: contacts=20; possible_ligand_chains=0; problematic_mhc_contacts=1; binder_sized_contacts=0; problematic=True; removed_duplicates=[]; merged=6puf_merged_cavities.pdb
[START] 4PJI
[MAPPED] 4PJI: contacts=10; possible_ligand_chains=0; problematic_mhc_contacts=1; binder_sized_contacts=0; problematic=True; removed_duplicates=[]; merged=4pji_merged_cavities.pdb
[START] 4NQE
[MAPPED] 4NQE: contacts=14; possible_ligand_chains=0; problematic_mhc_contacts=1; binder_sized_contacts=0; problematic=True; removed_duplicates=[]; merged=4nqe_merged_cavities.pdb
[START] 4NQC
[MAPPED] 4NQC: contacts=16; possible_ligand_chains=0; problematic_mhc_contacts=1; binder_sized_contacts=0; problematic=True; removed_duplicates=[]; merged=4nqc_merged_cavities.pdb
[START] 5U2V
[MAPPED] 5U2V: contacts=13; possible_ligand_chains=0; problematic_mhc_contacts=1; binder_sized_contacts=0; problematic=True; removed_duplicates=[]; merged=5u2v_merged_cavities.pdb
[START] 4PJ5
[MAPPED] 4PJ5: contacts=19; possible_ligand_chains=0; problematic_mhc_contacts=1; binder_sized_contacts=0; problematic=True; removed_duplicates=[]; merged=4pj5_merged_cavities.pdb
[START] 9BTY
[MAPPED] 9BTY: contacts=10; possible_ligand_chains=0; problematic_mhc_contacts=1; binder_sized_contacts=0; problematic=True; removed_duplicates=[]; merged=9bty_merged_cavities.pdb
[START] 6PUG
[MAPPED] 6PUG: contacts=26; possible_ligand_chains=0; problematic_mhc_contacts=1; binder_sized_contacts=0; problematic=True; removed_duplicates=[]; merged=6pug_merged_cavities.pdb
[START] 6PUE
[MAPPED] 6PUE: contacts=17; possible_ligand_chains=0; problematic_mhc_contacts=1; binder_sized_contacts=0; problematic=True; removed_duplicates=[]; merged=6pue_merged_cavities.pdb
[START] 5U17
[MAPPED] 5U17: contacts=19; possible_ligand_chains=0; problematic_mhc_contacts=1; binder_sized_contacts=0; problematic=True; removed_duplicates=[]; merged=5u17_merged_cavities.pdb
[START] 7ZT3
[MAPPED] 7ZT3: contacts=11; possible_ligand_chains=0; problematic_mhc_contacts=0; binder_sized_contacts=0; problematic=False; removed_duplicates=[]; merged=7zt3_merged_cavities.pdb
[START] 4PJE
[MAPPED] 4PJE: contacts=20; possible_ligand_chains=0; problematic_mhc_contacts=1; binder_sized_contacts=0; problematic=True; removed_duplicates=[]; merged=4pje_merged_cavities.pdb
[START] 4PJ8
[MAPPED] 4PJ8: contacts=3; possible_ligand_chains=0; problematic_mhc_contacts=1; binder_sized_contacts=0; problematic=True; removed_duplicates=[]; merged=4pj8_merged_cavities.pdb
[START] 5D7L
[MAPPED] 5D7L: contacts=1; possible_ligand_chains=0; problematic_mhc_contacts=1; binder_sized_contacts=0; problematic=True; removed_duplicates=[]; merged=5d7l_merged_cavities.pdb
[START] 6PUK
[MAPPED] 6PUK: contacts=15; possible_ligand_chains=0; problematic_mhc_contacts=1; binder_sized_contacts=0; problematic=True; removed_duplicates=[]; merged=6puk_merged_cavities.pdb
[START] 6W9V
[MAPPED] 6W9V: contacts=22; possible_ligand_chains=0; problematic_mhc_contacts=0; binder_sized_contacts=0; problematic=False; removed_duplicates=[]; merged=6w9v_merged_cavities.pdb
[START] 7ZT2
[MAPPED] 7ZT2: contacts=3; possible_ligand_chains=0; problematic_mhc_contacts=1; binder_sized_contacts=0; problematic=True; removed_duplicates=[]; merged=7zt2_merged_cavities.pdb
[START] 4PJ9
[MAPPED] 4PJ9: contacts=19; possible_ligand_chains=0; problematic_mhc_contacts=1; binder_sized_contacts=0; problematic=True; removed_duplicates=[]; merged=4pj9_merged_cavities.pdb
[START] 9BTZ
[MAPPED] 9BTZ: contacts=9; possible_ligand_chains=0; problematic_mhc_contacts=1; binder_sized_contacts=0; problematic=True; removed_duplicates=[]; merged=9btz_merged_cavities.pdb
[START] 4PJG
[MAPPED] 4PJG: contacts=17; possible_ligand_chains=0; problematic_mhc_contacts=1; binder_sized_contacts=0; problematic=True; removed_duplicates=[]; merged=4pjg_merged_cavities.pdb
[START] 4PJC
[MAPPED] 4PJC: contacts=17; possible_ligand_chains=0; problematic_mhc_contacts=1; binder_sized_contacts=0; problematic=True; removed_duplicates=[]; merged=4pjc_merged_cavities.pdb
[START] 7UFJ
[MAPPED] 7UFJ: contacts=6; possible_ligand_chains=0; problematic_mhc_contacts=1; binder_sized_contacts=0; problematic=True; removed_duplicates=[]; merged=7ufj_merged_cavities.pdb
[START] 5D7J
[MAPPED] 5D7J: contacts=22; possible_ligand_chains=0; problematic_mhc_contacts=1; binder_sized_contacts=0; problematic=True; removed_duplicates=[]; merged=5d7j_merged_cavities.pdb
[START] 4PJ7
[MAPPED] 4PJ7: contacts=13; possible_ligand_chains=0; problematic_mhc_contacts=1; binder_sized_contacts=0; problematic=True; removed_duplicates=[]; merged=4pj7_merged_cavities.pdb
[START] 9BU0
[MAPPED] 9BU0: contacts=9; possible_ligand_chains=0; problematic_mhc_contacts=1; binder_sized_contacts=0; problematic=True; removed_duplicates=[]; merged=9bu0_merged_cavities.pdb
[START] 4PJH
[MAPPED] 4PJH: contacts=27; possible_ligand_chains=0; problematic_mhc_contacts=1; binder_sized_contacts=0; problematic=True; removed_duplicates=[]; merged=4pjh_merged_cavities.pdb
[START] 5D5M
[MAPPED] 5D5M: contacts=12; possible_ligand_chains=0; problematic_mhc_contacts=1; binder_sized_contacts=0; problematic=True; removed_duplicates=[]; merged=5d5m_merged_cavities.pdb
[START] 8BP6
[MAPPED] 8BP6: contacts=2; possible_ligand_chains=0; problematic_mhc_contacts=1; binder_sized_contacts=0; problematic=True; removed_duplicates=[]; merged=8bp6_merged_cavities.pdb
[START] 7ZT5
[MAPPED] 7ZT5: contacts=8; possible_ligand_chains=0; problematic_mhc_contacts=1; binder_sized_contacts=0; problematic=True; removed_duplicates=[]; merged=7zt5_merged_cavities.pdb
[START] 4PJD
[MAPPED] 4PJD: contacts=12; possible_ligand_chains=0; problematic_mhc_contacts=1; binder_sized_contacts=0; problematic=True; removed_duplicates=[]; merged=4pjd_merged_cavities.pdb
[START] 7ZT7
[MAPPED] 7ZT7: contacts=15; possible_ligand_chains=0; problematic_mhc_contacts=1; binder_sized_contacts=0; problematic=True; removed_duplicates=[]; merged=7zt7_merged_cavities.pdb
[START] 4PJX
[MAPPED] 4PJX: contacts=20; possible_ligand_chains=0; problematic_mhc_contacts=1; binder_sized_contacts=0; problematic=True; removed_duplicates=[]; merged=4pjx_merged_cavities.pdb
[START] 7ZT4
[MAPPED] 7ZT4: contacts=19; possible_ligand_chains=0; problematic_mhc_contacts=1; binder_sized_contacts=0; problematic=True; removed_duplicates=[]; merged=7zt4_merged_cavities.pdb
[START] 4PJA
[MAPPED] 4PJA: contacts=19; possible_ligand_chains=0; problematic_mhc_contacts=1; binder_sized_contacts=0; problematic=True; removed_duplicates=[]; merged=4pja_merged_cavities.pdb
[START] 7LLI
[MAPPED] 7LLI: contacts=1; possible_ligand_chains=0; problematic_mhc_contacts=1; binder_sized_contacts=0; problematic=True; removed_duplicates=[]; merged=7lli_merged_cavities.pdb
[START] 4LCW
[MAPPED] 4LCW: contacts=7; possible_ligand_chains=0; problematic_mhc_contacts=1; binder_sized_contacts=0; problematic=True; removed_duplicates=[]; merged=4lcw_merged_cavities.pdb
[START] 4L4T
[MAPPED] 4L4T: contacts=20; possible_ligand_chains=0; problematic_mhc_contacts=1; binder_sized_contacts=0; problematic=True; removed_duplicates=[]; merged=4l4t_merged_cavities.pdb
[START] 7UMG
[MAPPED] 7UMG: contacts=8; possible_ligand_chains=0; problematic_mhc_contacts=1; binder_sized_contacts=0; problematic=True; removed_duplicates=[]; merged=7umg_merged_cavities.pdb
[START] 4GUP
[MAPPED] 4GUP: contacts=3; possible_ligand_chains=0; problematic_mhc_contacts=1; binder_sized_contacts=0; problematic=True; removed_duplicates=[]; merged=4gup_merged_cavities.pdb
[START] 7ZT9
[MAPPED] 7ZT9: contacts=7; possible_ligand_chains=0; problematic_mhc_contacts=1; binder_sized_contacts=0; problematic=True; removed_duplicates=[]; merged=7zt9_merged_cavities.pdb
[START] 4PJB
[MAPPED] 4PJB: contacts=13; possible_ligand_chains=0; problematic_mhc_contacts=1; binder_sized_contacts=0; problematic=True; removed_duplicates=[]; merged=4pjb_merged_cavities.pdb
[START] 7LLJ
[MAPPED] 7LLJ: contacts=1; possible_ligand_chains=0; problematic_mhc_contacts=1; binder_sized_contacts=0; problematic=True; removed_duplicates=[]; merged=7llj_merged_cavities.pdb
[START] 1T7X
[MAPPED] 1T7X: contacts=0; possible_ligand_chains=0; problematic_mhc_contacts=0; binder_sized_contacts=0; problematic=False; removed_duplicates=[]; merged=1t7x_merged_cavities.pdb
[START] 6MWR
[MAPPED] 6MWR: contacts=1; possible_ligand_chains=0; problematic_mhc_contacts=1; binder_sized_contacts=0; problematic=True; removed_duplicates=[]; merged=6mwr_merged_cavities.pdb
[START] 1T7Y
[MAPPED] 1T7Y: contacts=0; possible_ligand_chains=0; problematic_mhc_contacts=0; binder_sized_contacts=0; problematic=False; removed_duplicates=[]; merged=1t7y_merged_cavities.pdb
[START] 3ES6
[MAPPED] 3ES6: contacts=1; possible_ligand_chains=0; problematic_mhc_contacts=1; binder_sized_contacts=0; problematic=True; removed_duplicates=[]; merged=3es6_merged_cavities.pdb
[START] 1T7Z
[MAPPED] 1T7Z: contacts=0; possible_ligand_chains=0; problematic_mhc_contacts=0; binder_sized_contacts=0; problematic=False; removed_duplicates=[]; merged=1t7z_merged_cavities.pdb
[START] 1T80
[MAPPED] 1T80: contacts=17; possible_ligand_chains=0; problematic_mhc_contacts=0; binder_sized_contacts=0; problematic=False; removed_duplicates=[]; merged=1t80_merged_cavities.pdb
[START] 1DE4
[MAPPED] 1DE4: contacts=0; possible_ligand_chains=0; problematic_mhc_contacts=0; binder_sized_contacts=0; problematic=False; removed_duplicates=[]; merged=1de4_merged_cavities.pdb
[START] 1T7V
[MAPPED] 1T7V: contacts=17; possible_ligand_chains=0; problematic_mhc_contacts=1; binder_sized_contacts=0; problematic=True; removed_duplicates=[]; merged=1t7v_merged_cavities.pdb
[START] 1T7W
[MAPPED] 1T7W: contacts=0; possible_ligand_chains=0; problematic_mhc_contacts=0; binder_sized_contacts=0; problematic=False; removed_duplicates=[]; merged=1t7w_merged_cavities.pdb
[START] 6R2U
[MAPPED] 6R2U: contacts=1; possible_ligand_chains=0; problematic_mhc_contacts=0; binder_sized_contacts=0; problematic=False; removed_duplicates=[]; merged=6r2u_merged_cavities.pdb
[START] 1A6Z
[MAPPED] 1A6Z: contacts=0; possible_ligand_chains=0; problematic_mhc_contacts=0; binder_sized_contacts=0; problematic=False; removed_duplicates=[]; merged=1a6z_merged_cavities.pdb
[START] 1ZAG
[MAPPED] 1ZAG: contacts=1; possible_ligand_chains=0; problematic_mhc_contacts=0; binder_sized_contacts=0; problematic=False; removed_duplicates=[]; merged=1zag_merged_cavities.pdb
[START] 6NHA
[MAPPED] 6NHA: contacts=6; possible_ligand_chains=0; problematic_mhc_contacts=0; binder_sized_contacts=0; problematic=False; removed_duplicates=[]; merged=6nha_merged_cavities.pdb
[START] 6C98
[MAPPED] 6C98: contacts=6; possible_ligand_chains=0; problematic_mhc_contacts=0; binder_sized_contacts=0; problematic=False; removed_duplicates=[]; merged=6c98_merged_cavities.pdb
[START] 7Q15
[MAPPED] 7Q15: contacts=0; possible_ligand_chains=0; problematic_mhc_contacts=0; binder_sized_contacts=0; problematic=False; removed_duplicates=[]; merged=7q15_merged_cavities.pdb
[START] 6WNA
[MAPPED] 6WNA: contacts=6; possible_ligand_chains=0; problematic_mhc_contacts=0; binder_sized_contacts=0; problematic=False; removed_duplicates=[]; merged=6wna_merged_cavities.pdb
[START] 6C97
[MAPPED] 6C97: contacts=10; possible_ligand_chains=0; problematic_mhc_contacts=0; binder_sized_contacts=0; problematic=False; removed_duplicates=[]; merged=6c97_merged_cavities.pdb
[START] 6WOL
[MAPPED] 6WOL: contacts=2; possible_ligand_chains=0; problematic_mhc_contacts=0; binder_sized_contacts=0; problematic=False; removed_duplicates=[]; merged=6wol_merged_cavities.pdb
[START] 2WY3
[MAPPED] 2WY3: contacts=10; possible_ligand_chains=0; problematic_mhc_contacts=0; binder_sized_contacts=0; problematic=False; removed_duplicates=[]; merged=2wy3_merged_cavities.pdb
[START] 6QIO
[MAPPED] 6QIO: contacts=10; possible_ligand_chains=0; problematic_mhc_contacts=0; binder_sized_contacts=0; problematic=False; removed_duplicates=[]; merged=6qio_merged_cavities.pdb
[START] 5BJT
[MAPPED] 5BJT: contacts=0; possible_ligand_chains=0; problematic_mhc_contacts=0; binder_sized_contacts=0; problematic=False; removed_duplicates=[]; merged=5bjt_merged_cavities.pdb
[START] 6C99
[MAPPED] 6C99: contacts=6; possible_ligand_chains=0; problematic_mhc_contacts=0; binder_sized_contacts=0; problematic=False; removed_duplicates=[]; merged=6c99_merged_cavities.pdb
[START] 4N0F
[MAPPED] 4N0F: contacts=0; possible_ligand_chains=0; problematic_mhc_contacts=0; binder_sized_contacts=0; problematic=False; removed_duplicates=[]; merged=4n0f_merged_cavities.pdb
[START] 4N0U
[MAPPED] 4N0U: contacts=0; possible_ligand_chains=0; problematic_mhc_contacts=0; binder_sized_contacts=0; problematic=False; removed_duplicates=[]; merged=4n0u_merged_cavities.pdb
[START] 6FGB
[MAPPED] 6FGB: contacts=0; possible_ligand_chains=0; problematic_mhc_contacts=0; binder_sized_contacts=0; problematic=False; removed_duplicates=[]; merged=6fgb_merged_cavities.pdb
[START] 6LA6
[MAPPED] 6LA6: contacts=0; possible_ligand_chains=0; problematic_mhc_contacts=0; binder_sized_contacts=0; problematic=False; removed_duplicates=[]; merged=6la6_merged_cavities.pdb
[START] 6QIP
[MAPPED] 6QIP: contacts=0; possible_ligand_chains=0; problematic_mhc_contacts=0; binder_sized_contacts=0; problematic=False; removed_duplicates=[]; merged=6qip_merged_cavities.pdb
[START] 6ILM
[MAPPED] 6ILM: contacts=0; possible_ligand_chains=0; problematic_mhc_contacts=0; binder_sized_contacts=0; problematic=False; removed_duplicates=[]; merged=6ilm_merged_cavities.pdb
[START] 4WO4
[MAPPED] 4WO4: contacts=4; possible_ligand_chains=0; problematic_mhc_contacts=1; binder_sized_contacts=0; problematic=True; removed_duplicates=[]; merged=4wo4_merged_cavities.pdb
[START] 1JE6
[MAPPED] 1JE6: contacts=0; possible_ligand_chains=0; problematic_mhc_contacts=0; binder_sized_contacts=0; problematic=False; removed_duplicates=[]; merged=1je6_merged_cavities.pdb
[START] 8TM0
[MAPPED] 8TM0: contacts=0; possible_ligand_chains=0; problematic_mhc_contacts=0; binder_sized_contacts=0; problematic=False; removed_duplicates=[]; merged=8tm0_merged_cavities.pdb
[START] 5WHK
[MAPPED] 5WHK: contacts=5; possible_ligand_chains=0; problematic_mhc_contacts=0; binder_sized_contacts=0; problematic=False; removed_duplicates=[]; merged=5whk_merged_cavities.pdb
[START] 6V7Y
[MAPPED] 6V7Y: contacts=7; possible_ligand_chains=0; problematic_mhc_contacts=1; binder_sized_contacts=0; problematic=True; removed_duplicates=[]; merged=6v7y_merged_cavities.pdb
[START] 3M17
[MAPPED] 3M17: contacts=1; possible_ligand_chains=0; problematic_mhc_contacts=0; binder_sized_contacts=0; problematic=False; removed_duplicates=[]; merged=3m17_merged_cavities.pdb
[START] 8TM2
[MAPPED] 8TM2: contacts=1; possible_ligand_chains=0; problematic_mhc_contacts=0; binder_sized_contacts=0; problematic=False; removed_duplicates=[]; merged=8tm2_merged_cavities.pdb
[START] 5BXF
[MAPPED] 5BXF: contacts=0; possible_ligand_chains=0; problematic_mhc_contacts=0; binder_sized_contacts=0; problematic=False; removed_duplicates=[]; merged=5bxf_merged_cavities.pdb
[START] 8SOS
[MAPPED] 8SOS: contacts=13; possible_ligand_chains=0; problematic_mhc_contacts=1; binder_sized_contacts=0; problematic=True; removed_duplicates=['B']; merged=8sos_merged_cavities.pdb
[START] 4K71
[MAPPED] 4K71: contacts=3; possible_ligand_chains=0; problematic_mhc_contacts=0; binder_sized_contacts=0; problematic=False; removed_duplicates=[]; merged=4k71_merged_cavities.pdb
[START] 3SDX
[MAPPED] 3SDX: contacts=4; possible_ligand_chains=0; problematic_mhc_contacts=1; binder_sized_contacts=0; problematic=True; removed_duplicates=[]; merged=3sdx_merged_cavities.pdb
[START] 1ONQ
[MAPPED] 1ONQ: contacts=6; possible_ligand_chains=0; problematic_mhc_contacts=1; binder_sized_contacts=0; problematic=True; removed_duplicates=[]; merged=1onq_merged_cavities.pdb
[START] 1EXU
[MAPPED] 1EXU: contacts=2; possible_ligand_chains=0; problematic_mhc_contacts=0; binder_sized_contacts=0; problematic=False; removed_duplicates=[]; merged=1exu_merged_cavities.pdb
[START] 6LA7
[MAPPED] 6LA7: contacts=0; possible_ligand_chains=0; problematic_mhc_contacts=0; binder_sized_contacts=0; problematic=False; removed_duplicates=[]; merged=6la7_merged_cavities.pdb
[START] 7MXF
[MAPPED] 7MXF: contacts=3; possible_ligand_chains=0; problematic_mhc_contacts=2; binder_sized_contacts=0; problematic=True; removed_duplicates=[]; merged=7mxf_merged_cavities.pdb
[START] 8TLZ
[MAPPED] 8TLZ: contacts=2; possible_ligand_chains=0; problematic_mhc_contacts=0; binder_sized_contacts=0; problematic=False; removed_duplicates=[]; merged=8tlz_merged_cavities.pdb
[START] 3M1B
[MAPPED] 3M1B: contacts=0; possible_ligand_chains=0; problematic_mhc_contacts=0; binder_sized_contacts=0; problematic=False; removed_duplicates=[]; merged=3m1b_merged_cavities.pdb
[START] 7MX4
[MAPPED] 7MX4: contacts=3; possible_ligand_chains=0; problematic_mhc_contacts=2; binder_sized_contacts=0; problematic=True; removed_duplicates=[]; merged=7mx4_merged_cavities.pdb
[START] 7C9V
[MAPPED] 7C9V: contacts=0; possible_ligand_chains=0; problematic_mhc_contacts=0; binder_sized_contacts=0; problematic=False; removed_duplicates=[]; merged=7c9v_merged_cavities.pdb
[START] 1KCG
[MAPPED] 1KCG: contacts=0; possible_ligand_chains=0; problematic_mhc_contacts=0; binder_sized_contacts=0; problematic=False; removed_duplicates=[]; merged=1kcg_merged_cavities.pdb
[START] 4S0U
[MAPPED] 4S0U: contacts=0; possible_ligand_chains=0; problematic_mhc_contacts=0; binder_sized_contacts=0; problematic=False; removed_duplicates=[]; merged=4s0u_merged_cavities.pdb
[START] 1B3J
[MAPPED] 1B3J: contacts=2; possible_ligand_chains=0; problematic_mhc_contacts=0; binder_sized_contacts=0; problematic=False; removed_duplicates=[]; merged=1b3j_merged_cavities.pdb
[START] 3U0P
[MAPPED] 3U0P: contacts=7; possible_ligand_chains=0; problematic_mhc_contacts=1; binder_sized_contacts=0; problematic=True; removed_duplicates=[]; merged=3u0p_merged_cavities.pdb
[START] 1XZ0
[MAPPED] 1XZ0: contacts=1; possible_ligand_chains=0; problematic_mhc_contacts=1; binder_sized_contacts=0; problematic=True; removed_duplicates=[]; merged=1xz0_merged_cavities.pdb
[START] 4WW2
[MAPPED] 4WW2: contacts=2; possible_ligand_chains=0; problematic_mhc_contacts=1; binder_sized_contacts=0; problematic=True; removed_duplicates=[]; merged=4ww2_merged_cavities.pdb
[START] 6V7Z
[MAPPED] 6V7Z: contacts=4; possible_ligand_chains=0; problematic_mhc_contacts=1; binder_sized_contacts=0; problematic=True; removed_duplicates=[]; merged=6v7z_merged_cavities.pdb
[START] 8DV4
[MAPPED] 8DV4: contacts=1; possible_ligand_chains=0; problematic_mhc_contacts=1; binder_sized_contacts=0; problematic=True; removed_duplicates=[]; merged=8dv4_merged_cavities.pdb
[START] 4LHU
[MAPPED] 4LHU: contacts=2; possible_ligand_chains=0; problematic_mhc_contacts=1; binder_sized_contacts=0; problematic=True; removed_duplicates=[]; merged=4lhu_merged_cavities.pdb
[START] 8SGM
[RENAMED] 8SGM: long_resnames=1
[MAPPED] 8SGM: contacts=2; possible_ligand_chains=0; problematic_mhc_contacts=1; binder_sized_contacts=0; problematic=True; removed_duplicates=[]; merged=8sgm_merged_cavities.pdb
[START] 3HUJ
[MAPPED] 3HUJ: contacts=7; possible_ligand_chains=0; problematic_mhc_contacts=1; binder_sized_contacts=0; problematic=True; removed_duplicates=[]; merged=3huj_merged_cavities.pdb
[START] 6SNY
[MAPPED] 6SNY: contacts=3; possible_ligand_chains=0; problematic_mhc_contacts=1; binder_sized_contacts=0; problematic=True; removed_duplicates=[]; merged=6sny_merged_cavities.pdb
[START] 8DV3
[MAPPED] 8DV3: contacts=3; possible_ligand_chains=0; problematic_mhc_contacts=2; binder_sized_contacts=0; problematic=True; removed_duplicates=[]; merged=8dv3_merged_cavities.pdb
[START] 8SOS
[MAPPED] 8SOS: contacts=13; possible_ligand_chains=0; problematic_mhc_contacts=1; binder_sized_contacts=0; problematic=True; removed_duplicates=['B']; merged=8sos_merged_cavities.pdb
[START] 3D2U
[MAPPED] 3D2U: contacts=9; possible_ligand_chains=1; problematic_mhc_contacts=0; binder_sized_contacts=0; problematic=False; removed_duplicates=[]; merged=3d2u_merged_cavities.pdb
[START] 3VWK
[MAPPED] 3VWK: contacts=3; possible_ligand_chains=0; problematic_mhc_contacts=1; binder_sized_contacts=0; problematic=True; removed_duplicates=[]; merged=3vwk_merged_cavities.pdb
[START] 7RYO
[MAPPED] 7RYO: contacts=1; possible_ligand_chains=0; problematic_mhc_contacts=1; binder_sized_contacts=0; problematic=True; removed_duplicates=[]; merged=7ryo_merged_cavities.pdb
[START] 3TZV
[MAPPED] 3TZV: contacts=5; possible_ligand_chains=0; problematic_mhc_contacts=1; binder_sized_contacts=0; problematic=True; removed_duplicates=[]; merged=3tzv_merged_cavities.pdb
[START] 1L8J
[MAPPED] 1L8J: contacts=11; possible_ligand_chains=0; problematic_mhc_contacts=1; binder_sized_contacts=0; problematic=True; removed_duplicates=[]; merged=1l8j_merged_cavities.pdb
[START] 7FI9
[MAPPED] 7FI9: contacts=1; possible_ligand_chains=0; problematic_mhc_contacts=0; binder_sized_contacts=0; problematic=False; removed_duplicates=[]; merged=7fi9_merged_cavities.pdb
[START] 7RYN
[MAPPED] 7RYN: contacts=1; possible_ligand_chains=0; problematic_mhc_contacts=1; binder_sized_contacts=0; problematic=True; removed_duplicates=[]; merged=7ryn_merged_cavities.pdb
[START] 8GLE
[MAPPED] 8GLE: contacts=12; possible_ligand_chains=0; problematic_mhc_contacts=2; binder_sized_contacts=0; problematic=True; removed_duplicates=[]; merged=8gle_merged_cavities.pdb
[START] 4MNG
[MAPPED] 4MNG: contacts=1; possible_ligand_chains=0; problematic_mhc_contacts=1; binder_sized_contacts=0; problematic=True; removed_duplicates=[]; merged=4mng_merged_cavities.pdb
[START] 7MXH
[MAPPED] 7MXH: contacts=3; possible_ligand_chains=0; problematic_mhc_contacts=2; binder_sized_contacts=0; problematic=True; removed_duplicates=[]; merged=7mxh_merged_cavities.pdb
[START] 7FI6
[MAPPED] 7FI6: contacts=0; possible_ligand_chains=0; problematic_mhc_contacts=0; binder_sized_contacts=0; problematic=False; removed_duplicates=[]; merged=7fi6_merged_cavities.pdb
[START] 8GLF
[MAPPED] 8GLF: contacts=7; possible_ligand_chains=0; problematic_mhc_contacts=2; binder_sized_contacts=0; problematic=True; removed_duplicates=[]; merged=8glf_merged_cavities.pdb
[START] 5L2J
[MAPPED] 5L2J: contacts=2; possible_ligand_chains=0; problematic_mhc_contacts=2; binder_sized_contacts=0; problematic=True; removed_duplicates=[]; merged=5l2j_merged_cavities.pdb
[START] 4EN3
[MAPPED] 4EN3: contacts=6; possible_ligand_chains=0; problematic_mhc_contacts=1; binder_sized_contacts=0; problematic=True; removed_duplicates=[]; merged=4en3_merged_cavities.pdb
[START] 7KP1
[MAPPED] 7KP1: contacts=3; possible_ligand_chains=0; problematic_mhc_contacts=1; binder_sized_contacts=0; problematic=True; removed_duplicates=[]; merged=7kp1_merged_cavities.pdb
[START] 7OKS
[MAPPED] 7OKS: contacts=7; possible_ligand_chains=0; problematic_mhc_contacts=1; binder_sized_contacts=0; problematic=True; removed_duplicates=[]; merged=7oks_merged_cavities.pdb
[START] 8SGB
[MAPPED] 8SGB: contacts=1; possible_ligand_chains=0; problematic_mhc_contacts=1; binder_sized_contacts=0; problematic=True; removed_duplicates=[]; merged=8sgb_merged_cavities.pdb
[START] 6NUX
[MAPPED] 6NUX: contacts=2; possible_ligand_chains=0; problematic_mhc_contacts=1; binder_sized_contacts=0; problematic=True; removed_duplicates=[]; merged=6nux_merged_cavities.pdb
[START] 1GZP
[MAPPED] 1GZP: contacts=3; possible_ligand_chains=0; problematic_mhc_contacts=1; binder_sized_contacts=0; problematic=True; removed_duplicates=[]; merged=1gzp_merged_cavities.pdb
[START] 1HYR
[MAPPED] 1HYR: contacts=5; possible_ligand_chains=0; problematic_mhc_contacts=0; binder_sized_contacts=0; problematic=False; removed_duplicates=[]; merged=1hyr_merged_cavities.pdb
[START] 8GLH
[MAPPED] 8GLH: contacts=2; possible_ligand_chains=0; problematic_mhc_contacts=2; binder_sized_contacts=0; problematic=True; removed_duplicates=[]; merged=8glh_merged_cavities.pdb
[START] 7FI5
[MAPPED] 7FI5: contacts=0; possible_ligand_chains=0; problematic_mhc_contacts=0; binder_sized_contacts=0; problematic=False; removed_duplicates=[]; merged=7fi5_merged_cavities.pdb
[START] 7KP0
[MAPPED] 7KP0: contacts=2; possible_ligand_chains=0; problematic_mhc_contacts=1; binder_sized_contacts=0; problematic=True; removed_duplicates=[]; merged=7kp0_merged_cavities.pdb
[START] 5C9J
[MAPPED] 5C9J: contacts=3; possible_ligand_chains=0; problematic_mhc_contacts=3; binder_sized_contacts=0; problematic=True; removed_duplicates=[]; merged=5c9j_merged_cavities.pdb
[START] 4X6D
[MAPPED] 4X6D: contacts=1; possible_ligand_chains=0; problematic_mhc_contacts=1; binder_sized_contacts=0; problematic=True; removed_duplicates=[]; merged=4x6d_merged_cavities.pdb
[START] 4V3E
[MAPPED] 4V3E: contacts=2; possible_ligand_chains=0; problematic_mhc_contacts=1; binder_sized_contacts=0; problematic=True; removed_duplicates=[]; merged=4v3e_merged_cavities.pdb
[START] 5WL1
[MAPPED] 5WL1: contacts=3; possible_ligand_chains=0; problematic_mhc_contacts=2; binder_sized_contacts=0; problematic=True; removed_duplicates=[]; merged=5wl1_merged_cavities.pdb
[START] 3OV6
[MAPPED] 3OV6: contacts=2; possible_ligand_chains=0; problematic_mhc_contacts=1; binder_sized_contacts=0; problematic=True; removed_duplicates=[]; merged=3ov6_merged_cavities.pdb
[START] 7OKU
[MAPPED] 7OKU: contacts=5; possible_ligand_chains=0; problematic_mhc_contacts=1; binder_sized_contacts=0; problematic=True; removed_duplicates=[]; merged=7oku_merged_cavities.pdb
[START] 7RYM
[MAPPED] 7RYM: contacts=0; possible_ligand_chains=0; problematic_mhc_contacts=0; binder_sized_contacts=0; problematic=False; removed_duplicates=[]; merged=7rym_merged_cavities.pdb
[START] 8GLI
[MAPPED] 8GLI: contacts=1; possible_ligand_chains=0; problematic_mhc_contacts=1; binder_sized_contacts=0; problematic=True; removed_duplicates=[]; merged=8gli_merged_cavities.pdb
[START] 3T8X
[MAPPED] 3T8X: contacts=3; possible_ligand_chains=0; problematic_mhc_contacts=2; binder_sized_contacts=0; problematic=True; removed_duplicates=[]; merged=3t8x_merged_cavities.pdb
[START] 6D64
[MAPPED] 6D64: contacts=2; possible_ligand_chains=0; problematic_mhc_contacts=2; binder_sized_contacts=0; problematic=True; removed_duplicates=[]; merged=6d64_merged_cavities.pdb
[START] 7SH4
[MAPPED] 7SH4: contacts=2; possible_ligand_chains=0; problematic_mhc_contacts=1; binder_sized_contacts=0; problematic=True; removed_duplicates=[]; merged=7sh4_merged_cavities.pdb
[START] 4V3D
[MAPPED] 4V3D: contacts=3; possible_ligand_chains=0; problematic_mhc_contacts=1; binder_sized_contacts=0; problematic=True; removed_duplicates=[]; merged=4v3d_merged_cavities.pdb
[START] 6C09
[MAPPED] 6C09: contacts=3; possible_ligand_chains=0; problematic_mhc_contacts=1; binder_sized_contacts=0; problematic=True; removed_duplicates=[]; merged=6c09_merged_cavities.pdb
[START] 8GLG
[MAPPED] 8GLG: contacts=2; possible_ligand_chains=0; problematic_mhc_contacts=2; binder_sized_contacts=0; problematic=True; removed_duplicates=[]; merged=8glg_merged_cavities.pdb
[START] 2PO6
[MAPPED] 2PO6: contacts=3; possible_ligand_chains=0; problematic_mhc_contacts=0; binder_sized_contacts=1; problematic=True; removed_duplicates=[]; merged=2po6_merged_cavities.pdb
[START] 4X6E
[MAPPED] 4X6E: contacts=2; possible_ligand_chains=0; problematic_mhc_contacts=1; binder_sized_contacts=0; problematic=True; removed_duplicates=[]; merged=4x6e_merged_cavities.pdb
[START] 7OKV
[MAPPED] 7OKV: contacts=5; possible_ligand_chains=0; problematic_mhc_contacts=1; binder_sized_contacts=0; problematic=True; removed_duplicates=[]; merged=7okv_merged_cavities.pdb
[START] 4ONO
[MAPPED] 4ONO: contacts=1; possible_ligand_chains=0; problematic_mhc_contacts=1; binder_sized_contacts=0; problematic=True; removed_duplicates=[]; merged=4ono_merged_cavities.pdb
[START] 7FI7
[MAPPED] 7FI7: contacts=0; possible_ligand_chains=0; problematic_mhc_contacts=0; binder_sized_contacts=0; problematic=False; removed_duplicates=[]; merged=7fi7_merged_cavities.pdb
[START] 6CUG
[MAPPED] 6CUG: contacts=5; possible_ligand_chains=0; problematic_mhc_contacts=1; binder_sized_contacts=1; problematic=True; removed_duplicates=[]; merged=6cug_merged_cavities.pdb
[START] 1GZQ
[MAPPED] 1GZQ: contacts=3; possible_ligand_chains=0; problematic_mhc_contacts=1; binder_sized_contacts=0; problematic=True; removed_duplicates=[]; merged=1gzq_merged_cavities.pdb
[START] 7Q5D
[MAPPED] 7Q5D: contacts=9; possible_ligand_chains=0; problematic_mhc_contacts=1; binder_sized_contacts=0; problematic=True; removed_duplicates=[]; merged=7q5d_merged_cavities.pdb
[START] 2H26
[MAPPED] 2H26: contacts=2; possible_ligand_chains=0; problematic_mhc_contacts=2; binder_sized_contacts=0; problematic=True; removed_duplicates=[]; merged=2h26_merged_cavities.pdb
[START] 4WWK
[MAPPED] 4WWK: contacts=1; possible_ligand_chains=0; problematic_mhc_contacts=1; binder_sized_contacts=0; problematic=True; removed_duplicates=[]; merged=4wwk_merged_cavities.pdb
[START] 5L2K
[MAPPED] 5L2K: contacts=2; possible_ligand_chains=0; problematic_mhc_contacts=1; binder_sized_contacts=1; problematic=True; removed_duplicates=[]; merged=5l2k_merged_cavities.pdb
[START] 7OKT
[MAPPED] 7OKT: contacts=6; possible_ligand_chains=0; problematic_mhc_contacts=1; binder_sized_contacts=0; problematic=True; removed_duplicates=[]; merged=7okt_merged_cavities.pdb
[START] 3VWJ
[MAPPED] 3VWJ: contacts=3; possible_ligand_chains=0; problematic_mhc_contacts=1; binder_sized_contacts=0; problematic=True; removed_duplicates=[]; merged=3vwj_merged_cavities.pdb
[START] 5J1A
[MAPPED] 5J1A: contacts=3; possible_ligand_chains=0; problematic_mhc_contacts=1; binder_sized_contacts=0; problematic=True; removed_duplicates=[]; merged=5j1a_merged_cavities.pdb
[START] 5WKE
[MAPPED] 5WKE: contacts=2; possible_ligand_chains=0; problematic_mhc_contacts=2; binder_sized_contacts=0; problematic=True; removed_duplicates=[]; merged=5wke_merged_cavities.pdb
[START] 5WKG
[MAPPED] 5WKG: contacts=2; possible_ligand_chains=0; problematic_mhc_contacts=2; binder_sized_contacts=0; problematic=True; removed_duplicates=[]; merged=5wkg_merged_cavities.pdb
[START] 1ZT4
[MAPPED] 1ZT4: contacts=1; possible_ligand_chains=0; problematic_mhc_contacts=1; binder_sized_contacts=0; problematic=True; removed_duplicates=[]; merged=1zt4_merged_cavities.pdb
[START] 6V80
[MAPPED] 6V80: contacts=4; possible_ligand_chains=0; problematic_mhc_contacts=1; binder_sized_contacts=0; problematic=True; removed_duplicates=[]; merged=6v80_merged_cavities.pdb
[START] 4MQ7
[MAPPED] 4MQ7: contacts=3; possible_ligand_chains=0; problematic_mhc_contacts=1; binder_sized_contacts=0; problematic=True; removed_duplicates=[]; merged=4mq7_merged_cavities.pdb
[START] 7FI8
[MAPPED] 7FI8: contacts=0; possible_ligand_chains=0; problematic_mhc_contacts=0; binder_sized_contacts=0; problematic=False; removed_duplicates=[]; merged=7fi8_merged_cavities.pdb
[START] 5WKI
[MAPPED] 5WKI: contacts=3; possible_ligand_chains=0; problematic_mhc_contacts=1; binder_sized_contacts=1; problematic=True; removed_duplicates=[]; merged=5wki_merged_cavities.pdb
[START] 8ZOX
[RENAMED] 8ZOX: long_resnames=1
[MAPPED] 8ZOX: contacts=3; possible_ligand_chains=0; problematic_mhc_contacts=1; binder_sized_contacts=1; problematic=True; removed_duplicates=[]; merged=8zox_merged_cavities.pdb
[START] 7KOZ
[MAPPED] 7KOZ: contacts=3; possible_ligand_chains=0; problematic_mhc_contacts=1; binder_sized_contacts=0; problematic=True; removed_duplicates=[]; merged=7koz_merged_cavities.pdb
[START] 8C44
[MAPPED] 8C44: contacts=3; possible_ligand_chains=0; problematic_mhc_contacts=1; binder_sized_contacts=0; problematic=True; removed_duplicates=[]; merged=8c44_merged_cavities.pdb
[START] 1UQS
[MAPPED] 1UQS: contacts=1; possible_ligand_chains=0; problematic_mhc_contacts=1; binder_sized_contacts=0; problematic=True; removed_duplicates=[]; merged=1uqs_merged_cavities.pdb
[START] 4X6F
[MAPPED] 4X6F: contacts=3; possible_ligand_chains=0; problematic_mhc_contacts=1; binder_sized_contacts=0; problematic=True; removed_duplicates=[]; merged=4x6f_merged_cavities.pdb
[START] 4X6C
[MAPPED] 4X6C: contacts=1; possible_ligand_chains=0; problematic_mhc_contacts=1; binder_sized_contacts=0; problematic=True; removed_duplicates=[]; merged=4x6c_merged_cavities.pdb
[START] 4FFE
[MAPPED] 4FFE: contacts=0; possible_ligand_chains=0; problematic_mhc_contacts=0; binder_sized_contacts=0; problematic=False; removed_duplicates=[]; merged=4ffe_merged_cavities.pdb
[START] 6C15
[MAPPED] 6C15: contacts=2; possible_ligand_chains=0; problematic_mhc_contacts=1; binder_sized_contacts=0; problematic=True; removed_duplicates=[]; merged=6c15_merged_cavities.pdb
[START] 7XXA
[MAPPED] 7XXA: contacts=0; possible_ligand_chains=0; problematic_mhc_contacts=0; binder_sized_contacts=0; problematic=False; removed_duplicates=[]; merged=7xxa_merged_cavities.pdb
[START] 3S6C
[MAPPED] 3S6C: contacts=0; possible_ligand_chains=0; problematic_mhc_contacts=0; binder_sized_contacts=0; problematic=False; removed_duplicates=[]; merged=3s6c_merged_cavities.pdb
[START] 4PDC
[MAPPED] 4PDC: contacts=3; possible_ligand_chains=0; problematic_mhc_contacts=0; binder_sized_contacts=0; problematic=False; removed_duplicates=[]; merged=4pdc_merged_cavities.pdb
[START] 3IT8
[MAPPED] 3IT8: contacts=1; possible_ligand_chains=0; problematic_mhc_contacts=0; binder_sized_contacts=0; problematic=False; removed_duplicates=[]; merged=3it8_merged_cavities.pdb

[SUMMARY] STEP6
[SUMMARY] processed=1173
[SUMMARY] missing_or_failed=0
[OUT] /mnt/c/Users/gio/Documents/foldseek_nefertari/filter/ligands_pipeline/step6_fix/pdb/1_merged_cavities
[OUT] /mnt/c/Users/gio/Documents/foldseek_nefertari/filter/ligands_pipeline/step6_fix/pdb/summaries
