[CONFIG] STEP6.1
STEP1_CSV:             /mnt/c/Users/gio/Documents/foldseek_nefertari/filter/ligands_pipeline/step1/pdb/pdb_assemblies.csv | exists=True
STEP5_REMAP_CSV:       /mnt/c/Users/gio/Documents/foldseek_nefertari/filter/ligands_pipeline/step5/pdb/pdb_assemblies_remapped.csv | exists=True
STEP5_CHAIN_MAP_CSV:   /mnt/c/Users/gio/Documents/foldseek_nefertari/filter/ligands_pipeline/step5/pdb/chain_map.csv | exists=True
STEP5_PDB_DIR:         /mnt/c/Users/gio/Documents/foldseek_nefertari/filter/ligands_pipeline/step5/pdb/1_mhc_configured | exists=True
ORIGINAL_LIST_CSV:     /mnt/c/Users/gio/Documents/foldseek_nefertari/filter/ligands_pipeline/step6_fix/pdb/summaries/problematic_list.csv | exists=True
ORIGINAL_CONTACTS_CSV: /mnt/c/Users/gio/Documents/foldseek_nefertari/filter/ligands_pipeline/step6_fix/pdb/summaries/problematic_mhc_contacts.csv | exists=True
ORIGINAL_BINDER_CSV:   /mnt/c/Users/gio/Documents/foldseek_nefertari/filter/ligands_pipeline/step6_fix/pdb/summaries/problematic_binder_contacts.csv | exists=True
MANUAL_LIGANDS_CSV:    /mnt/c/Users/gio/Documents/foldseek_nefertari/filter/ligands_pipeline/step6_fix/pdb/summaries/manual_problematic_ligands.csv | exists=True
POSSIBLE_LIGANDS_CSV:  /mnt/c/Users/gio/Documents/foldseek_nefertari/filter/ligands_pipeline/step6_fix/pdb/summaries/possible_ligands.csv | exists=True
Output dir:            /mnt/c/Users/gio/Documents/foldseek_nefertari/filter/ligands_pipeline/step6_fix/pdb/2_trimmed_mhc

[INIT] problematic_list_current.csv
[INIT] problematic_mhc_contacts_current.csv
[INIT] problematic_binder_contacts_current.csv
[CSV] remapped=      1173
[CSV] duplicate_pdbs= 9
[CSV] problematic=   165
[CSV] mhc_contacts=  164
[CSV] binder_auto=   5
[CSV] manual_rows=   22

[START] STEP6.1
[SAVED] 8RLV: non-problematic trimmed; trimmed_removed=134; output=8rlv_trimmed_mhc.pdb
[SAVED] 3X11: non-problematic trimmed; trimmed_removed=276; output=3x11_trimmed_mhc.pdb
[SAVED] 1QSE: non-problematic trimmed; trimmed_removed=94; output=1qse_trimmed_mhc.pdb
[SAVED] 3BZF: non-problematic trimmed; trimmed_removed=179; output=3bzf_trimmed_mhc.pdb
[SAVED] 7P49: non-problematic trimmed; trimmed_removed=231; output=7p49_trimmed_mhc.pdb
[SAVED] 1BD2: non-problematic trimmed; trimmed_removed=104; output=1bd2_trimmed_mhc.pdb
[SAVED] 7LFZ: non-problematic trimmed; trimmed_removed=328; output=7lfz_trimmed_mhc.pdb
[SAVED] 5JZI: non-problematic trimmed; trimmed_removed=94; output=5jzi_trimmed_mhc.pdb
[SAVED] 7NDT: non-problematic trimmed; trimmed_removed=94; output=7ndt_trimmed_mhc.pdb
[DUPLICATES] 7BH8: removed_chains=['C']
[SAVED] 7BH8: non-problematic trimmed; trimmed_removed=351; output=7bh8_trimmed_mhc.pdb
[SAVED] 3X12: non-problematic trimmed; trimmed_removed=310; output=3x12_trimmed_mhc.pdb
[SAVED] 6J1W: non-problematic trimmed; trimmed_removed=430; output=6j1w_trimmed_mhc.pdb
[SAVED] 7EJL: non-problematic trimmed; trimmed_removed=330; output=7ejl_trimmed_mhc.pdb
[SAVED] 3VXU: non-problematic trimmed; trimmed_removed=94; output=3vxu_trimmed_mhc.pdb
[SAVED] 7TUD: non-problematic trimmed; trimmed_removed=522; output=7tud_trimmed_mhc.pdb
[SAVED] 1P7Q: non-problematic trimmed; trimmed_removed=96; output=1p7q_trimmed_mhc.pdb
[SAVED] 5EO1: non-problematic trimmed; trimmed_removed=434; output=5eo1_trimmed_mhc.pdb
[SAVED] 6P27: non-problematic trimmed; trimmed_removed=277; output=6p27_trimmed_mhc.pdb
[SAVED] 3GSN: non-problematic trimmed; trimmed_removed=99; output=3gsn_trimmed_mhc.pdb
[SAVED] 1T22: non-problematic trimmed; trimmed_removed=345; output=1t22_trimmed_mhc.pdb
[SAVED] 2D31: non-problematic trimmed; trimmed_removed=89; output=2d31_trimmed_mhc.pdb
[SAVED] 1T1Y: non-problematic trimmed; trimmed_removed=401; output=1t1y_trimmed_mhc.pdb
[SAVED] 3FQU: non-problematic trimmed; trimmed_removed=397; output=3fqu_trimmed_mhc.pdb
[SAVED] 7OW6: non-problematic trimmed; trimmed_removed=105; output=7ow6_trimmed_mhc.pdb
[SAVED] 7UM2: non-problematic trimmed; trimmed_removed=303; output=7um2_trimmed_mhc.pdb
[SAVED] 8ZV9: non-problematic trimmed; trimmed_removed=230; output=8zv9_trimmed_mhc.pdb
[SAVED] 5VVP: non-problematic trimmed; trimmed_removed=499; output=5vvp_trimmed_mhc.pdb
[SAVED] 6ZKW: non-problematic trimmed; trimmed_removed=123; output=6zkw_trimmed_mhc.pdb
[SAVED] 7LG0: non-problematic trimmed; trimmed_removed=205; output=7lg0_trimmed_mhc.pdb
[SAVED] 1HHK: non-problematic trimmed; trimmed_removed=95; output=1hhk_trimmed_mhc.pdb
[SAVED] 5XOV: non-problematic trimmed; trimmed_removed=141; output=5xov_trimmed_mhc.pdb
[SAVED] 1T1Z: non-problematic trimmed; trimmed_removed=420; output=1t1z_trimmed_mhc.pdb
[SAVED] 7ZUC: non-problematic trimmed; trimmed_removed=208; output=7zuc_trimmed_mhc.pdb
[SAVED] 7SIS: non-problematic trimmed; trimmed_removed=339; output=7sis_trimmed_mhc.pdb
[SAVED] 5TXS: non-problematic trimmed; trimmed_removed=495; output=5txs_trimmed_mhc.pdb
[SAVED] 5VWD: non-problematic trimmed; trimmed_removed=576; output=5vwd_trimmed_mhc.pdb
[SAVED] 6Z9W: non-problematic trimmed; trimmed_removed=128; output=6z9w_trimmed_mhc.pdb
[SAVED] 5WWU: non-problematic trimmed; trimmed_removed=94; output=5wwu_trimmed_mhc.pdb
[SAVED] 8YE4: non-problematic trimmed; trimmed_removed=100; output=8ye4_trimmed_mhc.pdb
[SAVED] 7NME: non-problematic trimmed; trimmed_removed=177; output=7nme_trimmed_mhc.pdb
[SAVED] 3VXS: non-problematic trimmed; trimmed_removed=337; output=3vxs_trimmed_mhc.pdb
[SAVED] 5VWF: non-problematic trimmed; trimmed_removed=538; output=5vwf_trimmed_mhc.pdb
[SAVED] 6P23: non-problematic trimmed; trimmed_removed=295; output=6p23_trimmed_mhc.pdb
[SAVED] 4F7P: non-problematic trimmed; trimmed_removed=295; output=4f7p_trimmed_mhc.pdb
[SAVED] 5HHQ: non-problematic trimmed; trimmed_removed=224; output=5hhq_trimmed_mhc.pdb
[SAVED] 7BBG: non-problematic trimmed; trimmed_removed=174; output=7bbg_trimmed_mhc.pdb
[SAVED] 7RTD: non-problematic trimmed; trimmed_removed=247; output=7rtd_trimmed_mhc.pdb
[SAVED] 2ESV: non-problematic trimmed; trimmed_removed=140; output=2esv_trimmed_mhc.pdb
[SAVED] 4NO0: non-problematic trimmed; trimmed_removed=109; output=4no0_trimmed_mhc.pdb
[SAVED] 5HGB: non-problematic trimmed; trimmed_removed=208; output=5hgb_trimmed_mhc.pdb
[SAVED] 7NMD: non-problematic trimmed; trimmed_removed=190; output=7nmd_trimmed_mhc.pdb
[SAVED] 1A9E: non-problematic trimmed; trimmed_removed=152; output=1a9e_trimmed_mhc.pdb
[SAVED] 7N6E: non-problematic trimmed; trimmed_removed=91; output=7n6e_trimmed_mhc.pdb
[SAVED] 7U1R: non-problematic trimmed; trimmed_removed=248; output=7u1r_trimmed_mhc.pdb
[SAVED] 7P4B: non-problematic trimmed; trimmed_removed=268; output=7p4b_trimmed_mhc.pdb
[SAVED] 7JYX: non-problematic trimmed; trimmed_removed=120; output=7jyx_trimmed_mhc.pdb
[SAVED] 1Q94: non-problematic trimmed; trimmed_removed=140; output=1q94_trimmed_mhc.pdb
[SAVED] 2F54: non-problematic trimmed; trimmed_removed=100; output=2f54_trimmed_mhc.pdb
[SAVED] 4QOK: non-problematic trimmed; trimmed_removed=105; output=4qok_trimmed_mhc.pdb
[SAVED] 5XOT: non-problematic trimmed; trimmed_removed=108; output=5xot_trimmed_mhc.pdb
[SAVED] 1T21: non-problematic trimmed; trimmed_removed=354; output=1t21_trimmed_mhc.pdb
[SAVED] 3RL2: non-problematic trimmed; trimmed_removed=248; output=3rl2_trimmed_mhc.pdb
[SAVED] 7TR4: non-problematic trimmed; trimmed_removed=145; output=7tr4_trimmed_mhc.pdb
[SAVED] 6MTM: non-problematic trimmed; trimmed_removed=98; output=6mtm_trimmed_mhc.pdb
[SAVED] 7MJA: non-problematic trimmed; trimmed_removed=360; output=7mja_trimmed_mhc.pdb
[SAVED] 3GSW: non-problematic trimmed; trimmed_removed=307; output=3gsw_trimmed_mhc.pdb
[SAVED] 1AKJ: non-problematic trimmed; trimmed_removed=148; output=1akj_trimmed_mhc.pdb
[SAVED] 1QSF: non-problematic trimmed; trimmed_removed=104; output=1qsf_trimmed_mhc.pdb
[SAVED] 5W6A: non-problematic trimmed; trimmed_removed=386; output=5w6a_trimmed_mhc.pdb
[SAVED] 3FQT: non-problematic trimmed; trimmed_removed=397; output=3fqt_trimmed_mhc.pdb
[SAVED] 4F7M: non-problematic trimmed; trimmed_removed=227; output=4f7m_trimmed_mhc.pdb
[SAVED] 1HHH: non-problematic trimmed; trimmed_removed=95; output=1hhh_trimmed_mhc.pdb
[SAVED] 1T1X: non-problematic trimmed; trimmed_removed=341; output=1t1x_trimmed_mhc.pdb
[SAVED] 8QFY: non-problematic trimmed; trimmed_removed=114; output=8qfy_trimmed_mhc.pdb
[SAVED] 7NDQ: non-problematic trimmed; trimmed_removed=105; output=7ndq_trimmed_mhc.pdb
[SAVED] 6W51: non-problematic trimmed; trimmed_removed=88; output=6w51_trimmed_mhc.pdb
[SAVED] 8EN8: non-problematic trimmed; trimmed_removed=175; output=8en8_trimmed_mhc.pdb
[SAVED] 6J2A: non-problematic trimmed; trimmed_removed=434; output=6j2a_trimmed_mhc.pdb
[SAVED] 7S8S: non-problematic trimmed; trimmed_removed=254; output=7s8s_trimmed_mhc.pdb
[SAVED] 5WJL: non-problematic trimmed; trimmed_removed=114; output=5wjl_trimmed_mhc.pdb
[SAVED] 7S7E: non-problematic trimmed; trimmed_removed=373; output=7s7e_trimmed_mhc.pdb
[SAVED] 6UZ1: non-problematic trimmed; trimmed_removed=97; output=6uz1_trimmed_mhc.pdb
[SAVED] 7WJ2: non-problematic trimmed; trimmed_removed=311; output=7wj2_trimmed_mhc.pdb
[SAVED] 3D3V: non-problematic trimmed; trimmed_removed=110; output=3d3v_trimmed_mhc.pdb
[SAVED] 7F4W: non-problematic trimmed; trimmed_removed=100; output=7f4w_trimmed_mhc.pdb
[SAVED] 3I6L: non-problematic trimmed; trimmed_removed=263; output=3i6l_trimmed_mhc.pdb
[SAVED] 1XR9: non-problematic trimmed; trimmed_removed=555; output=1xr9_trimmed_mhc.pdb
[SAVED] 2XPG: non-problematic trimmed; trimmed_removed=101; output=2xpg_trimmed_mhc.pdb
[SAVED] 3PWP: non-problematic trimmed; trimmed_removed=119; output=3pwp_trimmed_mhc.pdb
[SAVED] 6J1V: non-problematic trimmed; trimmed_removed=303; output=6j1v_trimmed_mhc.pdb
[SAVED] 3KXF: non-problematic trimmed; trimmed_removed=101; output=3kxf_trimmed_mhc.pdb
[SAVED] 1I4F: non-problematic trimmed; trimmed_removed=415; output=1i4f_trimmed_mhc.pdb
[SAVED] 8RYO: non-problematic trimmed; trimmed_removed=202; output=8ryo_trimmed_mhc.pdb
[SAVED] 6MT3: non-problematic trimmed; trimmed_removed=559; output=6mt3_trimmed_mhc.pdb
[SAVED] 3V5K: non-problematic trimmed; trimmed_removed=193; output=3v5k_trimmed_mhc.pdb
[SAVED] 6UK2: non-problematic trimmed; trimmed_removed=95; output=6uk2_trimmed_mhc.pdb
[SAVED] 7KGO: non-problematic trimmed; trimmed_removed=227; output=7kgo_trimmed_mhc.pdb
[SAVED] 7RTR: non-problematic trimmed; trimmed_removed=110; output=7rtr_trimmed_mhc.pdb
[SAVED] 3WLB: non-problematic trimmed; trimmed_removed=281; output=3wlb_trimmed_mhc.pdb
[SAVED] 8RBV: non-problematic trimmed; trimmed_removed=258; output=8rbv_trimmed_mhc.pdb
[SAVED] 6UJ7: non-problematic trimmed; trimmed_removed=278; output=6uj7_trimmed_mhc.pdb
[SAVED] 6GHN: non-problematic trimmed; trimmed_removed=168; output=6ghn_trimmed_mhc.pdb
[SAVED] 1T1W: non-problematic trimmed; trimmed_removed=325; output=1t1w_trimmed_mhc.pdb
[SAVED] 7JYU: non-problematic trimmed; trimmed_removed=129; output=7jyu_trimmed_mhc.pdb
[SAVED] 8XKC: non-problematic trimmed; trimmed_removed=135; output=8xkc_trimmed_mhc.pdb
[SAVED] 6VM8: non-problematic trimmed; trimmed_removed=125; output=6vm8_trimmed_mhc.pdb
[SAVED] 6ZKZ: non-problematic trimmed; trimmed_removed=135; output=6zkz_trimmed_mhc.pdb
[SAVED] 4QRR: non-problematic trimmed; trimmed_removed=107; output=4qrr_trimmed_mhc.pdb
[SAVED] 3VXP: non-problematic trimmed; trimmed_removed=166; output=3vxp_trimmed_mhc.pdb
[SAVED] 5WSH: non-problematic trimmed; trimmed_removed=441; output=5wsh_trimmed_mhc.pdb
[SAVED] 5WWJ: non-problematic trimmed; trimmed_removed=217; output=5wwj_trimmed_mhc.pdb
[SAVED] 5VZ5: non-problematic trimmed; trimmed_removed=124; output=5vz5_trimmed_mhc.pdb
[SAVED] 7NUI: non-problematic trimmed; trimmed_removed=169; output=7nui_trimmed_mhc.pdb
[SAVED] 5HHN: non-problematic trimmed; trimmed_removed=339; output=5hhn_trimmed_mhc.pdb
[SAVED] 1S8D: non-problematic trimmed; trimmed_removed=352; output=1s8d_trimmed_mhc.pdb
[SAVED] 7RK7: non-problematic trimmed; trimmed_removed=65; output=7rk7_trimmed_mhc.pdb
[SAVED] 4JFP: non-problematic trimmed; trimmed_removed=248; output=4jfp_trimmed_mhc.pdb
[SAVED] 6ZKY: non-problematic trimmed; trimmed_removed=101; output=6zky_trimmed_mhc.pdb
[SAVED] 8I5D: non-problematic trimmed; trimmed_removed=94; output=8i5d_trimmed_mhc.pdb
[SAVED] 1DUY: non-problematic trimmed; trimmed_removed=259; output=1duy_trimmed_mhc.pdb
[SAVED] 3UTT: non-problematic trimmed; trimmed_removed=118; output=3utt_trimmed_mhc.pdb
[SAVED] 7PBE: non-problematic trimmed; trimmed_removed=98; output=7pbe_trimmed_mhc.pdb
[SAVED] 3H9S: non-problematic trimmed; trimmed_removed=112; output=3h9s_trimmed_mhc.pdb
[SAVED] 4O2F: non-problematic trimmed; trimmed_removed=405; output=4o2f_trimmed_mhc.pdb
[SAVED] 1A9B: non-problematic trimmed; trimmed_removed=97; output=1a9b_trimmed_mhc.pdb
[SAVED] 6ZKX: non-problematic trimmed; trimmed_removed=204; output=6zkx_trimmed_mhc.pdb
[SAVED] 1YDP: non-problematic trimmed; trimmed_removed=407; output=1ydp_trimmed_mhc.pdb
[SAVED] 7EJM: non-problematic trimmed; trimmed_removed=412; output=7ejm_trimmed_mhc.pdb
[SAVED] 3V5D: non-problematic trimmed; trimmed_removed=225; output=3v5d_trimmed_mhc.pdb
[SAVED] 3QFJ: non-problematic trimmed; trimmed_removed=161; output=3qfj_trimmed_mhc.pdb
[SAVED] 2NX5: non-problematic trimmed; trimmed_removed=113; output=2nx5_trimmed_mhc.pdb
[SAVED] 6ULI: non-problematic trimmed; trimmed_removed=175; output=6uli_trimmed_mhc.pdb
[SAVED] 7LG2: non-problematic trimmed; trimmed_removed=151; output=7lg2_trimmed_mhc.pdb
[SAVED] 1CG9: non-problematic trimmed; trimmed_removed=186; output=1cg9_trimmed_mhc.pdb
[SAVED] 6GGM: non-problematic trimmed; trimmed_removed=187; output=6ggm_trimmed_mhc.pdb
[SAVED] 5ENW: non-problematic trimmed; trimmed_removed=273; output=5enw_trimmed_mhc.pdb
[SAVED] 7S8Q: non-problematic trimmed; trimmed_removed=297; output=7s8q_trimmed_mhc.pdb
[SAVED] 3WL9: non-problematic trimmed; trimmed_removed=429; output=3wl9_trimmed_mhc.pdb
[SAVED] 1S9Y: non-problematic trimmed; trimmed_removed=249; output=1s9y_trimmed_mhc.pdb
[SAVED] 2CLR: non-problematic trimmed; trimmed_removed=95; output=2clr_trimmed_mhc.pdb
[SAVED] 5IUE: non-problematic trimmed; trimmed_removed=140; output=5iue_trimmed_mhc.pdb
[SAVED] 3MGT: non-problematic trimmed; trimmed_removed=289; output=3mgt_trimmed_mhc.pdb
[SAVED] 5F9J: non-problematic trimmed; trimmed_removed=145; output=5f9j_trimmed_mhc.pdb
[SAVED] 3OX8: non-problematic trimmed; trimmed_removed=260; output=3ox8_trimmed_mhc.pdb
[SAVED] 1E27: non-problematic trimmed; trimmed_removed=378; output=1e27_trimmed_mhc.pdb
[SAVED] 3FT2: non-problematic trimmed; trimmed_removed=254; output=3ft2_trimmed_mhc.pdb
[SAVED] 3FQW: non-problematic trimmed; trimmed_removed=330; output=3fqw_trimmed_mhc.pdb
[SAVED] 1T20: non-problematic trimmed; trimmed_removed=305; output=1t20_trimmed_mhc.pdb
[SAVED] 3C9N: non-problematic trimmed; trimmed_removed=365; output=3c9n_trimmed_mhc.pdb
[SAVED] 4WU5: non-problematic trimmed; trimmed_removed=183; output=4wu5_trimmed_mhc.pdb
[SAVED] 2BVP: non-problematic trimmed; trimmed_removed=645; output=2bvp_trimmed_mhc.pdb
[SAVED] 4NQV: non-problematic trimmed; trimmed_removed=208; output=4nqv_trimmed_mhc.pdb
[SAVED] 7KGS: non-problematic trimmed; trimmed_removed=442; output=7kgs_trimmed_mhc.pdb
[SAVED] 6AEE: non-problematic trimmed; trimmed_removed=96; output=6aee_trimmed_mhc.pdb
[SAVED] 6JP3: non-problematic trimmed; trimmed_removed=402; output=6jp3_trimmed_mhc.pdb
[SAVED] 5HGA: non-problematic trimmed; trimmed_removed=156; output=5hga_trimmed_mhc.pdb
[SAVED] 1HHG: non-problematic trimmed; trimmed_removed=95; output=1hhg_trimmed_mhc.pdb
[SAVED] 4JFF: non-problematic trimmed; trimmed_removed=139; output=4jff_trimmed_mhc.pdb
[SAVED] 7N2R: non-problematic trimmed; trimmed_removed=107; output=7n2r_trimmed_mhc.pdb
[SAVED] 8ELG: non-problematic trimmed; trimmed_removed=481; output=8elg_trimmed_mhc.pdb
[SAVED] 5NMK: non-problematic trimmed; trimmed_removed=312; output=5nmk_trimmed_mhc.pdb
[DUPLICATES] 1MHE: removed_chains=['C']
[SAVED] 1MHE: non-problematic trimmed; trimmed_removed=99; output=1mhe_trimmed_mhc.pdb
[SAVED] 6GH4: non-problematic trimmed; trimmed_removed=276; output=6gh4_trimmed_mhc.pdb
[SAVED] 8RYM: non-problematic trimmed; trimmed_removed=120; output=8rym_trimmed_mhc.pdb
[SAVED] 5D9S: non-problematic trimmed; trimmed_removed=323; output=5d9s_trimmed_mhc.pdb
[SAVED] 7LG3: non-problematic trimmed; trimmed_removed=203; output=7lg3_trimmed_mhc.pdb
[SAVED] 6MPP: non-problematic trimmed; trimmed_removed=95; output=6mpp_trimmed_mhc.pdb
[SAVED] 3VXN: non-problematic trimmed; trimmed_removed=227; output=3vxn_trimmed_mhc.pdb
[SAVED] 8RLT: non-problematic trimmed; trimmed_removed=160; output=8rlt_trimmed_mhc.pdb
[SAVED] 8ENH: non-problematic trimmed; trimmed_removed=198; output=8enh_trimmed_mhc.pdb
[SAVED] 7N1B: non-problematic trimmed; trimmed_removed=94; output=7n1b_trimmed_mhc.pdb
[DUPLICATES] 8RH6: removed_chains=['C', 'D']
[SAVED] 8RH6: non-problematic trimmed; trimmed_removed=95; output=8rh6_trimmed_mhc.pdb
[SAVED] 7SA2: non-problematic trimmed; trimmed_removed=321; output=7sa2_trimmed_mhc.pdb
[SAVED] 5IM7: non-problematic trimmed; trimmed_removed=163; output=5im7_trimmed_mhc.pdb
[SAVED] 8RNG: non-problematic trimmed; trimmed_removed=320; output=8rng_trimmed_mhc.pdb
[SAVED] 6D2B: non-problematic trimmed; trimmed_removed=420; output=6d2b_trimmed_mhc.pdb
[SAVED] 7S8F: non-problematic trimmed; trimmed_removed=434; output=7s8f_trimmed_mhc.pdb
[SAVED] 7KGP: non-problematic trimmed; trimmed_removed=430; output=7kgp_trimmed_mhc.pdb
[SAVED] 1EEY: non-problematic trimmed; trimmed_removed=144; output=1eey_trimmed_mhc.pdb
[SAVED] 2X4N: non-problematic trimmed; trimmed_removed=173; output=2x4n_trimmed_mhc.pdb
[SAVED] 7N1E: non-problematic trimmed; trimmed_removed=171; output=7n1e_trimmed_mhc.pdb
[SAVED] 5W1V: non-problematic trimmed; trimmed_removed=94; output=5w1v_trimmed_mhc.pdb
[SAVED] 8ROP: non-problematic trimmed; trimmed_removed=472; output=8rop_trimmed_mhc.pdb
[DUPLICATES] 8RHQ: removed_chains=['C', 'E']
[SAVED] 8RHQ: non-problematic trimmed; trimmed_removed=222; output=8rhq_trimmed_mhc.pdb
[SAVED] 7S79: non-problematic trimmed; trimmed_removed=488; output=7s79_trimmed_mhc.pdb
[SAVED] 6P2S: non-problematic trimmed; trimmed_removed=293; output=6p2s_trimmed_mhc.pdb
[SAVED] 4F7T: non-problematic trimmed; trimmed_removed=409; output=4f7t_trimmed_mhc.pdb
[SAVED] 5JHD: non-problematic trimmed; trimmed_removed=130; output=5jhd_trimmed_mhc.pdb
[SAVED] 7WT4: non-problematic trimmed; trimmed_removed=348; output=7wt4_trimmed_mhc.pdb
[SAVED] 1QVO: non-problematic trimmed; trimmed_removed=224; output=1qvo_trimmed_mhc.pdb
[SAVED] 1QEW: non-problematic trimmed; trimmed_removed=330; output=1qew_trimmed_mhc.pdb
[SAVED] 4O2C: non-problematic trimmed; trimmed_removed=473; output=4o2c_trimmed_mhc.pdb
[SAVED] 2F53: non-problematic trimmed; trimmed_removed=349; output=2f53_trimmed_mhc.pdb
[SAVED] 7S7F: non-problematic trimmed; trimmed_removed=424; output=7s7f_trimmed_mhc.pdb
[SAVED] 7KGQ: non-problematic trimmed; trimmed_removed=527; output=7kgq_trimmed_mhc.pdb
[SAVED] 3O3B: non-problematic trimmed; trimmed_removed=312; output=3o3b_trimmed_mhc.pdb
[SAVED] 1S9X: non-problematic trimmed; trimmed_removed=230; output=1s9x_trimmed_mhc.pdb
[SAVED] 2UWE: non-problematic trimmed; trimmed_removed=132; output=2uwe_trimmed_mhc.pdb
[SAVED] 5HGD: non-problematic trimmed; trimmed_removed=345; output=5hgd_trimmed_mhc.pdb
[SAVED] 6VB1: non-problematic trimmed; trimmed_removed=455; output=6vb1_trimmed_mhc.pdb
[SAVED] 1LP9: non-problematic trimmed; trimmed_removed=174; output=1lp9_trimmed_mhc.pdb
[SAVED] 8RYQ: non-problematic trimmed; trimmed_removed=105; output=8ryq_trimmed_mhc.pdb
[MHC_MANUAL] 6TDQ: moved ligand groups to chains=['C', 'D']
[SAVED] 6TDQ: action=move; new_ligand_chains=['C', 'D']; moved=4; trimmed_removed=518; output=6tdq_trimmed_mhc.pdb
[SAVED] 7RZD: non-problematic trimmed; trimmed_removed=427; output=7rzd_trimmed_mhc.pdb
[SAVED] 3REW: non-problematic trimmed; trimmed_removed=253; output=3rew_trimmed_mhc.pdb
[SAVED] 5ISZ: non-problematic trimmed; trimmed_removed=326; output=5isz_trimmed_mhc.pdb
[SAVED] 7WKJ: non-problematic trimmed; trimmed_removed=326; output=7wkj_trimmed_mhc.pdb
[SAVED] 6AVF: non-problematic trimmed; trimmed_removed=178; output=6avf_trimmed_mhc.pdb
[SAVED] 5WJN: non-problematic trimmed; trimmed_removed=168; output=5wjn_trimmed_mhc.pdb
[SAVED] 8RYP: non-problematic trimmed; trimmed_removed=255; output=8ryp_trimmed_mhc.pdb
[SAVED] 8XFZ: non-problematic trimmed; trimmed_removed=131; output=8xfz_trimmed_mhc.pdb
[SAVED] 6GL1: non-problematic trimmed; trimmed_removed=154; output=6gl1_trimmed_mhc.pdb
[SAVED] 6UZQ: non-problematic trimmed; trimmed_removed=222; output=6uzq_trimmed_mhc.pdb
[SAVED] 1QRN: non-problematic trimmed; trimmed_removed=112; output=1qrn_trimmed_mhc.pdb
[SAVED] 6MT4: non-problematic trimmed; trimmed_removed=542; output=6mt4_trimmed_mhc.pdb
[SAVED] 5EU3: non-problematic trimmed; trimmed_removed=190; output=5eu3_trimmed_mhc.pdb
[SAVED] 5FDW: non-problematic trimmed; trimmed_removed=146; output=5fdw_trimmed_mhc.pdb
[SAVED] 8E13: non-problematic trimmed; trimmed_removed=284; output=8e13_trimmed_mhc.pdb
[SAVED] 6TDR: non-problematic trimmed; trimmed_removed=509; output=6tdr_trimmed_mhc.pdb
[SAVED] 6UZS: non-problematic trimmed; trimmed_removed=391; output=6uzs_trimmed_mhc.pdb
[SAVED] 3FQX: non-problematic trimmed; trimmed_removed=408; output=3fqx_trimmed_mhc.pdb
[SAVED] 6VM9: non-problematic trimmed; trimmed_removed=95; output=6vm9_trimmed_mhc.pdb
[SAVED] 3FT4: non-problematic trimmed; trimmed_removed=250; output=3ft4_trimmed_mhc.pdb
[SAVED] 6AM5: non-problematic trimmed; trimmed_removed=192; output=6am5_trimmed_mhc.pdb
[SAVED] 8RYN: non-problematic trimmed; trimmed_removed=199; output=8ryn_trimmed_mhc.pdb
[SAVED] 8ROO: non-problematic trimmed; trimmed_removed=326; output=8roo_trimmed_mhc.pdb
[SAVED] 6PAG: non-problematic trimmed; trimmed_removed=98; output=6pag_trimmed_mhc.pdb
[SAVED] 4NO5: non-problematic trimmed; trimmed_removed=288; output=4no5_trimmed_mhc.pdb
[SAVED] 5HYJ: non-problematic trimmed; trimmed_removed=108; output=5hyj_trimmed_mhc.pdb
[SAVED] 5W69: non-problematic trimmed; trimmed_removed=277; output=5w69_trimmed_mhc.pdb
[SAVED] 6ID4: non-problematic trimmed; trimmed_removed=282; output=6id4_trimmed_mhc.pdb
[SAVED] 7MKB: non-problematic trimmed; trimmed_removed=320; output=7mkb_trimmed_mhc.pdb
[SAVED] 8EB2: non-problematic trimmed; trimmed_removed=95; output=8eb2_trimmed_mhc.pdb
[SAVED] 7NMF: non-problematic trimmed; trimmed_removed=109; output=7nmf_trimmed_mhc.pdb
[SAVED] 8DVG: non-problematic trimmed; trimmed_removed=177; output=8dvg_trimmed_mhc.pdb
[SAVED] 8GON: non-problematic trimmed; trimmed_removed=130; output=8gon_trimmed_mhc.pdb
[SAVED] 7OW4: non-problematic trimmed; trimmed_removed=241; output=7ow4_trimmed_mhc.pdb
[SAVED] 7P3D: non-problematic trimmed; trimmed_removed=396; output=7p3d_trimmed_mhc.pdb
[SAVED] 7P3E: non-problematic trimmed; trimmed_removed=164; output=7p3e_trimmed_mhc.pdb
[SAVED] 6JOZ: non-problematic trimmed; trimmed_removed=464; output=6joz_trimmed_mhc.pdb
[MHC_MANUAL] 1HSB: moved ligand groups to chains=['D']
[SAVED] 1HSB: action=move; new_ligand_chains=['D']; moved=2; trimmed_removed=294; output=1hsb_trimmed_mhc.pdb
[SAVED] 3MGO: non-problematic trimmed; trimmed_removed=276; output=3mgo_trimmed_mhc.pdb
[SAVED] 8RLU: non-problematic trimmed; trimmed_removed=158; output=8rlu_trimmed_mhc.pdb
[SAVED] 6GH1: non-problematic trimmed; trimmed_removed=210; output=6gh1_trimmed_mhc.pdb
[SAVED] 5V5L: non-problematic trimmed; trimmed_removed=279; output=5v5l_trimmed_mhc.pdb
[SAVED] 4N8V: non-problematic trimmed; trimmed_removed=114; output=4n8v_trimmed_mhc.pdb
[SAVED] 3H9H: non-problematic trimmed; trimmed_removed=271; output=3h9h_trimmed_mhc.pdb
[SAVED] 6AMT: non-problematic trimmed; trimmed_removed=124; output=6amt_trimmed_mhc.pdb
[SAVED] 1I7T: non-problematic trimmed; trimmed_removed=95; output=1i7t_trimmed_mhc.pdb
[SAVED] 1HHI: non-problematic trimmed; trimmed_removed=95; output=1hhi_trimmed_mhc.pdb
[SAVED] 7S8E: non-problematic trimmed; trimmed_removed=468; output=7s8e_trimmed_mhc.pdb
[SAVED] 4JFE: non-problematic trimmed; trimmed_removed=114; output=4jfe_trimmed_mhc.pdb
[SAVED] 7PB2: non-problematic trimmed; trimmed_removed=95; output=7pb2_trimmed_mhc.pdb
[SAVED] 3NFN: non-problematic trimmed; trimmed_removed=245; output=3nfn_trimmed_mhc.pdb
[SAVED] 5HGH: non-problematic trimmed; trimmed_removed=244; output=5hgh_trimmed_mhc.pdb
[SAVED] 5T6Y: non-problematic trimmed; trimmed_removed=331; output=5t6y_trimmed_mhc.pdb
[SAVED] 5VUE: non-problematic trimmed; trimmed_removed=493; output=5vue_trimmed_mhc.pdb
[SAVED] 7MJ7: non-problematic trimmed; trimmed_removed=380; output=7mj7_trimmed_mhc.pdb
[SAVED] 8I5C: non-problematic trimmed; trimmed_removed=94; output=8i5c_trimmed_mhc.pdb
[SAVED] 7S7D: non-problematic trimmed; trimmed_removed=463; output=7s7d_trimmed_mhc.pdb
[SAVED] 5WKF: non-problematic trimmed; trimmed_removed=154; output=5wkf_trimmed_mhc.pdb
[SAVED] 4NQX: non-problematic trimmed; trimmed_removed=210; output=4nqx_trimmed_mhc.pdb
[SAVED] 6J29: non-problematic trimmed; trimmed_removed=394; output=6j29_trimmed_mhc.pdb
[SAVED] 4PRN: non-problematic trimmed; trimmed_removed=462; output=4prn_trimmed_mhc.pdb
[SAVED] 5HHM: non-problematic trimmed; trimmed_removed=141; output=5hhm_trimmed_mhc.pdb
[SAVED] 3OXR: non-problematic trimmed; trimmed_removed=419; output=3oxr_trimmed_mhc.pdb
[SAVED] 7MJ9: non-problematic trimmed; trimmed_removed=332; output=7mj9_trimmed_mhc.pdb
[SAVED] 6JTP: non-problematic trimmed; trimmed_removed=465; output=6jtp_trimmed_mhc.pdb
[SAVED] 5VUF: non-problematic trimmed; trimmed_removed=518; output=5vuf_trimmed_mhc.pdb
[SAVED] 5T6X: non-problematic trimmed; trimmed_removed=232; output=5t6x_trimmed_mhc.pdb
[SAVED] 5C07: non-problematic trimmed; trimmed_removed=188; output=5c07_trimmed_mhc.pdb
[SAVED] 3GJF: non-problematic trimmed; trimmed_removed=385; output=3gjf_trimmed_mhc.pdb
[SAVED] 7LGD: non-problematic trimmed; trimmed_removed=112; output=7lgd_trimmed_mhc.pdb
[SAVED] 5BRZ: non-problematic trimmed; trimmed_removed=106; output=5brz_trimmed_mhc.pdb
[SAVED] 5C0C: non-problematic trimmed; trimmed_removed=186; output=5c0c_trimmed_mhc.pdb
[SAVED] 8ISN: non-problematic trimmed; trimmed_removed=176; output=8isn_trimmed_mhc.pdb
[SAVED] 3VFN: non-problematic trimmed; trimmed_removed=462; output=3vfn_trimmed_mhc.pdb
[SAVED] 7KGT: non-problematic trimmed; trimmed_removed=395; output=7kgt_trimmed_mhc.pdb
[SAVED] 3O4L: non-problematic trimmed; trimmed_removed=207; output=3o4l_trimmed_mhc.pdb
[SAVED] 5W1W: non-problematic trimmed; trimmed_removed=94; output=5w1w_trimmed_mhc.pdb
[SAVED] 2X70: non-problematic trimmed; trimmed_removed=327; output=2x70_trimmed_mhc.pdb
[SAVED] 6Z9X: non-problematic trimmed; trimmed_removed=115; output=6z9x_trimmed_mhc.pdb
[SAVED] 2BVO: non-problematic trimmed; trimmed_removed=471; output=2bvo_trimmed_mhc.pdb
[SAVED] 3GSO: non-problematic trimmed; trimmed_removed=407; output=3gso_trimmed_mhc.pdb
[SAVED] 6P64: non-problematic trimmed; trimmed_removed=103; output=6p64_trimmed_mhc.pdb
[SAVED] 6P2C: non-problematic trimmed; trimmed_removed=331; output=6p2c_trimmed_mhc.pdb
[SAVED] 4XXC: non-problematic trimmed; trimmed_removed=470; output=4xxc_trimmed_mhc.pdb
[SAVED] 7S8A: non-problematic trimmed; trimmed_removed=295; output=7s8a_trimmed_mhc.pdb
[SAVED] 9BL6: non-problematic trimmed; trimmed_removed=104; output=9bl6_trimmed_mhc.pdb
[SAVED] 6SSA: non-problematic trimmed; trimmed_removed=296; output=6ssa_trimmed_mhc.pdb
[SAVED] 8TBW: non-problematic trimmed; trimmed_removed=295; output=8tbw_trimmed_mhc.pdb
[SAVED] 3VFP: non-problematic trimmed; trimmed_removed=443; output=3vfp_trimmed_mhc.pdb
[SAVED] 7OW5: non-problematic trimmed; trimmed_removed=102; output=7ow5_trimmed_mhc.pdb
[SAVED] 2VLL: non-problematic trimmed; trimmed_removed=480; output=2vll_trimmed_mhc.pdb
[SAVED] 7JYV: non-problematic trimmed; trimmed_removed=519; output=7jyv_trimmed_mhc.pdb
[SAVED] 3MRB: non-problematic trimmed; trimmed_removed=379; output=3mrb_trimmed_mhc.pdb
[SAVED] 5SWQ: non-problematic trimmed; trimmed_removed=391; output=5swq_trimmed_mhc.pdb
[SAVED] 8RBU: non-problematic trimmed; trimmed_removed=121; output=8rbu_trimmed_mhc.pdb
[SAVED] 3PWL: non-problematic trimmed; trimmed_removed=459; output=3pwl_trimmed_mhc.pdb
[SAVED] 3X13: non-problematic trimmed; trimmed_removed=435; output=3x13_trimmed_mhc.pdb
[SAVED] 2X4S: non-problematic trimmed; trimmed_removed=154; output=2x4s_trimmed_mhc.pdb
[SAVED] 4G8G: non-problematic trimmed; trimmed_removed=218; output=4g8g_trimmed_mhc.pdb
[SAVED] 3IXA: non-problematic trimmed; trimmed_removed=169; output=3ixa_trimmed_mhc.pdb
[SAVED] 7PBC: non-problematic trimmed; trimmed_removed=218; output=7pbc_trimmed_mhc.pdb
[SAVED] 6RP9: non-problematic trimmed; trimmed_removed=95; output=6rp9_trimmed_mhc.pdb
[SAVED] 7WJ3: non-problematic trimmed; trimmed_removed=256; output=7wj3_trimmed_mhc.pdb
[SAVED] 7T5M: non-problematic trimmed; trimmed_removed=491; output=7t5m_trimmed_mhc.pdb
[SAVED] 3VFU: non-problematic trimmed; trimmed_removed=472; output=3vfu_trimmed_mhc.pdb
[SAVED] 6Q3S: non-problematic trimmed; trimmed_removed=100; output=6q3s_trimmed_mhc.pdb
[SAVED] 1A1N: non-problematic trimmed; trimmed_removed=371; output=1a1n_trimmed_mhc.pdb
[SAVED] 5HHO: non-problematic trimmed; trimmed_removed=96; output=5hho_trimmed_mhc.pdb
[SAVED] 4JQV: non-problematic trimmed; trimmed_removed=413; output=4jqv_trimmed_mhc.pdb
[SAVED] 6UJ8: non-problematic trimmed; trimmed_removed=160; output=6uj8_trimmed_mhc.pdb
[SAVED] 8F5A: non-problematic trimmed; trimmed_removed=286; output=8f5a_trimmed_mhc.pdb
[SAVED] 3LN4: non-problematic trimmed; trimmed_removed=539; output=3ln4_trimmed_mhc.pdb
[SAVED] 4MNQ: non-problematic trimmed; trimmed_removed=109; output=4mnq_trimmed_mhc.pdb
[SAVED] 7R7X: non-problematic trimmed; trimmed_removed=320; output=7r7x_trimmed_mhc.pdb
[SAVED] 6VB2: non-problematic trimmed; trimmed_removed=468; output=6vb2_trimmed_mhc.pdb
[SAVED] 8XG2: non-problematic trimmed; trimmed_removed=287; output=8xg2_trimmed_mhc.pdb
[SAVED] 6R2L: non-problematic trimmed; trimmed_removed=246; output=6r2l_trimmed_mhc.pdb
[SAVED] 8SBK: non-problematic trimmed; trimmed_removed=393; output=8sbk_trimmed_mhc.pdb
[SAVED] 4WUU: non-problematic trimmed; trimmed_removed=95; output=4wuu_trimmed_mhc.pdb
[SAVED] 5E00: non-problematic trimmed; trimmed_removed=453; output=5e00_trimmed_mhc.pdb
[SAVED] 5FA4: non-problematic trimmed; trimmed_removed=152; output=5fa4_trimmed_mhc.pdb
[SAVED] 8E8I: non-problematic trimmed; trimmed_removed=496; output=8e8i_trimmed_mhc.pdb
[SAVED] 6MT6: non-problematic trimmed; trimmed_removed=563; output=6mt6_trimmed_mhc.pdb
[SAVED] 3MRQ: non-problematic trimmed; trimmed_removed=181; output=3mrq_trimmed_mhc.pdb
[SAVED] 8TUH: non-problematic trimmed; trimmed_removed=160; output=8tuh_trimmed_mhc.pdb
[SAVED] 1W72: non-problematic trimmed; trimmed_removed=236; output=1w72_trimmed_mhc.pdb
[SAVED] 6G3J: non-problematic trimmed; trimmed_removed=102; output=6g3j_trimmed_mhc.pdb
[SAVED] 8SHI: non-problematic trimmed; trimmed_removed=95; output=8shi_trimmed_mhc.pdb
[SAVED] 6O4Z: non-problematic trimmed; trimmed_removed=298; output=6o4z_trimmed_mhc.pdb
[SAVED] 2VLK: non-problematic trimmed; trimmed_removed=171; output=2vlk_trimmed_mhc.pdb
[SAVED] 2P5E: non-problematic trimmed; trimmed_removed=338; output=2p5e_trimmed_mhc.pdb
[SAVED] 4O2E: non-problematic trimmed; trimmed_removed=394; output=4o2e_trimmed_mhc.pdb
[SAVED] 7LGT: non-problematic trimmed; trimmed_removed=228; output=7lgt_trimmed_mhc.pdb
[SAVED] 6O4Y: non-problematic trimmed; trimmed_removed=325; output=6o4y_trimmed_mhc.pdb
[SAVED] 3PWN: non-problematic trimmed; trimmed_removed=372; output=3pwn_trimmed_mhc.pdb
[SAVED] 4LCY: non-problematic trimmed; trimmed_removed=500; output=4lcy_trimmed_mhc.pdb
[SAVED] 6PTE: non-problematic trimmed; trimmed_removed=345; output=6pte_trimmed_mhc.pdb
[SAVED] 5C08: non-problematic trimmed; trimmed_removed=134; output=5c08_trimmed_mhc.pdb
[SAVED] 5E9D: non-problematic trimmed; trimmed_removed=97; output=5e9d_trimmed_mhc.pdb
[SAVED] 5HHP: non-problematic trimmed; trimmed_removed=415; output=5hhp_trimmed_mhc.pdb
[SAVED] 2GJ6: non-problematic trimmed; trimmed_removed=138; output=2gj6_trimmed_mhc.pdb
[SAVED] 3MRM: non-problematic trimmed; trimmed_removed=306; output=3mrm_trimmed_mhc.pdb
[SAVED] 6RSY: non-problematic trimmed; trimmed_removed=124; output=6rsy_trimmed_mhc.pdb
[SAVED] 6TRO: non-problematic trimmed; trimmed_removed=98; output=6tro_trimmed_mhc.pdb
[SAVED] 8XES: non-problematic trimmed; trimmed_removed=280; output=8xes_trimmed_mhc.pdb
[SAVED] 4PRA: non-problematic trimmed; trimmed_removed=390; output=4pra_trimmed_mhc.pdb
[SAVED] 8FU4: non-problematic trimmed; trimmed_removed=440; output=8fu4_trimmed_mhc.pdb
[SAVED] 6BXP: non-problematic trimmed; trimmed_removed=526; output=6bxp_trimmed_mhc.pdb
[SAVED] 3HPJ: non-problematic trimmed; trimmed_removed=240; output=3hpj_trimmed_mhc.pdb
[SAVED] 2DYP: non-problematic trimmed; trimmed_removed=140; output=2dyp_trimmed_mhc.pdb
[SAVED] 3O3E: non-problematic trimmed; trimmed_removed=293; output=3o3e_trimmed_mhc.pdb
[SAVED] 3V5H: non-problematic trimmed; trimmed_removed=406; output=3v5h_trimmed_mhc.pdb
[SAVED] 5WKH: non-problematic trimmed; trimmed_removed=94; output=5wkh_trimmed_mhc.pdb
[SAVED] 3SJV: non-problematic trimmed; trimmed_removed=98; output=3sjv_trimmed_mhc.pdb
[SAVED] 3BXN: non-problematic trimmed; trimmed_removed=503; output=3bxn_trimmed_mhc.pdb
[SAVED] 6O9C: non-problematic trimmed; trimmed_removed=143; output=6o9c_trimmed_mhc.pdb
[SKIPPED] 7BH8: already present in 2_trimmed_mhc
[SAVED] 3BH8: non-problematic trimmed; trimmed_removed=364; output=3bh8_trimmed_mhc.pdb
[SAVED] 8I5E: non-problematic trimmed; trimmed_removed=180; output=8i5e_trimmed_mhc.pdb
[MHC_AUTO] 3VRJ: [276] -> chain D
[SAVED] 3VRJ: action=auto_non_aminoacid_only; new_ligand_chains=['D']; moved=1; trimmed_removed=386; output=3vrj_trimmed_mhc.pdb
[SAVED] 5WMP: non-problematic trimmed; trimmed_removed=489; output=5wmp_trimmed_mhc.pdb
[SAVED] 1I1F: non-problematic trimmed; trimmed_removed=95; output=1i1f_trimmed_mhc.pdb
[SAVED] 6TRN: non-problematic trimmed; trimmed_removed=428; output=6trn_trimmed_mhc.pdb
[SAVED] 3VFV: non-problematic trimmed; trimmed_removed=499; output=3vfv_trimmed_mhc.pdb
[SAVED] 8TBV: non-problematic trimmed; trimmed_removed=169; output=8tbv_trimmed_mhc.pdb
[SAVED] 6SS9: non-problematic trimmed; trimmed_removed=113; output=6ss9_trimmed_mhc.pdb
[SAVED] 8U9G: non-problematic trimmed; trimmed_removed=115; output=8u9g_trimmed_mhc.pdb
[SAVED] 5MEN: non-problematic trimmed; trimmed_removed=125; output=5men_trimmed_mhc.pdb
[SAVED] 5WMN: non-problematic trimmed; trimmed_removed=380; output=5wmn_trimmed_mhc.pdb
[SAVED] 7WT5: non-problematic trimmed; trimmed_removed=304; output=7wt5_trimmed_mhc.pdb
[SAVED] 3D39: non-problematic trimmed; trimmed_removed=113; output=3d39_trimmed_mhc.pdb
[SAVED] 7L1C: non-problematic trimmed; trimmed_removed=336; output=7l1c_trimmed_mhc.pdb
[SAVED] 5IRO: non-problematic trimmed; trimmed_removed=87; output=5iro_trimmed_mhc.pdb
[SAVED] 6V2P: non-problematic trimmed; trimmed_removed=479; output=6v2p_trimmed_mhc.pdb
[SAVED] 1S9W: non-problematic trimmed; trimmed_removed=247; output=1s9w_trimmed_mhc.pdb
[SAVED] 5N6B: non-problematic trimmed; trimmed_removed=351; output=5n6b_trimmed_mhc.pdb
[SAVED] 6VMA: non-problematic trimmed; trimmed_removed=111; output=6vma_trimmed_mhc.pdb
[SAVED] 7WZZ: non-problematic trimmed; trimmed_removed=574; output=7wzz_trimmed_mhc.pdb
[SAVED] 3LN5: non-problematic trimmed; trimmed_removed=271; output=3ln5_trimmed_mhc.pdb
[SAVED] 3GSX: non-problematic trimmed; trimmed_removed=212; output=3gsx_trimmed_mhc.pdb
[SAVED] 8EO8: non-problematic trimmed; trimmed_removed=247; output=8eo8_trimmed_mhc.pdb
[SAVED] 5V5M: non-problematic trimmed; trimmed_removed=113; output=5v5m_trimmed_mhc.pdb
[SAVED] 8EMG: non-problematic trimmed; trimmed_removed=406; output=8emg_trimmed_mhc.pdb
[SAVED] 7RM4: non-problematic trimmed; trimmed_removed=95; output=7rm4_trimmed_mhc.pdb
[SAVED] 7RRG: non-problematic trimmed; trimmed_removed=278; output=7rrg_trimmed_mhc.pdb
[SAVED] 2AV1: non-problematic trimmed; trimmed_removed=351; output=2av1_trimmed_mhc.pdb
[SAVED] 7DZN: non-problematic trimmed; trimmed_removed=137; output=7dzn_trimmed_mhc.pdb
[SAVED] 4U6Y: non-problematic trimmed; trimmed_removed=477; output=4u6y_trimmed_mhc.pdb
[MHC_MANUAL] 7SRK: moved ligand groups to chains=['C']
[SAVED] 7SRK: action=move; new_ligand_chains=['C']; moved=9; trimmed_removed=230; output=7srk_trimmed_mhc.pdb
[SAVED] 5C0B: non-problematic trimmed; trimmed_removed=168; output=5c0b_trimmed_mhc.pdb
[SAVED] 8ERX: non-problematic trimmed; trimmed_removed=365; output=8erx_trimmed_mhc.pdb
[SAVED] 8ES9: non-problematic trimmed; trimmed_removed=95; output=8es9_trimmed_mhc.pdb
[SAVED] 6VB0: non-problematic trimmed; trimmed_removed=496; output=6vb0_trimmed_mhc.pdb
[SAVED] 8E2Z: non-problematic trimmed; trimmed_removed=363; output=8e2z_trimmed_mhc.pdb
[SAVED] 4U1I: non-problematic trimmed; trimmed_removed=298; output=4u1i_trimmed_mhc.pdb
[SAVED] 2GUO: non-problematic trimmed; trimmed_removed=292; output=2guo_trimmed_mhc.pdb
[SAVED] 3L3K: non-problematic trimmed; trimmed_removed=199; output=3l3k_trimmed_mhc.pdb
[SAVED] 3UTS: non-problematic trimmed; trimmed_removed=115; output=3uts_trimmed_mhc.pdb
[SAVED] 9BL5: non-problematic trimmed; trimmed_removed=190; output=9bl5_trimmed_mhc.pdb
[SAVED] 4UQ3: non-problematic trimmed; trimmed_removed=309; output=4uq3_trimmed_mhc.pdb
[SAVED] 5WXC: non-problematic trimmed; trimmed_removed=209; output=5wxc_trimmed_mhc.pdb
[SAVED] 5T6W: non-problematic trimmed; trimmed_removed=262; output=5t6w_trimmed_mhc.pdb
[SAVED] 6JTN: non-problematic trimmed; trimmed_removed=406; output=6jtn_trimmed_mhc.pdb
[SAVED] 1OGA: non-problematic trimmed; trimmed_removed=288; output=1oga_trimmed_mhc.pdb
[SAVED] 6D2T: non-problematic trimmed; trimmed_removed=378; output=6d2t_trimmed_mhc.pdb
[SAVED] 6PBH: non-problematic trimmed; trimmed_removed=341; output=6pbh_trimmed_mhc.pdb
[SAVED] 5IEH: non-problematic trimmed; trimmed_removed=556; output=5ieh_trimmed_mhc.pdb
[SAVED] 1B0G: non-problematic trimmed; trimmed_removed=112; output=1b0g_trimmed_mhc.pdb
[SAVED] 7RZJ: non-problematic trimmed; trimmed_removed=425; output=7rzj_trimmed_mhc.pdb
[SAVED] 6MTL: non-problematic trimmed; trimmed_removed=517; output=6mtl_trimmed_mhc.pdb
[SAVED] 3MR9: non-problematic trimmed; trimmed_removed=300; output=3mr9_trimmed_mhc.pdb
[SAVED] 1B0R: non-problematic trimmed; trimmed_removed=89; output=1b0r_trimmed_mhc.pdb
[SAVED] 3GSQ: non-problematic trimmed; trimmed_removed=205; output=3gsq_trimmed_mhc.pdb
[SAVED] 2GTW: non-problematic trimmed; trimmed_removed=323; output=2gtw_trimmed_mhc.pdb
[SAVED] 3MRC: non-problematic trimmed; trimmed_removed=250; output=3mrc_trimmed_mhc.pdb
[SAVED] 3HCV: non-problematic trimmed; trimmed_removed=290; output=3hcv_trimmed_mhc.pdb
[SAVED] 6EWC: non-problematic trimmed; trimmed_removed=96; output=6ewc_trimmed_mhc.pdb
[SAVED] 1AGF: non-problematic trimmed; trimmed_removed=323; output=1agf_trimmed_mhc.pdb
[SAVED] 4JRX: non-problematic trimmed; trimmed_removed=137; output=4jrx_trimmed_mhc.pdb
[SAVED] 8ES8: non-problematic trimmed; trimmed_removed=95; output=8es8_trimmed_mhc.pdb
[SKIPPED] 1MHE: already present in 2_trimmed_mhc
[SAVED] 3I6G: non-problematic trimmed; trimmed_removed=304; output=3i6g_trimmed_mhc.pdb
[SAVED] 4L29: non-problematic trimmed; trimmed_removed=100; output=4l29_trimmed_mhc.pdb
[SAVED] 6BJ2: non-problematic trimmed; trimmed_removed=95; output=6bj2_trimmed_mhc.pdb
[SAVED] 7WT3: non-problematic trimmed; trimmed_removed=346; output=7wt3_trimmed_mhc.pdb
[SAVED] 4I4W: non-problematic trimmed; trimmed_removed=331; output=4i4w_trimmed_mhc.pdb
[SAVED] 7NDU: non-problematic trimmed; trimmed_removed=98; output=7ndu_trimmed_mhc.pdb
[SAVED] 5EU4: non-problematic trimmed; trimmed_removed=188; output=5eu4_trimmed_mhc.pdb
[SAVED] 6VB7: non-problematic trimmed; trimmed_removed=321; output=6vb7_trimmed_mhc.pdb
[SAVED] 3KPO: non-problematic trimmed; trimmed_removed=233; output=3kpo_trimmed_mhc.pdb
[SAVED] 3PWJ: non-problematic trimmed; trimmed_removed=324; output=3pwj_trimmed_mhc.pdb
[SAVED] 7N6D: non-problematic trimmed; trimmed_removed=128; output=7n6d_trimmed_mhc.pdb
[SAVED] 4E5X: non-problematic trimmed; trimmed_removed=202; output=4e5x_trimmed_mhc.pdb
[SAVED] 5C09: non-problematic trimmed; trimmed_removed=114; output=5c09_trimmed_mhc.pdb
[SAVED] 1AGD: non-problematic trimmed; trimmed_removed=408; output=1agd_trimmed_mhc.pdb
[SAVED] 7KGR: non-problematic trimmed; trimmed_removed=282; output=7kgr_trimmed_mhc.pdb
[SAVED] 1AO7: non-problematic trimmed; trimmed_removed=107; output=1ao7_trimmed_mhc.pdb
[SAVED] 7SIH: non-problematic trimmed; trimmed_removed=272; output=7sih_trimmed_mhc.pdb
[SAVED] 3GSR: non-problematic trimmed; trimmed_removed=210; output=3gsr_trimmed_mhc.pdb
[SAVED] 3H7B: non-problematic trimmed; trimmed_removed=297; output=3h7b_trimmed_mhc.pdb
[SAVED] 7Q98: non-problematic trimmed; trimmed_removed=143; output=7q98_trimmed_mhc.pdb
[SAVED] 1TVH: non-problematic trimmed; trimmed_removed=336; output=1tvh_trimmed_mhc.pdb
[SAVED] 3GSU: non-problematic trimmed; trimmed_removed=192; output=3gsu_trimmed_mhc.pdb
[SAVED] 3BZE: non-problematic trimmed; trimmed_removed=139; output=3bze_trimmed_mhc.pdb
[SAVED] 7EJN: non-problematic trimmed; trimmed_removed=177; output=7ejn_trimmed_mhc.pdb
[SAVED] 8RJI: non-problematic trimmed; trimmed_removed=169; output=8rji_trimmed_mhc.pdb
[SAVED] 3MRJ: non-problematic trimmed; trimmed_removed=242; output=3mrj_trimmed_mhc.pdb
[SAVED] 2J8U: non-problematic trimmed; trimmed_removed=95; output=2j8u_trimmed_mhc.pdb
[SAVED] 4FTV: non-problematic trimmed; trimmed_removed=110; output=4ftv_trimmed_mhc.pdb
[SAVED] 3HAE: non-problematic trimmed; trimmed_removed=96; output=3hae_trimmed_mhc.pdb
[SAVED] 6UZN: non-problematic trimmed; trimmed_removed=247; output=6uzn_trimmed_mhc.pdb
[SAVED] 1QR1: non-problematic trimmed; trimmed_removed=137; output=1qr1_trimmed_mhc.pdb
[SAVED] 6V3J: non-problematic trimmed; trimmed_removed=279; output=6v3j_trimmed_mhc.pdb
[SAVED] 5NMF: non-problematic trimmed; trimmed_removed=105; output=5nmf_trimmed_mhc.pdb
[SAVED] 7Q9A: non-problematic trimmed; trimmed_removed=182; output=7q9a_trimmed_mhc.pdb
[SAVED] 7JYW: non-problematic trimmed; trimmed_removed=112; output=7jyw_trimmed_mhc.pdb
[SAVED] 2AV7: non-problematic trimmed; trimmed_removed=325; output=2av7_trimmed_mhc.pdb
[SAVED] 6PYV: non-problematic trimmed; trimmed_removed=541; output=6pyv_trimmed_mhc.pdb
[SAVED] 7N1F: non-problematic trimmed; trimmed_removed=123; output=7n1f_trimmed_mhc.pdb
[SAVED] 6VM7: non-problematic trimmed; trimmed_removed=138; output=6vm7_trimmed_mhc.pdb
[SAVED] 8EMK: non-problematic trimmed; trimmed_removed=392; output=8emk_trimmed_mhc.pdb
[SAVED] 6D2R: non-problematic trimmed; trimmed_removed=453; output=6d2r_trimmed_mhc.pdb
[SAVED] 7U21: non-problematic trimmed; trimmed_removed=345; output=7u21_trimmed_mhc.pdb
[MHC_MANUAL] 6TDP: moved ligand groups to chains=['C']
[SAVED] 6TDP: action=move; new_ligand_chains=['C']; moved=2; trimmed_removed=446; output=6tdp_trimmed_mhc.pdb
[SAVED] 5DDH: non-problematic trimmed; trimmed_removed=343; output=5ddh_trimmed_mhc.pdb
[SAVED] 7M8T: non-problematic trimmed; trimmed_removed=422; output=7m8t_trimmed_mhc.pdb
[SAVED] 3VFS: non-problematic trimmed; trimmed_removed=507; output=3vfs_trimmed_mhc.pdb
[MHC_AUTO] 3VRI: [276] -> chain D
[SAVED] 3VRI: action=auto_non_aminoacid_only; new_ligand_chains=['D']; moved=1; trimmed_removed=494; output=3vri_trimmed_mhc.pdb
[SAVED] 6Z9V: non-problematic trimmed; trimmed_removed=273; output=6z9v_trimmed_mhc.pdb
[SAVED] 4U1L: non-problematic trimmed; trimmed_removed=245; output=4u1l_trimmed_mhc.pdb
[SAVED] 7NMG: non-problematic trimmed; trimmed_removed=138; output=7nmg_trimmed_mhc.pdb
[SAVED] 2BCK: non-problematic trimmed; trimmed_removed=144; output=2bck_trimmed_mhc.pdb
[SAVED] 2RFX: non-problematic trimmed; trimmed_removed=231; output=2rfx_trimmed_mhc.pdb
[SAVED] 6UJ9: non-problematic trimmed; trimmed_removed=107; output=6uj9_trimmed_mhc.pdb
[SAVED] 8EK5: non-problematic trimmed; trimmed_removed=238; output=8ek5_trimmed_mhc.pdb
[SAVED] 2BNR: non-problematic trimmed; trimmed_removed=254; output=2bnr_trimmed_mhc.pdb
[SAVED] 1AGE: non-problematic trimmed; trimmed_removed=351; output=1age_trimmed_mhc.pdb
[SAVED] 7QPJ: non-problematic trimmed; trimmed_removed=292; output=7qpj_trimmed_mhc.pdb
[SAVED] 5EUO: non-problematic trimmed; trimmed_removed=122; output=5euo_trimmed_mhc.pdb
[SAVED] 3FT3: non-problematic trimmed; trimmed_removed=204; output=3ft3_trimmed_mhc.pdb
[SAVED] 3MRH: non-problematic trimmed; trimmed_removed=102; output=3mrh_trimmed_mhc.pdb
[SAVED] 7Q9B: non-problematic trimmed; trimmed_removed=107; output=7q9b_trimmed_mhc.pdb
[SAVED] 5N1Y: non-problematic trimmed; trimmed_removed=312; output=5n1y_trimmed_mhc.pdb
[SAVED] 6UJO: non-problematic trimmed; trimmed_removed=183; output=6ujo_trimmed_mhc.pdb
[SAVED] 4GKS: non-problematic trimmed; trimmed_removed=135; output=4gks_trimmed_mhc.pdb
[SAVED] 6VB6: non-problematic trimmed; trimmed_removed=324; output=6vb6_trimmed_mhc.pdb
[SAVED] 3L3J: non-problematic trimmed; trimmed_removed=167; output=3l3j_trimmed_mhc.pdb
[MHC_MANUAL] 7SR5: moved ligand groups to chains=['C']
[SAVED] 7SR5: action=move; new_ligand_chains=['C']; moved=12; trimmed_removed=275; output=7sr5_trimmed_mhc.pdb
[SAVED] 5EOT: non-problematic trimmed; trimmed_removed=204; output=5eot_trimmed_mhc.pdb
[SAVED] 7SIF: non-problematic trimmed; trimmed_removed=268; output=7sif_trimmed_mhc.pdb
[SAVED] 5MEP: non-problematic trimmed; trimmed_removed=127; output=5mep_trimmed_mhc.pdb
[SAVED] 4QRS: non-problematic trimmed; trimmed_removed=515; output=4qrs_trimmed_mhc.pdb
[SAVED] 6IEX: non-problematic trimmed; trimmed_removed=171; output=6iex_trimmed_mhc.pdb
[SAVED] 3KYN: non-problematic trimmed; trimmed_removed=174; output=3kyn_trimmed_mhc.pdb
[SAVED] 4HWZ: non-problematic trimmed; trimmed_removed=241; output=4hwz_trimmed_mhc.pdb
[SAVED] 7MJ8: non-problematic trimmed; trimmed_removed=293; output=7mj8_trimmed_mhc.pdb
[SAVED] 3BHB: non-problematic trimmed; trimmed_removed=186; output=3bhb_trimmed_mhc.pdb
[SAVED] 8RNH: non-problematic trimmed; trimmed_removed=284; output=8rnh_trimmed_mhc.pdb
[SAVED] 6SS7: non-problematic trimmed; trimmed_removed=189; output=6ss7_trimmed_mhc.pdb
[SAVED] 6P2F: non-problematic trimmed; trimmed_removed=289; output=6p2f_trimmed_mhc.pdb
[SAVED] 5FA3: non-problematic trimmed; trimmed_removed=289; output=5fa3_trimmed_mhc.pdb
[SAVED] 3KPP: non-problematic trimmed; trimmed_removed=455; output=3kpp_trimmed_mhc.pdb
[SAVED] 8UDR: non-problematic trimmed; trimmed_removed=95; output=8udr_trimmed_mhc.pdb
[SAVED] 4MJI: non-problematic trimmed; trimmed_removed=96; output=4mji_trimmed_mhc.pdb
[SAVED] 7N2O: non-problematic trimmed; trimmed_removed=116; output=7n2o_trimmed_mhc.pdb
[SAVED] 1I7U: non-problematic trimmed; trimmed_removed=243; output=1i7u_trimmed_mhc.pdb
[SAVED] 8SBL: non-problematic trimmed; trimmed_removed=96; output=8sbl_trimmed_mhc.pdb
[SAVED] 3LKO: non-problematic trimmed; trimmed_removed=275; output=3lko_trimmed_mhc.pdb
[SAVED] 3RL1: non-problematic trimmed; trimmed_removed=379; output=3rl1_trimmed_mhc.pdb
[SAVED] 3HG1: non-problematic trimmed; trimmed_removed=116; output=3hg1_trimmed_mhc.pdb
[SAVED] 4NNY: non-problematic trimmed; trimmed_removed=321; output=4nny_trimmed_mhc.pdb
[SAVED] 3VXM: non-problematic trimmed; trimmed_removed=206; output=3vxm_trimmed_mhc.pdb
[SAVED] 1I7R: non-problematic trimmed; trimmed_removed=129; output=1i7r_trimmed_mhc.pdb
[SAVED] 5C0E: non-problematic trimmed; trimmed_removed=404; output=5c0e_trimmed_mhc.pdb
[SAVED] 6UZP: non-problematic trimmed; trimmed_removed=317; output=6uzp_trimmed_mhc.pdb
[SAVED] 5W67: non-problematic trimmed; trimmed_removed=252; output=5w67_trimmed_mhc.pdb
[SAVED] 7SU9: non-problematic trimmed; trimmed_removed=208; output=7su9_trimmed_mhc.pdb
[SAVED] 6VB5: non-problematic trimmed; trimmed_removed=346; output=6vb5_trimmed_mhc.pdb
[SAVED] 4JRY: non-problematic trimmed; trimmed_removed=116; output=4jry_trimmed_mhc.pdb
[SAVED] 2HJL: non-problematic trimmed; trimmed_removed=415; output=2hjl_trimmed_mhc.pdb
[SAVED] 3LKN: non-problematic trimmed; trimmed_removed=221; output=3lkn_trimmed_mhc.pdb
[SAVED] 2JCC: non-problematic trimmed; trimmed_removed=104; output=2jcc_trimmed_mhc.pdb
[SAVED] 6ULK: non-problematic trimmed; trimmed_removed=191; output=6ulk_trimmed_mhc.pdb
[SAVED] 3MRG: non-problematic trimmed; trimmed_removed=483; output=3mrg_trimmed_mhc.pdb
[SAVED] 7MJ6: non-problematic trimmed; trimmed_removed=279; output=7mj6_trimmed_mhc.pdb
[SAVED] 3MV9: non-problematic trimmed; trimmed_removed=110; output=3mv9_trimmed_mhc.pdb
[SAVED] 6XQA: non-problematic trimmed; trimmed_removed=273; output=6xqa_trimmed_mhc.pdb
[SAVED] 8TUB: non-problematic trimmed; trimmed_removed=212; output=8tub_trimmed_mhc.pdb
[SAVED] 5C0F: non-problematic trimmed; trimmed_removed=438; output=5c0f_trimmed_mhc.pdb
[SAVED] 3MRP: non-problematic trimmed; trimmed_removed=192; output=3mrp_trimmed_mhc.pdb
[SAVED] 4U6X: non-problematic trimmed; trimmed_removed=372; output=4u6x_trimmed_mhc.pdb
[SAVED] 3MRO: non-problematic trimmed; trimmed_removed=117; output=3mro_trimmed_mhc.pdb
[SAVED] 5WMO: non-problematic trimmed; trimmed_removed=578; output=5wmo_trimmed_mhc.pdb
[SAVED] 5C0D: non-problematic trimmed; trimmed_removed=452; output=5c0d_trimmed_mhc.pdb
[SAVED] 3GSV: non-problematic trimmed; trimmed_removed=197; output=3gsv_trimmed_mhc.pdb
[SAVED] 3UTQ: non-problematic trimmed; trimmed_removed=476; output=3utq_trimmed_mhc.pdb
[SAVED] 1JF1: non-problematic trimmed; trimmed_removed=312; output=1jf1_trimmed_mhc.pdb
[SAVED] 2BNQ: non-problematic trimmed; trimmed_removed=249; output=2bnq_trimmed_mhc.pdb
[SAVED] 3QFD: non-problematic trimmed; trimmed_removed=362; output=3qfd_trimmed_mhc.pdb
[SAVED] 3BH9: non-problematic trimmed; trimmed_removed=327; output=3bh9_trimmed_mhc.pdb
[SAVED] 6VMX: non-problematic trimmed; trimmed_removed=116; output=6vmx_trimmed_mhc.pdb
[SAVED] 4MJ6: non-problematic trimmed; trimmed_removed=157; output=4mj6_trimmed_mhc.pdb
[SAVED] 6UZO: non-problematic trimmed; trimmed_removed=298; output=6uzo_trimmed_mhc.pdb
[SAVED] 1N2R: non-problematic trimmed; trimmed_removed=436; output=1n2r_trimmed_mhc.pdb
[SAVED] 7Q99: non-problematic trimmed; trimmed_removed=113; output=7q99_trimmed_mhc.pdb
[SAVED] 8EMJ: non-problematic trimmed; trimmed_removed=417; output=8emj_trimmed_mhc.pdb
[SAVED] 5TEZ: non-problematic trimmed; trimmed_removed=341; output=5tez_trimmed_mhc.pdb
[SAVED] 3FQN: non-problematic trimmed; trimmed_removed=450; output=3fqn_trimmed_mhc.pdb
[MHC_MANUAL] 7SR0: moved ligand groups to chains=['C']
[SAVED] 7SR0: action=move; new_ligand_chains=['C']; moved=11; trimmed_removed=225; output=7sr0_trimmed_mhc.pdb
[SAVED] 3VFR: non-problematic trimmed; trimmed_removed=437; output=3vfr_trimmed_mhc.pdb
[SAVED] 7N2S: non-problematic trimmed; trimmed_removed=100; output=7n2s_trimmed_mhc.pdb
[SAVED] 2HN7: non-problematic trimmed; trimmed_removed=479; output=2hn7_trimmed_mhc.pdb
[SAVED] 3OXS: non-problematic trimmed; trimmed_removed=391; output=3oxs_trimmed_mhc.pdb
[SAVED] 3O3A: non-problematic trimmed; trimmed_removed=322; output=3o3a_trimmed_mhc.pdb
[SAVED] 6OPD: non-problematic trimmed; trimmed_removed=379; output=6opd_trimmed_mhc.pdb
[SAVED] 6AMU: non-problematic trimmed; trimmed_removed=235; output=6amu_trimmed_mhc.pdb
[SAVED] 6EWO: non-problematic trimmed; trimmed_removed=153; output=6ewo_trimmed_mhc.pdb
[SAVED] 4I48: non-problematic trimmed; trimmed_removed=97; output=4i48_trimmed_mhc.pdb
[SAVED] 5IND: non-problematic trimmed; trimmed_removed=227; output=5ind_trimmed_mhc.pdb
[SAVED] 3KLA: non-problematic trimmed; trimmed_removed=698; output=3kla_trimmed_mhc.pdb
[SAVED] 3BWA: non-problematic trimmed; trimmed_removed=515; output=3bwa_trimmed_mhc.pdb
[SAVED] 6BXQ: non-problematic trimmed; trimmed_removed=387; output=6bxq_trimmed_mhc.pdb
[SAVED] 6O9B: non-problematic trimmed; trimmed_removed=226; output=6o9b_trimmed_mhc.pdb
[SAVED] 4WJ5: non-problematic trimmed; trimmed_removed=283; output=4wj5_trimmed_mhc.pdb
[MHC_MANUAL] 7SR3: moved ligand groups to chains=['C']
[SAVED] 7SR3: action=move; new_ligand_chains=['C']; moved=14; trimmed_removed=203; output=7sr3_trimmed_mhc.pdb
[SAVED] 4QRP: non-problematic trimmed; trimmed_removed=97; output=4qrp_trimmed_mhc.pdb
[SAVED] 5EU6: non-problematic trimmed; trimmed_removed=205; output=5eu6_trimmed_mhc.pdb
[SAVED] 5INC: non-problematic trimmed; trimmed_removed=99; output=5inc_trimmed_mhc.pdb
[SAVED] 9BL2: non-problematic trimmed; trimmed_removed=226; output=9bl2_trimmed_mhc.pdb
[SAVED] 7X1C: non-problematic trimmed; trimmed_removed=482; output=7x1c_trimmed_mhc.pdb
[SAVED] 3MRK: non-problematic trimmed; trimmed_removed=324; output=3mrk_trimmed_mhc.pdb
[SAVED] 8ESH: non-problematic trimmed; trimmed_removed=123; output=8esh_trimmed_mhc.pdb
[SAVED] 5VWJ: non-problematic trimmed; trimmed_removed=427; output=5vwj_trimmed_mhc.pdb
[SAVED] 4PR5: non-problematic trimmed; trimmed_removed=467; output=4pr5_trimmed_mhc.pdb
[SAVED] 1X7Q: non-problematic trimmed; trimmed_removed=500; output=1x7q_trimmed_mhc.pdb
[SAVED] 3LKP: non-problematic trimmed; trimmed_removed=258; output=3lkp_trimmed_mhc.pdb
[SAVED] 6SS8: non-problematic trimmed; trimmed_removed=174; output=6ss8_trimmed_mhc.pdb
[SAVED] 3VXO: non-problematic trimmed; trimmed_removed=171; output=3vxo_trimmed_mhc.pdb
[SAVED] 8RNE: non-problematic trimmed; trimmed_removed=283; output=8rne_trimmed_mhc.pdb
[SAVED] 6VB4: non-problematic trimmed; trimmed_removed=280; output=6vb4_trimmed_mhc.pdb
[SAVED] 6VIU: non-problematic trimmed; trimmed_removed=279; output=6viu_trimmed_mhc.pdb
[SAVED] 3MRE: non-problematic trimmed; trimmed_removed=575; output=3mre_trimmed_mhc.pdb
[DUPLICATES] 9DL1: removed_chains=['C']
[SAVED] 9DL1: non-problematic trimmed; trimmed_removed=211; output=9dl1_trimmed_mhc.pdb
[SAVED] 2AXG: non-problematic trimmed; trimmed_removed=336; output=2axg_trimmed_mhc.pdb
[SAVED] 3QZW: non-problematic trimmed; trimmed_removed=138; output=3qzw_trimmed_mhc.pdb
[SAVED] 6AT5: non-problematic trimmed; trimmed_removed=717; output=6at5_trimmed_mhc.pdb
[SAVED] 3TO2: non-problematic trimmed; trimmed_removed=156; output=3to2_trimmed_mhc.pdb
[SAVED] 1MI5: non-problematic trimmed; trimmed_removed=169; output=1mi5_trimmed_mhc.pdb
[SAVED] 3FQR: non-problematic trimmed; trimmed_removed=464; output=3fqr_trimmed_mhc.pdb
[SAVED] 7YG3: non-problematic trimmed; trimmed_removed=554; output=7yg3_trimmed_mhc.pdb
[SAVED] 8XKE: non-problematic trimmed; trimmed_removed=223; output=8xke_trimmed_mhc.pdb
[SAVED] 3KPQ: non-problematic trimmed; trimmed_removed=503; output=3kpq_trimmed_mhc.pdb
[MHC_MANUAL] 6VQZ: moved ligand groups to chains=['D']
[SAVED] 6VQZ: action=move; new_ligand_chains=['D']; moved=1; trimmed_removed=146; output=6vqz_trimmed_mhc.pdb
[MHC_MANUAL] 7SR4: moved ligand groups to chains=['C']
[SAVED] 7SR4: action=move; new_ligand_chains=['C']; moved=14; trimmed_removed=189; output=7sr4_trimmed_mhc.pdb
[SAVED] 6MT5: non-problematic trimmed; trimmed_removed=686; output=6mt5_trimmed_mhc.pdb
[SAVED] 3KYO: non-problematic trimmed; trimmed_removed=437; output=3kyo_trimmed_mhc.pdb
[SAVED] 1K5N: non-problematic trimmed; trimmed_removed=773; output=1k5n_trimmed_mhc.pdb
[SAVED] 4JFD: non-problematic trimmed; trimmed_removed=133; output=4jfd_trimmed_mhc.pdb
[SAVED] 7MLE: non-problematic trimmed; trimmed_removed=308; output=7mle_trimmed_mhc.pdb
[SAVED] 7N2P: non-problematic trimmed; trimmed_removed=111; output=7n2p_trimmed_mhc.pdb
[SAVED] 6EQA: non-problematic trimmed; trimmed_removed=96; output=6eqa_trimmed_mhc.pdb
[SAVED] 3MRF: non-problematic trimmed; trimmed_removed=209; output=3mrf_trimmed_mhc.pdb
[SAVED] 8EMF: non-problematic trimmed; trimmed_removed=412; output=8emf_trimmed_mhc.pdb
[SAVED] 3DX6: non-problematic trimmed; trimmed_removed=444; output=3dx6_trimmed_mhc.pdb
[SAVED] 3MRR: non-problematic trimmed; trimmed_removed=277; output=3mrr_trimmed_mhc.pdb
[SAVED] 3VXR: non-problematic trimmed; trimmed_removed=173; output=3vxr_trimmed_mhc.pdb
[SKIPPED] 8RH6: already present in 2_trimmed_mhc
[SAVED] 3MYJ: non-problematic trimmed; trimmed_removed=242; output=3myj_trimmed_mhc.pdb
[SAVED] 3MRD: non-problematic trimmed; trimmed_removed=273; output=3mrd_trimmed_mhc.pdb
[SAVED] 5MEO: non-problematic trimmed; trimmed_removed=345; output=5meo_trimmed_mhc.pdb
[SAVED] 7XF3: non-problematic trimmed; trimmed_removed=394; output=7xf3_trimmed_mhc.pdb
[SAVED] 5VUD: non-problematic trimmed; trimmed_removed=431; output=5vud_trimmed_mhc.pdb
[SAVED] 5T6Z: non-problematic trimmed; trimmed_removed=385; output=5t6z_trimmed_mhc.pdb
[SAVED] 1AGB: non-problematic trimmed; trimmed_removed=328; output=1agb_trimmed_mhc.pdb
[SAVED] 7N1A: non-problematic trimmed; trimmed_removed=283; output=7n1a_trimmed_mhc.pdb
[SAVED] 6O51: non-problematic trimmed; trimmed_removed=431; output=6o51_trimmed_mhc.pdb
[SAVED] 3AM8: non-problematic trimmed; trimmed_removed=124; output=3am8_trimmed_mhc.pdb
[SAVED] 5EU5: non-problematic trimmed; trimmed_removed=276; output=5eu5_trimmed_mhc.pdb
[SAVED] 6BJ3: non-problematic trimmed; trimmed_removed=209; output=6bj3_trimmed_mhc.pdb
[SAVED] 5NMH: non-problematic trimmed; trimmed_removed=434; output=5nmh_trimmed_mhc.pdb
[SAVED] 2FZ3: non-problematic trimmed; trimmed_removed=249; output=2fz3_trimmed_mhc.pdb
[MHC_MANUAL] 6VQY: moved ligand groups to chains=['D']
[SAVED] 6VQY: action=move; new_ligand_chains=['D']; moved=1; trimmed_removed=136; output=6vqy_trimmed_mhc.pdb
[MHC_MANUAL] 6TDO: moved ligand groups to chains=['C']
[SAVED] 6TDO: action=move; new_ligand_chains=['C']; moved=2; trimmed_removed=485; output=6tdo_trimmed_mhc.pdb
[SAVED] 2V2X: non-problematic trimmed; trimmed_removed=524; output=2v2x_trimmed_mhc.pdb
[SAVED] 6RPB: non-problematic trimmed; trimmed_removed=112; output=6rpb_trimmed_mhc.pdb
[SAVED] 5EO0: non-problematic trimmed; trimmed_removed=455; output=5eo0_trimmed_mhc.pdb
[SAVED] 3QDM: non-problematic trimmed; trimmed_removed=109; output=3qdm_trimmed_mhc.pdb
[SAVED] 8RNF: non-problematic trimmed; trimmed_removed=371; output=8rnf_trimmed_mhc.pdb
[SAVED] 4L3E: non-problematic trimmed; trimmed_removed=99; output=4l3e_trimmed_mhc.pdb
[SAVED] 3MRN: non-problematic trimmed; trimmed_removed=158; output=3mrn_trimmed_mhc.pdb
[SAVED] 4HX1: non-problematic trimmed; trimmed_removed=378; output=4hx1_trimmed_mhc.pdb
[SAVED] 6JTO: non-problematic trimmed; trimmed_removed=521; output=6jto_trimmed_mhc.pdb
[SAVED] 4NT6: non-problematic trimmed; trimmed_removed=393; output=4nt6_trimmed_mhc.pdb
[SAVED] 3GIV: non-problematic trimmed; trimmed_removed=318; output=3giv_trimmed_mhc.pdb
[SAVED] 4WU7: non-problematic trimmed; trimmed_removed=168; output=4wu7_trimmed_mhc.pdb
[SAVED] 6VMC: non-problematic trimmed; trimmed_removed=103; output=6vmc_trimmed_mhc.pdb
[SAVED] 8ELH: non-problematic trimmed; trimmed_removed=334; output=8elh_trimmed_mhc.pdb
[SAVED] 1AGC: non-problematic trimmed; trimmed_removed=388; output=1agc_trimmed_mhc.pdb
[SAVED] 6AVG: non-problematic trimmed; trimmed_removed=178; output=6avg_trimmed_mhc.pdb
[SAVED] 3D25: non-problematic trimmed; trimmed_removed=358; output=3d25_trimmed_mhc.pdb
[SAVED] 3SPV: non-problematic trimmed; trimmed_removed=478; output=3spv_trimmed_mhc.pdb
[SAVED] 4U1M: non-problematic trimmed; trimmed_removed=524; output=4u1m_trimmed_mhc.pdb
[SAVED] 4PRI: non-problematic trimmed; trimmed_removed=118; output=4pri_trimmed_mhc.pdb
[SAVED] 5C0J: non-problematic trimmed; trimmed_removed=195; output=5c0j_trimmed_mhc.pdb
[SAVED] 1DUZ: non-problematic trimmed; trimmed_removed=298; output=1duz_trimmed_mhc.pdb
[SAVED] 1A1O: non-problematic trimmed; trimmed_removed=177; output=1a1o_trimmed_mhc.pdb
[SAVED] 6V2Q: non-problematic trimmed; trimmed_removed=553; output=6v2q_trimmed_mhc.pdb
[SAVED] 7OW3: non-problematic trimmed; trimmed_removed=139; output=7ow3_trimmed_mhc.pdb
[SAVED] 7TUC: non-problematic trimmed; trimmed_removed=432; output=7tuc_trimmed_mhc.pdb
[SAVED] 5C0A: non-problematic trimmed; trimmed_removed=117; output=5c0a_trimmed_mhc.pdb
[SAVED] 8V51: non-problematic trimmed; trimmed_removed=218; output=8v51_trimmed_mhc.pdb
[SAVED] 8RJH: non-problematic trimmed; trimmed_removed=111; output=8rjh_trimmed_mhc.pdb
[SAVED] 1TVB: non-problematic trimmed; trimmed_removed=412; output=1tvb_trimmed_mhc.pdb
[SAVED] 2GIT: non-problematic trimmed; trimmed_removed=344; output=2git_trimmed_mhc.pdb
[SAVED] 5F7D: non-problematic trimmed; trimmed_removed=135; output=5f7d_trimmed_mhc.pdb
[SAVED] 5YXN: non-problematic trimmed; trimmed_removed=293; output=5yxn_trimmed_mhc.pdb
[SAVED] 7TLT: non-problematic trimmed; trimmed_removed=108; output=7tlt_trimmed_mhc.pdb
[SAVED] 3VFW: non-problematic trimmed; trimmed_removed=256; output=3vfw_trimmed_mhc.pdb
[MHC_MANUAL] 6D7G: moved ligand groups to chains=['D']
[SAVED] 6D7G: action=move; new_ligand_chains=['D']; moved=10; trimmed_removed=197; output=6d7g_trimmed_mhc.pdb
[MHC_MANUAL] 8FRT: moved ligand groups to chains=['B']
[SAVED] 8FRT: action=move; new_ligand_chains=['B']; moved=13; trimmed_removed=436; output=8frt_trimmed_mhc.pdb
[SAVED] 3MRI: non-problematic trimmed; trimmed_removed=116; output=3mri_trimmed_mhc.pdb
[SAVED] 2GT9: non-problematic trimmed; trimmed_removed=361; output=2gt9_trimmed_mhc.pdb
[SAVED] 6ULN: non-problematic trimmed; trimmed_removed=211; output=6uln_trimmed_mhc.pdb
[SAVED] 5BS0: non-problematic trimmed; trimmed_removed=104; output=5bs0_trimmed_mhc.pdb
[SAVED] 6PYJ: non-problematic trimmed; trimmed_removed=403; output=6pyj_trimmed_mhc.pdb
[SAVED] 1IM3: non-problematic trimmed; trimmed_removed=342; output=1im3_trimmed_mhc.pdb
[SAVED] 3I6K: non-problematic trimmed; trimmed_removed=151; output=3i6k_trimmed_mhc.pdb
[SAVED] 2H6P: non-problematic trimmed; trimmed_removed=402; output=2h6p_trimmed_mhc.pdb
[SAVED] 3VFT: non-problematic trimmed; trimmed_removed=420; output=3vft_trimmed_mhc.pdb
[SAVED] 7R7V: non-problematic trimmed; trimmed_removed=408; output=7r7v_trimmed_mhc.pdb
[SAVED] 8FJA: non-problematic trimmed; trimmed_removed=94; output=8fja_trimmed_mhc.pdb
[SAVED] 7M8U: non-problematic trimmed; trimmed_removed=405; output=7m8u_trimmed_mhc.pdb
[SAVED] 4PRP: non-problematic trimmed; trimmed_removed=123; output=4prp_trimmed_mhc.pdb
[SAVED] 7M8S: non-problematic trimmed; trimmed_removed=210; output=7m8s_trimmed_mhc.pdb
[SAVED] 3SKO: non-problematic trimmed; trimmed_removed=384; output=3sko_trimmed_mhc.pdb
[SAVED] 3DX7: non-problematic trimmed; trimmed_removed=405; output=3dx7_trimmed_mhc.pdb
[SAVED] 1XH3: non-problematic trimmed; trimmed_removed=508; output=1xh3_trimmed_mhc.pdb
[SAVED] 3X14: non-problematic trimmed; trimmed_removed=363; output=3x14_trimmed_mhc.pdb
[SAVED] 3BW9: non-problematic trimmed; trimmed_removed=415; output=3bw9_trimmed_mhc.pdb
[SAVED] 5KNM: non-problematic trimmed; trimmed_removed=97; output=5knm_trimmed_mhc.pdb
[SAVED] 7SIG: non-problematic trimmed; trimmed_removed=387; output=7sig_trimmed_mhc.pdb
[SAVED] 5C0G: non-problematic trimmed; trimmed_removed=382; output=5c0g_trimmed_mhc.pdb
[SAVED] 2YPL: non-problematic trimmed; trimmed_removed=171; output=2ypl_trimmed_mhc.pdb
[MHC_AUTO] 5U98: [274] -> chain D
[SAVED] 5U98: action=auto_non_aminoacid_only; new_ligand_chains=['D']; moved=1; trimmed_removed=380; output=5u98_trimmed_mhc.pdb
[SAVED] 2V2W: non-problematic trimmed; trimmed_removed=486; output=2v2w_trimmed_mhc.pdb
[SAVED] 5NQK: non-problematic trimmed; trimmed_removed=95; output=5nqk_trimmed_mhc.pdb
[SAVED] 6PTB: non-problematic trimmed; trimmed_removed=269; output=6ptb_trimmed_mhc.pdb
[SAVED] 2GTZ: non-problematic trimmed; trimmed_removed=367; output=2gtz_trimmed_mhc.pdb
[SAVED] 5WXD: non-problematic trimmed; trimmed_removed=94; output=5wxd_trimmed_mhc.pdb
[SAVED] 4NNX: non-problematic trimmed; trimmed_removed=249; output=4nnx_trimmed_mhc.pdb
[SAVED] 9BLA: non-problematic trimmed; trimmed_removed=96; output=9bla_trimmed_mhc.pdb
[SAVED] 8EMI: non-problematic trimmed; trimmed_removed=455; output=8emi_trimmed_mhc.pdb
[SAVED] 5WWI: non-problematic trimmed; trimmed_removed=94; output=5wwi_trimmed_mhc.pdb
[SAVED] 7X00: non-problematic trimmed; trimmed_removed=511; output=7x00_trimmed_mhc.pdb
[SAVED] 5NHT: non-problematic trimmed; trimmed_removed=100; output=5nht_trimmed_mhc.pdb
[SAVED] 7UR1: non-problematic trimmed; trimmed_removed=103; output=7ur1_trimmed_mhc.pdb
[SAVED] 3L3G: non-problematic trimmed; trimmed_removed=341; output=3l3g_trimmed_mhc.pdb
[SAVED] 3BGM: non-problematic trimmed; trimmed_removed=372; output=3bgm_trimmed_mhc.pdb
[SAVED] 4NO2: non-problematic trimmed; trimmed_removed=277; output=4no2_trimmed_mhc.pdb
[SAVED] 6UK4: non-problematic trimmed; trimmed_removed=95; output=6uk4_trimmed_mhc.pdb
[SAVED] 7L1B: non-problematic trimmed; trimmed_removed=314; output=7l1b_trimmed_mhc.pdb
[SAVED] 4U1N: non-problematic trimmed; trimmed_removed=321; output=4u1n_trimmed_mhc.pdb
[SAVED] 1SYS: non-problematic trimmed; trimmed_removed=231; output=1sys_trimmed_mhc.pdb
[SAVED] 1EEZ: non-problematic trimmed; trimmed_removed=106; output=1eez_trimmed_mhc.pdb
[SAVED] 5C0I: non-problematic trimmed; trimmed_removed=295; output=5c0i_trimmed_mhc.pdb
[SAVED] 7N2N: non-problematic trimmed; trimmed_removed=121; output=7n2n_trimmed_mhc.pdb
[SKIPPED] 9DL1: already present in 2_trimmed_mhc
[SAVED] 3W39: non-problematic trimmed; trimmed_removed=97; output=3w39_trimmed_mhc.pdb
[SAVED] 2X4P: non-problematic trimmed; trimmed_removed=239; output=2x4p_trimmed_mhc.pdb
[SAVED] 7S8R: non-problematic trimmed; trimmed_removed=106; output=7s8r_trimmed_mhc.pdb
[SAVED] 4PRB: non-problematic trimmed; trimmed_removed=389; output=4prb_trimmed_mhc.pdb
[SAVED] 7STG: non-problematic trimmed; trimmed_removed=205; output=7stg_trimmed_mhc.pdb
[SAVED] 1SYV: non-problematic trimmed; trimmed_removed=542; output=1syv_trimmed_mhc.pdb
[SAVED] 3W0W: non-problematic trimmed; trimmed_removed=210; output=3w0w_trimmed_mhc.pdb
[SAVED] 7DZM: non-problematic trimmed; trimmed_removed=207; output=7dzm_trimmed_mhc.pdb
[SAVED] 4PRH: non-problematic trimmed; trimmed_removed=72; output=4prh_trimmed_mhc.pdb
[SAVED] 3KPL: non-problematic trimmed; trimmed_removed=298; output=3kpl_trimmed_mhc.pdb
[SAVED] 6ULR: non-problematic trimmed; trimmed_removed=102; output=6ulr_trimmed_mhc.pdb
[SAVED] 6O53: non-problematic trimmed; trimmed_removed=356; output=6o53_trimmed_mhc.pdb
[SAVED] 6UJQ: non-problematic trimmed; trimmed_removed=149; output=6ujq_trimmed_mhc.pdb
[SAVED] 3BVN: non-problematic trimmed; trimmed_removed=182; output=3bvn_trimmed_mhc.pdb
[SAVED] 6VRM: non-problematic trimmed; trimmed_removed=101; output=6vrm_trimmed_mhc.pdb
[SAVED] 2FYY: non-problematic trimmed; trimmed_removed=321; output=2fyy_trimmed_mhc.pdb
[SAVED] 6TDS: non-problematic trimmed; trimmed_removed=213; output=6tds_trimmed_mhc.pdb
[SAVED] 1JHT: non-problematic trimmed; trimmed_removed=256; output=1jht_trimmed_mhc.pdb
[SAVED] 5VWH: non-problematic trimmed; trimmed_removed=445; output=5vwh_trimmed_mhc.pdb
[SAVED] 2VLJ: non-problematic trimmed; trimmed_removed=186; output=2vlj_trimmed_mhc.pdb
[SAVED] 1E28: non-problematic trimmed; trimmed_removed=96; output=1e28_trimmed_mhc.pdb
[SAVED] 7UC5: non-problematic trimmed; trimmed_removed=459; output=7uc5_trimmed_mhc.pdb
[SAVED] 5YXU: non-problematic trimmed; trimmed_removed=127; output=5yxu_trimmed_mhc.pdb
[SAVED] 2X4Q: non-problematic trimmed; trimmed_removed=213; output=2x4q_trimmed_mhc.pdb
[SAVED] 4NO3: non-problematic trimmed; trimmed_removed=375; output=4no3_trimmed_mhc.pdb
[SAVED] 3CDG: non-problematic trimmed; trimmed_removed=95; output=3cdg_trimmed_mhc.pdb
[SAVED] 8WUL: non-problematic trimmed; trimmed_removed=127; output=8wul_trimmed_mhc.pdb
[SAVED] 3D18: non-problematic trimmed; trimmed_removed=371; output=3d18_trimmed_mhc.pdb
[SAVED] 4UQ2: non-problematic trimmed; trimmed_removed=187; output=4uq2_trimmed_mhc.pdb
[SAVED] 1ZHK: non-problematic trimmed; trimmed_removed=426; output=1zhk_trimmed_mhc.pdb
[SAVED] 8VCL: non-problematic trimmed; trimmed_removed=238; output=8vcl_trimmed_mhc.pdb
[SAVED] 6D29: non-problematic trimmed; trimmed_removed=439; output=6d29_trimmed_mhc.pdb
[SAVED] 4U1J: non-problematic trimmed; trimmed_removed=407; output=4u1j_trimmed_mhc.pdb
[SAVED] 7L1D: non-problematic trimmed; trimmed_removed=94; output=7l1d_trimmed_mhc.pdb
[SAVED] 8CX4: non-problematic trimmed; trimmed_removed=126; output=8cx4_trimmed_mhc.pdb
[SAVED] 4U1S: non-problematic trimmed; trimmed_removed=291; output=4u1s_trimmed_mhc.pdb
[SAVED] 3LKQ: non-problematic trimmed; trimmed_removed=292; output=3lkq_trimmed_mhc.pdb
[SAVED] 6RPA: non-problematic trimmed; trimmed_removed=128; output=6rpa_trimmed_mhc.pdb
[SAVED] 8GOM: non-problematic trimmed; trimmed_removed=139; output=8gom_trimmed_mhc.pdb
[SAVED] 5NME: non-problematic trimmed; trimmed_removed=112; output=5nme_trimmed_mhc.pdb
[SAVED] 6VR5: non-problematic trimmed; trimmed_removed=174; output=6vr5_trimmed_mhc.pdb
[SAVED] 3KPM: non-problematic trimmed; trimmed_removed=521; output=3kpm_trimmed_mhc.pdb
[SAVED] 7TUE: non-problematic trimmed; trimmed_removed=94; output=7tue_trimmed_mhc.pdb
[SAVED] 3FFC: non-problematic trimmed; trimmed_removed=105; output=3ffc_trimmed_mhc.pdb
[SAVED] 7PDW: non-problematic trimmed; trimmed_removed=228; output=7pdw_trimmed_mhc.pdb
[SAVED] 4MJ5: non-problematic trimmed; trimmed_removed=238; output=4mj5_trimmed_mhc.pdb
[SAVED] 6AT9: non-problematic trimmed; trimmed_removed=94; output=6at9_trimmed_mhc.pdb
[SAVED] 1XR8: non-problematic trimmed; trimmed_removed=271; output=1xr8_trimmed_mhc.pdb
[SAVED] 4JFQ: non-problematic trimmed; trimmed_removed=368; output=4jfq_trimmed_mhc.pdb
[SAVED] 7RE8: non-problematic trimmed; trimmed_removed=120; output=7re8_trimmed_mhc.pdb
[DUPLICATES] 3DTX: removed_chains=['B']
[SAVED] 3DTX: non-problematic trimmed; trimmed_removed=245; output=3dtx_trimmed_mhc.pdb
[SKIPPED] 3DTX: already present in 2_trimmed_mhc
[SAVED] 5T70: non-problematic trimmed; trimmed_removed=243; output=5t70_trimmed_mhc.pdb
[SAVED] 7R7W: non-problematic trimmed; trimmed_removed=562; output=7r7w_trimmed_mhc.pdb
[SAVED] 6VQ2: non-problematic trimmed; trimmed_removed=289; output=6vq2_trimmed_mhc.pdb
[SAVED] 6DKP: non-problematic trimmed; trimmed_removed=95; output=6dkp_trimmed_mhc.pdb
[SAVED] 9ASF: non-problematic trimmed; trimmed_removed=463; output=9asf_trimmed_mhc.pdb
[SAVED] 2X4T: non-problematic trimmed; trimmed_removed=165; output=2x4t_trimmed_mhc.pdb
[SAVED] 7K81: non-problematic trimmed; trimmed_removed=183; output=7k81_trimmed_mhc.pdb
[SAVED] 5IEK: non-problematic trimmed; trimmed_removed=485; output=5iek_trimmed_mhc.pdb
[SAVED] 3DX8: non-problematic trimmed; trimmed_removed=270; output=3dx8_trimmed_mhc.pdb
[SAVED] 5GSD: non-problematic trimmed; trimmed_removed=275; output=5gsd_trimmed_mhc.pdb
[SAVED] 6VQO: non-problematic trimmed; trimmed_removed=94; output=6vqo_trimmed_mhc.pdb
[SAVED] 6V2O: non-problematic trimmed; trimmed_removed=491; output=6v2o_trimmed_mhc.pdb
[SAVED] 6PZ5: non-problematic trimmed; trimmed_removed=460; output=6pz5_trimmed_mhc.pdb
[SAVED] 5MEQ: non-problematic trimmed; trimmed_removed=175; output=5meq_trimmed_mhc.pdb
[SAVED] 4LNR: non-problematic trimmed; trimmed_removed=438; output=4lnr_trimmed_mhc.pdb
[SAVED] 4JFO: non-problematic trimmed; trimmed_removed=232; output=4jfo_trimmed_mhc.pdb
[SAVED] 6K60: non-problematic trimmed; trimmed_removed=85; output=6k60_trimmed_mhc.pdb
[SAVED] 4PRE: non-problematic trimmed; trimmed_removed=492; output=4pre_trimmed_mhc.pdb
[SAVED] 8REF: non-problematic trimmed; trimmed_removed=214; output=8ref_trimmed_mhc.pdb
[SAVED] 6UZM: non-problematic trimmed; trimmed_removed=439; output=6uzm_trimmed_mhc.pdb
[SAVED] 3LKS: non-problematic trimmed; trimmed_removed=236; output=3lks_trimmed_mhc.pdb
[SAVED] 6BJ8: non-problematic trimmed; trimmed_removed=306; output=6bj8_trimmed_mhc.pdb
[SAVED] 3MRL: non-problematic trimmed; trimmed_removed=131; output=3mrl_trimmed_mhc.pdb
[SAVED] 1ZSD: non-problematic trimmed; trimmed_removed=402; output=1zsd_trimmed_mhc.pdb
[SAVED] 4QRQ: non-problematic trimmed; trimmed_removed=539; output=4qrq_trimmed_mhc.pdb
[SAVED] 3MV7: non-problematic trimmed; trimmed_removed=230; output=3mv7_trimmed_mhc.pdb
[SAVED] 1JGD: non-problematic trimmed; trimmed_removed=415; output=1jgd_trimmed_mhc.pdb
[SAVED] 6TMO: non-problematic trimmed; trimmed_removed=225; output=6tmo_trimmed_mhc.pdb
[SAVED] 7R80: non-problematic trimmed; trimmed_removed=156; output=7r80_trimmed_mhc.pdb
[SAVED] 7K80: non-problematic trimmed; trimmed_removed=122; output=7k80_trimmed_mhc.pdb
[SAVED] 6Q3K: non-problematic trimmed; trimmed_removed=535; output=6q3k_trimmed_mhc.pdb
[SAVED] 1ZHL: non-problematic trimmed; trimmed_removed=528; output=1zhl_trimmed_mhc.pdb
[SAVED] 2YPK: non-problematic trimmed; trimmed_removed=470; output=2ypk_trimmed_mhc.pdb
[SAVED] 3VCL: non-problematic trimmed; trimmed_removed=401; output=3vcl_trimmed_mhc.pdb
[SAVED] 7R7Y: non-problematic trimmed; trimmed_removed=513; output=7r7y_trimmed_mhc.pdb
[SAVED] 8F7M: non-problematic trimmed; trimmed_removed=396; output=8f7m_trimmed_mhc.pdb
[SAVED] 8DNT: non-problematic trimmed; trimmed_removed=95; output=8dnt_trimmed_mhc.pdb
[SAVED] 1W0W: non-problematic trimmed; trimmed_removed=415; output=1w0w_trimmed_mhc.pdb
[SAVED] 7PHR: non-problematic trimmed; trimmed_removed=95; output=7phr_trimmed_mhc.pdb
[SAVED] 5VGD: non-problematic trimmed; trimmed_removed=188; output=5vgd_trimmed_mhc.pdb
[SAVED] 8WTE: non-problematic trimmed; trimmed_removed=217; output=8wte_trimmed_mhc.pdb
[SAVED] 7STF: non-problematic trimmed; trimmed_removed=97; output=7stf_trimmed_mhc.pdb
[SAVED] 7EU2: non-problematic trimmed; trimmed_removed=100; output=7eu2_trimmed_mhc.pdb
[SAVED] 9ASG: non-problematic trimmed; trimmed_removed=387; output=9asg_trimmed_mhc.pdb
[SAVED] 6VR1: non-problematic trimmed; trimmed_removed=256; output=6vr1_trimmed_mhc.pdb
[SAVED] 1M6O: non-problematic trimmed; trimmed_removed=569; output=1m6o_trimmed_mhc.pdb
[SAVED] 9BL3: non-problematic trimmed; trimmed_removed=280; output=9bl3_trimmed_mhc.pdb
[SAVED] 6EWA: non-problematic trimmed; trimmed_removed=102; output=6ewa_trimmed_mhc.pdb
[SAVED] 5XOS: non-problematic trimmed; trimmed_removed=457; output=5xos_trimmed_mhc.pdb
[SAVED] 6PYL: non-problematic trimmed; trimmed_removed=418; output=6pyl_trimmed_mhc.pdb
[SAVED] 6Y26: non-problematic trimmed; trimmed_removed=586; output=6y26_trimmed_mhc.pdb
[MHC_MANUAL] 7ST3: moved ligand groups to chains=['C']
[SAVED] 7ST3: action=move; new_ligand_chains=['C']; moved=5; trimmed_removed=173; output=7st3_trimmed_mhc.pdb
[SAVED] 5DEF: non-problematic trimmed; trimmed_removed=505; output=5def_trimmed_mhc.pdb
[SAVED] 2AK4: non-problematic trimmed; trimmed_removed=125; output=2ak4_trimmed_mhc.pdb
[SAVED] 1I1Y: non-problematic trimmed; trimmed_removed=159; output=1i1y_trimmed_mhc.pdb
[SAVED] 5WMQ: non-problematic trimmed; trimmed_removed=435; output=5wmq_trimmed_mhc.pdb
[SAVED] 6NCA: non-problematic trimmed; trimmed_removed=95; output=6nca_trimmed_mhc.pdb
[SAVED] 4U1H: non-problematic trimmed; trimmed_removed=337; output=4u1h_trimmed_mhc.pdb
[SAVED] 3VH8: non-problematic trimmed; trimmed_removed=451; output=3vh8_trimmed_mhc.pdb
[SAVED] 1W0V: non-problematic trimmed; trimmed_removed=405; output=1w0v_trimmed_mhc.pdb
[SAVED] 5GRG: non-problematic trimmed; trimmed_removed=271; output=5grg_trimmed_mhc.pdb
[SAVED] 2HJK: non-problematic trimmed; trimmed_removed=342; output=2hjk_trimmed_mhc.pdb
[SAVED] 3VFO: non-problematic trimmed; trimmed_removed=415; output=3vfo_trimmed_mhc.pdb
[MHC_MANUAL] 7SSH: moved ligand groups to chains=['C']
[SAVED] 7SSH: action=move; new_ligand_chains=['C']; moved=10; trimmed_removed=196; output=7ssh_trimmed_mhc.pdb
[SAVED] 3L3I: non-problematic trimmed; trimmed_removed=473; output=3l3i_trimmed_mhc.pdb
[SAVED] 6PA1: non-problematic trimmed; trimmed_removed=92; output=6pa1_trimmed_mhc.pdb
[SAVED] 3HLA: non-problematic trimmed; trimmed_removed=120; output=3hla_trimmed_mhc.pdb
[SAVED] 2X4O: non-problematic trimmed; trimmed_removed=206; output=2x4o_trimmed_mhc.pdb
[MHC_MANUAL] 9C6X: moved ligand groups to chains=['B']
[SAVED] 9C6X: action=move; new_ligand_chains=['B']; moved=13; trimmed_removed=449; output=9c6x_trimmed_mhc.pdb
[SAVED] 1HHJ: non-problematic trimmed; trimmed_removed=95; output=1hhj_trimmed_mhc.pdb
[SAVED] 7ALO: non-problematic trimmed; trimmed_removed=293; output=7alo_trimmed_mhc.pdb
[SAVED] 5B38: non-problematic trimmed; trimmed_removed=197; output=5b38_trimmed_mhc.pdb
[MHC_MANUAL] 7SQP: moved ligand groups to chains=['C']
[SAVED] 7SQP: action=move; new_ligand_chains=['C']; moved=13; trimmed_removed=233; output=7sqp_trimmed_mhc.pdb
[SAVED] 2PYE: non-problematic trimmed; trimmed_removed=231; output=2pye_trimmed_mhc.pdb
[SAVED] 3KPS: non-problematic trimmed; trimmed_removed=99; output=3kps_trimmed_mhc.pdb
[SAVED] 3LKR: non-problematic trimmed; trimmed_removed=213; output=3lkr_trimmed_mhc.pdb
[SAVED] 6VQE: non-problematic trimmed; trimmed_removed=368; output=6vqe_trimmed_mhc.pdb
[SAVED] 3B3I: non-problematic trimmed; trimmed_removed=407; output=3b3i_trimmed_mhc.pdb
[SAVED] 5GRD: non-problematic trimmed; trimmed_removed=384; output=5grd_trimmed_mhc.pdb
[SAVED] 6G3K: non-problematic trimmed; trimmed_removed=105; output=6g3k_trimmed_mhc.pdb
[SAVED] 2X4R: non-problematic trimmed; trimmed_removed=212; output=2x4r_trimmed_mhc.pdb
[SAVED] 8GVB: non-problematic trimmed; trimmed_removed=94; output=8gvb_trimmed_mhc.pdb
[SAVED] 8VJZ: non-problematic trimmed; trimmed_removed=414; output=8vjz_trimmed_mhc.pdb
[SAVED] 4PRD: non-problematic trimmed; trimmed_removed=393; output=4prd_trimmed_mhc.pdb
[SAVED] 4L3C: non-problematic trimmed; trimmed_removed=104; output=4l3c_trimmed_mhc.pdb
[SAVED] 6D78: non-problematic trimmed; trimmed_removed=187; output=6d78_trimmed_mhc.pdb
[SAVED] 8V4Z: non-problematic trimmed; trimmed_removed=150; output=8v4z_trimmed_mhc.pdb
[SKIPPED] 8RHQ: already present in 2_trimmed_mhc
[SAVED] 6VRN: non-problematic trimmed; trimmed_removed=203; output=6vrn_trimmed_mhc.pdb
[MHC_MANUAL] 8TNJ: moved ligand groups to chains=['F']
[SAVED] 8TNJ: action=move; new_ligand_chains=['F']; moved=9; trimmed_removed=195; output=8tnj_trimmed_mhc.pdb
[SAVED] 5NMG: non-problematic trimmed; trimmed_removed=128; output=5nmg_trimmed_mhc.pdb
[SAVED] 9BL9: non-problematic trimmed; trimmed_removed=105; output=9bl9_trimmed_mhc.pdb
[SAVED] 4QRU: non-problematic trimmed; trimmed_removed=518; output=4qru_trimmed_mhc.pdb
[SAVED] 3KPR: non-problematic trimmed; trimmed_removed=115; output=3kpr_trimmed_mhc.pdb
[SAVED] 2CIK: non-problematic trimmed; trimmed_removed=345; output=2cik_trimmed_mhc.pdb
[SAVED] 4K7F: non-problematic trimmed; trimmed_removed=547; output=4k7f_trimmed_mhc.pdb
[SAVED] 7T0L: non-problematic trimmed; trimmed_removed=96; output=7t0l_trimmed_mhc.pdb
[SAVED] 3KWW: non-problematic trimmed; trimmed_removed=376; output=3kww_trimmed_mhc.pdb
[SAVED] 2BVQ: non-problematic trimmed; trimmed_removed=322; output=2bvq_trimmed_mhc.pdb
[SAVED] 3VFM: non-problematic trimmed; trimmed_removed=402; output=3vfm_trimmed_mhc.pdb
[SAVED] 2BSS: non-problematic trimmed; trimmed_removed=234; output=2bss_trimmed_mhc.pdb
[SAVED] 3L3D: non-problematic trimmed; trimmed_removed=513; output=3l3d_trimmed_mhc.pdb
[SAVED] 2NW3: non-problematic trimmed; trimmed_removed=420; output=2nw3_trimmed_mhc.pdb
[SAVED] 7X1B: non-problematic trimmed; trimmed_removed=473; output=7x1b_trimmed_mhc.pdb
[SAVED] 3QDG: non-problematic trimmed; trimmed_removed=104; output=3qdg_trimmed_mhc.pdb
[SAVED] 4JQX: non-problematic trimmed; trimmed_removed=242; output=4jqx_trimmed_mhc.pdb
[SAVED] 5MER: non-problematic trimmed; trimmed_removed=240; output=5mer_trimmed_mhc.pdb
[SAVED] 3DXA: non-problematic trimmed; trimmed_removed=96; output=3dxa_trimmed_mhc.pdb
[SAVED] 2BST: non-problematic trimmed; trimmed_removed=207; output=2bst_trimmed_mhc.pdb
[SAVED] 4QRT: non-problematic trimmed; trimmed_removed=568; output=4qrt_trimmed_mhc.pdb
[SAVED] 9BL4: non-problematic trimmed; trimmed_removed=296; output=9bl4_trimmed_mhc.pdb
[SAVED] 8RJ5: non-problematic trimmed; trimmed_removed=96; output=8rj5_trimmed_mhc.pdb
[SAVED] 6VB3: non-problematic trimmed; trimmed_removed=308; output=6vb3_trimmed_mhc.pdb
[SAVED] 8FJB: non-problematic trimmed; trimmed_removed=93; output=8fjb_trimmed_mhc.pdb
[SAVED] 5D2L: non-problematic trimmed; trimmed_removed=104; output=5d2l_trimmed_mhc.pdb
[SKIPPED] 8RH6: already present in 2_trimmed_mhc
[SAVED] 6EQB: non-problematic trimmed; trimmed_removed=102; output=6eqb_trimmed_mhc.pdb
[SAVED] 6PYW: non-problematic trimmed; trimmed_removed=470; output=6pyw_trimmed_mhc.pdb
[SAVED] 3QEQ: non-problematic trimmed; trimmed_removed=134; output=3qeq_trimmed_mhc.pdb
[SAVED] 7CIR: non-problematic trimmed; trimmed_removed=375; output=7cir_trimmed_mhc.pdb
[SAVED] 5IB5: non-problematic trimmed; trimmed_removed=162; output=5ib5_trimmed_mhc.pdb
[SAVED] 2P5W: non-problematic trimmed; trimmed_removed=327; output=2p5w_trimmed_mhc.pdb
[SAVED] 3MV8: non-problematic trimmed; trimmed_removed=165; output=3mv8_trimmed_mhc.pdb
[SAVED] 3WUW: non-problematic trimmed; trimmed_removed=318; output=3wuw_trimmed_mhc.pdb
[SAVED] 5B39: non-problematic trimmed; trimmed_removed=158; output=5b39_trimmed_mhc.pdb
[MHC_AUTO] 3UPR: [276] -> chain D
[SAVED] 3UPR: action=auto_non_aminoacid_only; new_ligand_chains=['D']; moved=1; trimmed_removed=232; output=3upr_trimmed_mhc.pdb
[SAVED] 3O3D: non-problematic trimmed; trimmed_removed=341; output=3o3d_trimmed_mhc.pdb
[SAVED] 8GVG: non-problematic trimmed; trimmed_removed=94; output=8gvg_trimmed_mhc.pdb
[SAVED] 2C7U: non-problematic trimmed; trimmed_removed=164; output=2c7u_trimmed_mhc.pdb
[SAVED] 4GKN: non-problematic trimmed; trimmed_removed=119; output=4gkn_trimmed_mhc.pdb
[SAVED] 1KTL: non-problematic trimmed; trimmed_removed=96; output=1ktl_trimmed_mhc.pdb
[SAVED] 6Y2B: non-problematic trimmed; trimmed_removed=591; output=6y2b_trimmed_mhc.pdb
[SAVED] 2X4U: non-problematic trimmed; trimmed_removed=201; output=2x4u_trimmed_mhc.pdb
[SAVED] 3SKM: non-problematic trimmed; trimmed_removed=415; output=3skm_trimmed_mhc.pdb
[SAVED] 8RCV: non-problematic trimmed; trimmed_removed=336; output=8rcv_trimmed_mhc.pdb
[SAVED] 6Y29: non-problematic trimmed; trimmed_removed=574; output=6y29_trimmed_mhc.pdb
[SAVED] 4EUP: non-problematic trimmed; trimmed_removed=98; output=4eup_trimmed_mhc.pdb
[SAVED] 3LV3: non-problematic trimmed; trimmed_removed=336; output=3lv3_trimmed_mhc.pdb
[SAVED] 2AXF: non-problematic trimmed; trimmed_removed=478; output=2axf_trimmed_mhc.pdb
[SAVED] 3BP7: non-problematic trimmed; trimmed_removed=473; output=3bp7_trimmed_mhc.pdb
[SAVED] 3KPN: non-problematic trimmed; trimmed_removed=416; output=3kpn_trimmed_mhc.pdb
[SAVED] 1TMC: non-problematic trimmed; trimmed_removed=71; output=1tmc_trimmed_mhc.pdb
[SAVED] 3QDJ: non-problematic trimmed; trimmed_removed=119; output=3qdj_trimmed_mhc.pdb
[SAVED] 5WMR: non-problematic trimmed; trimmed_removed=496; output=5wmr_trimmed_mhc.pdb
[SAVED] 7RE7: non-problematic trimmed; trimmed_removed=128; output=7re7_trimmed_mhc.pdb
[SKIPPED] 8RHQ: already present in 2_trimmed_mhc
[SAVED] 5DEG: non-problematic trimmed; trimmed_removed=372; output=5deg_trimmed_mhc.pdb
[SAVED] 5IB1: non-problematic trimmed; trimmed_removed=202; output=5ib1_trimmed_mhc.pdb
[SAVED] 4G9D: non-problematic trimmed; trimmed_removed=475; output=4g9d_trimmed_mhc.pdb
[SAVED] 8VRA: non-problematic trimmed; trimmed_removed=97; output=8vra_trimmed_mhc.pdb
[SAVED] 2VLR: non-problematic trimmed; trimmed_removed=186; output=2vlr_trimmed_mhc.pdb
[SAVED] 3BP4: non-problematic trimmed; trimmed_removed=451; output=3bp4_trimmed_mhc.pdb
[SAVED] 6VQD: non-problematic trimmed; trimmed_removed=463; output=6vqd_trimmed_mhc.pdb
[SAVED] 8HN4: non-problematic trimmed; trimmed_removed=96; output=8hn4_trimmed_mhc.pdb
[SAVED] 1M05: non-problematic trimmed; trimmed_removed=365; output=1m05_trimmed_mhc.pdb
[SAVED] 7DYN: non-problematic trimmed; trimmed_removed=455; output=7dyn_trimmed_mhc.pdb
[SAVED] 6Y28: non-problematic trimmed; trimmed_removed=552; output=6y28_trimmed_mhc.pdb
[SAVED] 7CIS: non-problematic trimmed; trimmed_removed=297; output=7cis_trimmed_mhc.pdb
[SAVED] 1KPR: non-problematic trimmed; trimmed_removed=96; output=1kpr_trimmed_mhc.pdb
[SAVED] 4G9F: non-problematic trimmed; trimmed_removed=270; output=4g9f_trimmed_mhc.pdb
[SAVED] 5D2N: non-problematic trimmed; trimmed_removed=206; output=5d2n_trimmed_mhc.pdb
[SAVED] 1A1M: non-problematic trimmed; trimmed_removed=231; output=1a1m_trimmed_mhc.pdb
[SAVED] 3BO8: non-problematic trimmed; trimmed_removed=478; output=3bo8_trimmed_mhc.pdb
[MHC_MANUAL] 9C6W: moved ligand groups to chains=['B']
[SAVED] 9C6W: action=move; new_ligand_chains=['B']; moved=11; trimmed_removed=418; output=9c6w_trimmed_mhc.pdb
[SAVED] 6EI2: non-problematic trimmed; trimmed_removed=416; output=6ei2_trimmed_mhc.pdb
[SAVED] 6Y27: non-problematic trimmed; trimmed_removed=557; output=6y27_trimmed_mhc.pdb
[SAVED] 4G8I: non-problematic trimmed; trimmed_removed=439; output=4g8i_trimmed_mhc.pdb
[SAVED] 8ESB: non-problematic trimmed; trimmed_removed=93; output=8esb_trimmed_mhc.pdb
[SAVED] 8RRO: non-problematic trimmed; trimmed_removed=95; output=8rro_trimmed_mhc.pdb
[SAVED] 6VPZ: non-problematic trimmed; trimmed_removed=305; output=6vpz_trimmed_mhc.pdb
[MHC_MANUAL] 6APN: moved ligand groups to chains=['B']
[SAVED] 6APN: action=move; new_ligand_chains=['B']; moved=12; trimmed_removed=292; output=6apn_trimmed_mhc.pdb
[SAVED] 1UXW: non-problematic trimmed; trimmed_removed=528; output=1uxw_trimmed_mhc.pdb
[SAVED] 8YIV: non-problematic trimmed; trimmed_removed=238; output=8yiv_trimmed_mhc.pdb
[MHC_MANUAL] 9C6V: moved ligand groups to chains=['B']
[SAVED] 9C6V: action=move; new_ligand_chains=['B']; moved=11; trimmed_removed=360; output=9c6v_trimmed_mhc.pdb
[SAVED] 3CZF: non-problematic trimmed; trimmed_removed=592; output=3czf_trimmed_mhc.pdb
[SAVED] 1HSA: non-problematic trimmed; trimmed_removed=245; output=1hsa_trimmed_mhc.pdb
[SAVED] 5IB4: non-problematic trimmed; trimmed_removed=247; output=5ib4_trimmed_mhc.pdb
[SAVED] 2A83: non-problematic trimmed; trimmed_removed=569; output=2a83_trimmed_mhc.pdb
[SAVED] 2BSR: non-problematic trimmed; trimmed_removed=219; output=2bsr_trimmed_mhc.pdb
[DUPLICATES] 8T7R: removed_chains=['E', 'G']
[SAVED] 8T7R: non-problematic trimmed; trimmed_removed=2; output=8t7r_trimmed_mhc.pdb
[SAVED] 1OF2: non-problematic trimmed; trimmed_removed=350; output=1of2_trimmed_mhc.pdb
[SAVED] 8VR9: non-problematic trimmed; trimmed_removed=94; output=8vr9_trimmed_mhc.pdb
[SAVED] 8T6M: non-problematic trimmed; trimmed_removed=1; output=8t6m_trimmed_mhc.pdb
[SAVED] 7CIQ: non-problematic trimmed; trimmed_removed=468; output=7ciq_trimmed_mhc.pdb
[SAVED] 5VGE: non-problematic trimmed; trimmed_removed=112; output=5vge_trimmed_mhc.pdb
[SAVED] 6UON: non-problematic trimmed; trimmed_removed=94; output=6uon_trimmed_mhc.pdb
[SAVED] 8YJ2: non-problematic trimmed; trimmed_removed=205; output=8yj2_trimmed_mhc.pdb
[SAVED] 5IB2: non-problematic trimmed; trimmed_removed=418; output=5ib2_trimmed_mhc.pdb
[SAVED] 3B6S: non-problematic trimmed; trimmed_removed=499; output=3b6s_trimmed_mhc.pdb
[SAVED] 1OGT: non-problematic trimmed; trimmed_removed=586; output=1ogt_trimmed_mhc.pdb
[SAVED] 7N2Q: non-problematic trimmed; trimmed_removed=110; output=7n2q_trimmed_mhc.pdb
[SAVED] 6Y2A: non-problematic trimmed; trimmed_removed=603; output=6y2a_trimmed_mhc.pdb
[SAVED] 8V50: non-problematic trimmed; trimmed_removed=155; output=8v50_trimmed_mhc.pdb
[SAVED] 8GVI: non-problematic trimmed; trimmed_removed=94; output=8gvi_trimmed_mhc.pdb
[SAVED] 3CII: non-problematic trimmed; trimmed_removed=94; output=3cii_trimmed_mhc.pdb
[SAVED] 7QPD: non-problematic trimmed; trimmed_removed=96; output=7qpd_trimmed_mhc.pdb
[SAVED] 4U1K: non-problematic trimmed; trimmed_removed=311; output=4u1k_trimmed_mhc.pdb
[SAVED] 1JGE: non-problematic trimmed; trimmed_removed=427; output=1jge_trimmed_mhc.pdb
[SAVED] 8ESA: non-problematic trimmed; trimmed_removed=93; output=8esa_trimmed_mhc.pdb
[SKIPPED] 8T7R: already present in 2_trimmed_mhc
[SKIPPED] 8T7R: already present in 2_trimmed_mhc
[SAVED] 5IB3: non-problematic trimmed; trimmed_removed=309; output=5ib3_trimmed_mhc.pdb
[SAVED] 1UXS: non-problematic trimmed; trimmed_removed=590; output=1uxs_trimmed_mhc.pdb
[SAVED] 2HLA: non-problematic trimmed; trimmed_removed=96; output=2hla_trimmed_mhc.pdb
[SAVED] 8EC5: non-problematic trimmed; trimmed_removed=345; output=8ec5_trimmed_mhc.pdb
[SAVED] 8VRB: non-problematic trimmed; trimmed_removed=94; output=8vrb_trimmed_mhc.pdb
[SAVED] 1QQD: non-problematic trimmed; trimmed_removed=116; output=1qqd_trimmed_mhc.pdb
[SAVED] 7DUU: non-problematic trimmed; trimmed_removed=160; output=7duu_trimmed_mhc.pdb
[SAVED] 1EFX: non-problematic trimmed; trimmed_removed=174; output=1efx_trimmed_mhc.pdb
[SAVED] 8TMU: non-problematic trimmed; trimmed_removed=128; output=8tmu_trimmed_mhc.pdb
[SAVED] 5XS3: non-problematic trimmed; trimmed_removed=180; output=5xs3_trimmed_mhc.pdb
[DUPLICATES] 1IM9: removed_chains=['E']
[SAVED] 1IM9: non-problematic trimmed; trimmed_removed=172; output=1im9_trimmed_mhc.pdb
[SKIPPED] 1IM9: already present in 2_trimmed_mhc
[SAVED] 5E6I: non-problematic trimmed; trimmed_removed=81; output=5e6i_trimmed_mhc.pdb
[MHC_MANUAL] 9C3E: moved ligand groups to chains=['D']
[SAVED] 9C3E: action=move; new_ligand_chains=['D']; moved=9; trimmed_removed=156; output=9c3e_trimmed_mhc.pdb
[MHC_AUTO] 6PUI: [266] -> chain E
[SAVED] 6PUI: action=auto_non_aminoacid_only; new_ligand_chains=['E']; moved=1; trimmed_removed=414; output=6pui_trimmed_mhc.pdb
[MHC_AUTO] 5U1R: [268] -> chain E
[SAVED] 5U1R: action=auto_non_aminoacid_only; new_ligand_chains=['E']; moved=1; trimmed_removed=114; output=5u1r_trimmed_mhc.pdb
[SAVED] 5U72: non-problematic trimmed; trimmed_removed=151; output=5u72_trimmed_mhc.pdb
[MHC_AUTO] 6PUL: [268] -> chain E
[SAVED] 6PUL: action=auto_non_aminoacid_only; new_ligand_chains=['E']; moved=1; trimmed_removed=396; output=6pul_trimmed_mhc.pdb
[MHC_AUTO] 5U16: [266] -> chain E
[SAVED] 5U16: action=auto_non_aminoacid_only; new_ligand_chains=['E']; moved=1; trimmed_removed=320; output=5u16_trimmed_mhc.pdb
[MHC_AUTO] 6PUD: [266] -> chain E
[SAVED] 6PUD: action=auto_non_aminoacid_only; new_ligand_chains=['E']; moved=1; trimmed_removed=455; output=6pud_trimmed_mhc.pdb
[MHC_AUTO] 6XQP: [244] -> chain E
[SAVED] 6XQP: action=auto_non_aminoacid_only; new_ligand_chains=['E']; moved=1; trimmed_removed=123; output=6xqp_trimmed_mhc.pdb
[MHC_AUTO] 7ZT8: [258] -> chain E
[SAVED] 7ZT8: action=auto_non_aminoacid_only; new_ligand_chains=['E']; moved=1; trimmed_removed=135; output=7zt8_trimmed_mhc.pdb
[MHC_AUTO] 9BTX: [267] -> chain E
[SAVED] 9BTX: action=auto_non_aminoacid_only; new_ligand_chains=['E']; moved=1; trimmed_removed=246; output=9btx_trimmed_mhc.pdb
[MHC_AUTO] 5U6Q: [262] -> chain E
[SAVED] 5U6Q: action=auto_non_aminoacid_only; new_ligand_chains=['E']; moved=1; trimmed_removed=343; output=5u6q_trimmed_mhc.pdb
[MHC_AUTO] 4NQD: [261] -> chain C
[SAVED] 4NQD: action=auto_non_aminoacid_only; new_ligand_chains=['C']; moved=1; trimmed_removed=196; output=4nqd_trimmed_mhc.pdb
[MHC_AUTO] 6PUM: [268] -> chain E
[SAVED] 6PUM: action=auto_non_aminoacid_only; new_ligand_chains=['E']; moved=1; trimmed_removed=362; output=6pum_trimmed_mhc.pdb
[MHC_AUTO] 4L4V: [263] -> chain E
[SAVED] 4L4V: action=auto_non_aminoacid_only; new_ligand_chains=['E']; moved=1; trimmed_removed=287; output=4l4v_trimmed_mhc.pdb
[MHC_AUTO] 6PUC: [266] -> chain E
[SAVED] 6PUC: action=auto_non_aminoacid_only; new_ligand_chains=['E']; moved=1; trimmed_removed=391; output=6puc_trimmed_mhc.pdb
[MHC_AUTO] 6PUJ: [268] -> chain E
[SAVED] 6PUJ: action=auto_non_aminoacid_only; new_ligand_chains=['E']; moved=1; trimmed_removed=360; output=6puj_trimmed_mhc.pdb
[MHC_AUTO] 6W9U: [266] -> chain E
[SAVED] 6W9U: action=auto_non_aminoacid_only; new_ligand_chains=['E']; moved=1; trimmed_removed=363; output=6w9u_trimmed_mhc.pdb
[MHC_AUTO] 6PUH: [266] -> chain E
[SAVED] 6PUH: action=auto_non_aminoacid_only; new_ligand_chains=['E']; moved=1; trimmed_removed=468; output=6puh_trimmed_mhc.pdb
[MHC_AUTO] 9CGR: [267] -> chain E
[SAVED] 9CGR: action=auto_non_aminoacid_only; new_ligand_chains=['E']; moved=1; trimmed_removed=162; output=9cgr_trimmed_mhc.pdb
[MHC_AUTO] 8Y6X: [266] -> chain E
[SAVED] 8Y6X: action=auto_non_aminoacid_only; new_ligand_chains=['E']; moved=1; trimmed_removed=89; output=8y6x_trimmed_mhc.pdb
[MHC_AUTO] 4PJF: [264] -> chain E
[SAVED] 4PJF: action=auto_non_aminoacid_only; new_ligand_chains=['E']; moved=1; trimmed_removed=248; output=4pjf_trimmed_mhc.pdb
[MHC_AUTO] 5D7I: [265] -> chain E
[SAVED] 5D7I: action=auto_non_aminoacid_only; new_ligand_chains=['E']; moved=1; trimmed_removed=334; output=5d7i_trimmed_mhc.pdb
[MHC_AUTO] 6PVD: [266] -> chain E
[SAVED] 6PVD: action=auto_non_aminoacid_only; new_ligand_chains=['E']; moved=1; trimmed_removed=290; output=6pvd_trimmed_mhc.pdb
[MHC_AUTO] 6PVC: [267] -> chain E
[SAVED] 6PVC: action=auto_non_aminoacid_only; new_ligand_chains=['E']; moved=1; trimmed_removed=328; output=6pvc_trimmed_mhc.pdb
[MHC_AUTO] 6PUF: [266] -> chain E
[SAVED] 6PUF: action=auto_non_aminoacid_only; new_ligand_chains=['E']; moved=1; trimmed_removed=425; output=6puf_trimmed_mhc.pdb
[MHC_AUTO] 4PJI: [263] -> chain E
[SAVED] 4PJI: action=auto_non_aminoacid_only; new_ligand_chains=['E']; moved=1; trimmed_removed=184; output=4pji_trimmed_mhc.pdb
[MHC_AUTO] 4NQE: [265] -> chain E
[SAVED] 4NQE: action=auto_non_aminoacid_only; new_ligand_chains=['E']; moved=1; trimmed_removed=247; output=4nqe_trimmed_mhc.pdb
[MHC_AUTO] 4NQC: [256] -> chain C
[SAVED] 4NQC: action=auto_non_aminoacid_only; new_ligand_chains=['C']; moved=1; trimmed_removed=256; output=4nqc_trimmed_mhc.pdb
[MHC_AUTO] 5U2V: [266] -> chain E
[SAVED] 5U2V: action=auto_non_aminoacid_only; new_ligand_chains=['E']; moved=1; trimmed_removed=273; output=5u2v_trimmed_mhc.pdb
[MHC_AUTO] 4PJ5: [264] -> chain E
[SAVED] 4PJ5: action=auto_non_aminoacid_only; new_ligand_chains=['E']; moved=1; trimmed_removed=324; output=4pj5_trimmed_mhc.pdb
[MHC_AUTO] 9BTY: [265] -> chain E
[SAVED] 9BTY: action=auto_non_aminoacid_only; new_ligand_chains=['E']; moved=1; trimmed_removed=140; output=9bty_trimmed_mhc.pdb
[MHC_AUTO] 6PUG: [266] -> chain E
[SAVED] 6PUG: action=auto_non_aminoacid_only; new_ligand_chains=['E']; moved=1; trimmed_removed=462; output=6pug_trimmed_mhc.pdb
[MHC_AUTO] 6PUE: [267] -> chain E
[SAVED] 6PUE: action=auto_non_aminoacid_only; new_ligand_chains=['E']; moved=1; trimmed_removed=349; output=6pue_trimmed_mhc.pdb
[MHC_AUTO] 5U17: [265] -> chain E
[SAVED] 5U17: action=auto_non_aminoacid_only; new_ligand_chains=['E']; moved=1; trimmed_removed=247; output=5u17_trimmed_mhc.pdb
[SAVED] 7ZT3: non-problematic trimmed; trimmed_removed=171; output=7zt3_trimmed_mhc.pdb
[MHC_AUTO] 4PJE: [267] -> chain E
[SAVED] 4PJE: action=auto_non_aminoacid_only; new_ligand_chains=['E']; moved=1; trimmed_removed=359; output=4pje_trimmed_mhc.pdb
[MHC_AUTO] 4PJ8: [261] -> chain E
[SAVED] 4PJ8: action=auto_non_aminoacid_only; new_ligand_chains=['E']; moved=1; trimmed_removed=87; output=4pj8_trimmed_mhc.pdb
[MHC_AUTO] 5D7L: [263] -> chain C
[SAVED] 5D7L: action=auto_non_aminoacid_only; new_ligand_chains=['C']; moved=1; trimmed_removed=85; output=5d7l_trimmed_mhc.pdb
[MHC_AUTO] 6PUK: [268] -> chain E
[SAVED] 6PUK: action=auto_non_aminoacid_only; new_ligand_chains=['E']; moved=1; trimmed_removed=303; output=6puk_trimmed_mhc.pdb
[SAVED] 6W9V: non-problematic trimmed; trimmed_removed=340; output=6w9v_trimmed_mhc.pdb
[MHC_AUTO] 7ZT2: [263] -> chain E
[SAVED] 7ZT2: action=auto_non_aminoacid_only; new_ligand_chains=['E']; moved=1; trimmed_removed=100; output=7zt2_trimmed_mhc.pdb
[MHC_AUTO] 4PJ9: [263] -> chain E
[SAVED] 4PJ9: action=auto_non_aminoacid_only; new_ligand_chains=['E']; moved=1; trimmed_removed=409; output=4pj9_trimmed_mhc.pdb
[MHC_AUTO] 9BTZ: [266] -> chain E
[SAVED] 9BTZ: action=auto_non_aminoacid_only; new_ligand_chains=['E']; moved=1; trimmed_removed=131; output=9btz_trimmed_mhc.pdb
[MHC_AUTO] 4PJG: [265] -> chain E
[SAVED] 4PJG: action=auto_non_aminoacid_only; new_ligand_chains=['E']; moved=1; trimmed_removed=234; output=4pjg_trimmed_mhc.pdb
[MHC_AUTO] 4PJC: [265] -> chain E
[SAVED] 4PJC: action=auto_non_aminoacid_only; new_ligand_chains=['E']; moved=1; trimmed_removed=262; output=4pjc_trimmed_mhc.pdb
[MHC_AUTO] 7UFJ: [268] -> chain E
[SAVED] 7UFJ: action=auto_non_aminoacid_only; new_ligand_chains=['E']; moved=1; trimmed_removed=174; output=7ufj_trimmed_mhc.pdb
[MHC_AUTO] 5D7J: [266] -> chain E
[SAVED] 5D7J: action=auto_non_aminoacid_only; new_ligand_chains=['E']; moved=1; trimmed_removed=276; output=5d7j_trimmed_mhc.pdb
[MHC_AUTO] 4PJ7: [265] -> chain E
[SAVED] 4PJ7: action=auto_non_aminoacid_only; new_ligand_chains=['E']; moved=1; trimmed_removed=211; output=4pj7_trimmed_mhc.pdb
[MHC_AUTO] 9BU0: [263] -> chain E
[SAVED] 9BU0: action=auto_non_aminoacid_only; new_ligand_chains=['E']; moved=1; trimmed_removed=115; output=9bu0_trimmed_mhc.pdb
[MHC_AUTO] 4PJH: [265] -> chain E
[SAVED] 4PJH: action=auto_non_aminoacid_only; new_ligand_chains=['E']; moved=1; trimmed_removed=394; output=4pjh_trimmed_mhc.pdb
[MHC_AUTO] 5D5M: [265] -> chain C
[SAVED] 5D5M: action=auto_non_aminoacid_only; new_ligand_chains=['C']; moved=1; trimmed_removed=241; output=5d5m_trimmed_mhc.pdb
[MHC_AUTO] 8BP6: [368] -> chain B
[SAVED] 8BP6: action=auto_non_aminoacid_only; new_ligand_chains=['B']; moved=1; trimmed_removed=194; output=8bp6_trimmed_mhc.pdb
[MHC_AUTO] 7ZT5: [269] -> chain E
[SAVED] 7ZT5: action=auto_non_aminoacid_only; new_ligand_chains=['E']; moved=1; trimmed_removed=117; output=7zt5_trimmed_mhc.pdb
[MHC_AUTO] 4PJD: [265] -> chain E
[SAVED] 4PJD: action=auto_non_aminoacid_only; new_ligand_chains=['E']; moved=1; trimmed_removed=209; output=4pjd_trimmed_mhc.pdb
[MHC_AUTO] 7ZT7: [268] -> chain E
[SAVED] 7ZT7: action=auto_non_aminoacid_only; new_ligand_chains=['E']; moved=1; trimmed_removed=193; output=7zt7_trimmed_mhc.pdb
[MHC_AUTO] 4PJX: [263] -> chain E
[SAVED] 4PJX: action=auto_non_aminoacid_only; new_ligand_chains=['E']; moved=1; trimmed_removed=290; output=4pjx_trimmed_mhc.pdb
[MHC_AUTO] 7ZT4: [265] -> chain E
[SAVED] 7ZT4: action=auto_non_aminoacid_only; new_ligand_chains=['E']; moved=1; trimmed_removed=158; output=7zt4_trimmed_mhc.pdb
[MHC_AUTO] 4PJA: [265] -> chain E
[SAVED] 4PJA: action=auto_non_aminoacid_only; new_ligand_chains=['E']; moved=1; trimmed_removed=222; output=4pja_trimmed_mhc.pdb
[MHC_AUTO] 7LLI: [264] -> chain E
[SAVED] 7LLI: action=auto_non_aminoacid_only; new_ligand_chains=['E']; moved=1; trimmed_removed=87; output=7lli_trimmed_mhc.pdb
[MHC_AUTO] 4LCW: [266] -> chain E
[SAVED] 4LCW: action=auto_non_aminoacid_only; new_ligand_chains=['E']; moved=1; trimmed_removed=156; output=4lcw_trimmed_mhc.pdb
[MHC_AUTO] 4L4T: [265] -> chain E
[SAVED] 4L4T: action=auto_non_aminoacid_only; new_ligand_chains=['E']; moved=1; trimmed_removed=313; output=4l4t_trimmed_mhc.pdb
[MHC_AUTO] 7UMG: [267] -> chain E
[SAVED] 7UMG: action=auto_non_aminoacid_only; new_ligand_chains=['E']; moved=1; trimmed_removed=169; output=7umg_trimmed_mhc.pdb
[MHC_AUTO] 4GUP: [266] -> chain C
[SAVED] 4GUP: action=auto_non_aminoacid_only; new_ligand_chains=['C']; moved=1; trimmed_removed=92; output=4gup_trimmed_mhc.pdb
[MHC_AUTO] 7ZT9: [267] -> chain E
[SAVED] 7ZT9: action=auto_non_aminoacid_only; new_ligand_chains=['E']; moved=1; trimmed_removed=133; output=7zt9_trimmed_mhc.pdb
[MHC_AUTO] 4PJB: [265] -> chain E
[SAVED] 4PJB: action=auto_non_aminoacid_only; new_ligand_chains=['E']; moved=1; trimmed_removed=187; output=4pjb_trimmed_mhc.pdb
[MHC_AUTO] 7LLJ: [264] -> chain E
[SAVED] 7LLJ: action=auto_non_aminoacid_only; new_ligand_chains=['E']; moved=1; trimmed_removed=87; output=7llj_trimmed_mhc.pdb
[SAVED] 1T7X: non-problematic trimmed; trimmed_removed=99; output=1t7x_trimmed_mhc.pdb
[MHC_AUTO] 6MWR: [266] -> chain E
[SAVED] 6MWR: action=auto_non_aminoacid_only; new_ligand_chains=['E']; moved=1; trimmed_removed=92; output=6mwr_trimmed_mhc.pdb
[SAVED] 1T7Y: non-problematic trimmed; trimmed_removed=100; output=1t7y_trimmed_mhc.pdb
[MHC_AUTO] 3ES6: [279] -> chain C
[SAVED] 3ES6: action=auto_non_aminoacid_only; new_ligand_chains=['C']; moved=1; trimmed_removed=104; output=3es6_trimmed_mhc.pdb
[SAVED] 1T7Z: non-problematic trimmed; trimmed_removed=100; output=1t7z_trimmed_mhc.pdb
[SAVED] 1T80: non-problematic trimmed; trimmed_removed=283; output=1t80_trimmed_mhc.pdb
[SAVED] 1DE4: non-problematic trimmed; trimmed_removed=94; output=1de4_trimmed_mhc.pdb
[MHC_AUTO] 1T7V: [275] -> chain C
[SAVED] 1T7V: action=auto_non_aminoacid_only; new_ligand_chains=['C']; moved=1; trimmed_removed=285; output=1t7v_trimmed_mhc.pdb
[SAVED] 1T7W: non-problematic trimmed; trimmed_removed=100; output=1t7w_trimmed_mhc.pdb
[SAVED] 6R2U: non-problematic trimmed; trimmed_removed=134; output=6r2u_trimmed_mhc.pdb
[SAVED] 1A6Z: non-problematic trimmed; trimmed_removed=104; output=1a6z_trimmed_mhc.pdb
[SAVED] 1ZAG: non-problematic trimmed; trimmed_removed=103; output=1zag_trimmed_mhc.pdb
[SAVED] 6NHA: non-problematic trimmed; trimmed_removed=130; output=6nha_trimmed_mhc.pdb
[SAVED] 6C98: non-problematic trimmed; trimmed_removed=228; output=6c98_trimmed_mhc.pdb
[SAVED] 7Q15: non-problematic trimmed; trimmed_removed=97; output=7q15_trimmed_mhc.pdb
[SAVED] 6WNA: non-problematic trimmed; trimmed_removed=132; output=6wna_trimmed_mhc.pdb
[SAVED] 6C97: non-problematic trimmed; trimmed_removed=301; output=6c97_trimmed_mhc.pdb
[SAVED] 6WOL: non-problematic trimmed; trimmed_removed=115; output=6wol_trimmed_mhc.pdb
[SAVED] 2WY3: non-problematic trimmed; trimmed_removed=174; output=2wy3_trimmed_mhc.pdb
[SAVED] 6QIO: non-problematic trimmed; trimmed_removed=321; output=6qio_trimmed_mhc.pdb
[SAVED] 5BJT: non-problematic trimmed; trimmed_removed=93; output=5bjt_trimmed_mhc.pdb
[SAVED] 6C99: non-problematic trimmed; trimmed_removed=251; output=6c99_trimmed_mhc.pdb
[SAVED] 4N0F: non-problematic trimmed; trimmed_removed=94; output=4n0f_trimmed_mhc.pdb
[SAVED] 4N0U: non-problematic trimmed; trimmed_removed=94; output=4n0u_trimmed_mhc.pdb
[SAVED] 6FGB: non-problematic trimmed; trimmed_removed=101; output=6fgb_trimmed_mhc.pdb
[SAVED] 6LA6: non-problematic trimmed; trimmed_removed=92; output=6la6_trimmed_mhc.pdb
[SAVED] 6QIP: non-problematic trimmed; trimmed_removed=100; output=6qip_trimmed_mhc.pdb
[SAVED] 6ILM: non-problematic trimmed; trimmed_removed=93; output=6ilm_trimmed_mhc.pdb
[MHC_AUTO] 4WO4: [274] -> chain H
[SAVED] 4WO4: action=auto_non_aminoacid_only; new_ligand_chains=['H']; moved=1; trimmed_removed=173; output=4wo4_trimmed_mhc.pdb
[SAVED] 1JE6: non-problematic trimmed; trimmed_removed=105; output=1je6_trimmed_mhc.pdb
[SAVED] 8TM0: non-problematic trimmed; trimmed_removed=3; output=8tm0_trimmed_mhc.pdb
[SAVED] 5WHK: non-problematic trimmed; trimmed_removed=167; output=5whk_trimmed_mhc.pdb
[MHC_AUTO] 6V7Y: [273] -> chain F
[SAVED] 6V7Y: action=auto_non_aminoacid_only; new_ligand_chains=['F']; moved=1; trimmed_removed=214; output=6v7y_trimmed_mhc.pdb
[SAVED] 3M17: non-problematic trimmed; trimmed_removed=109; output=3m17_trimmed_mhc.pdb
[SAVED] 8TM2: non-problematic trimmed; trimmed_removed=10; output=8tm2_trimmed_mhc.pdb
[SAVED] 5BXF: non-problematic trimmed; trimmed_removed=94; output=5bxf_trimmed_mhc.pdb
[DUPLICATES] 8SOS: removed_chains=['B']
[MHC_AUTO] 8SOS: [269] -> chain B
[SAVED] 8SOS: action=auto_non_aminoacid_only; new_ligand_chains=['B']; moved=1; trimmed_removed=259; output=8sos_trimmed_mhc.pdb
[SAVED] 4K71: non-problematic trimmed; trimmed_removed=124; output=4k71_trimmed_mhc.pdb
[MHC_AUTO] 3SDX: [276] -> chain E
[SAVED] 3SDX: action=auto_non_aminoacid_only; new_ligand_chains=['E']; moved=1; trimmed_removed=119; output=3sdx_trimmed_mhc.pdb
[MHC_AUTO] 1ONQ: [276] -> chain F
[SAVED] 1ONQ: action=auto_non_aminoacid_only; new_ligand_chains=['F']; moved=1; trimmed_removed=319; output=1onq_trimmed_mhc.pdb
[SAVED] 1EXU: non-problematic trimmed; trimmed_removed=124; output=1exu_trimmed_mhc.pdb
[SAVED] 6LA7: non-problematic trimmed; trimmed_removed=94; output=6la7_trimmed_mhc.pdb
[MHC_AUTO] 7MXF: [279] -> chain C
[MHC_AUTO] 7MXF: [281] -> chain D
[SAVED] 7MXF: action=auto_non_aminoacid_only; new_ligand_chains=['C', 'D']; moved=2; trimmed_removed=205; output=7mxf_trimmed_mhc.pdb
[SAVED] 8TLZ: non-problematic trimmed; trimmed_removed=25; output=8tlz_trimmed_mhc.pdb
[SAVED] 3M1B: non-problematic trimmed; trimmed_removed=97; output=3m1b_trimmed_mhc.pdb
[MHC_AUTO] 7MX4: [281] -> chain C
[MHC_AUTO] 7MX4: [279] -> chain D
[SAVED] 7MX4: action=auto_non_aminoacid_only; new_ligand_chains=['C', 'D']; moved=2; trimmed_removed=269; output=7mx4_trimmed_mhc.pdb
[SAVED] 7C9V: non-problematic trimmed; trimmed_removed=94; output=7c9v_trimmed_mhc.pdb
[SAVED] 1KCG: non-problematic trimmed; trimmed_removed=52; output=1kcg_trimmed_mhc.pdb
[SAVED] 4S0U: non-problematic trimmed; trimmed_removed=30; output=4s0u_trimmed_mhc.pdb
[SAVED] 1B3J: non-problematic trimmed; trimmed_removed=151; output=1b3j_trimmed_mhc.pdb
[MHC_AUTO] 3U0P: [274] -> chain D
[SAVED] 3U0P: action=auto_non_aminoacid_only; new_ligand_chains=['D']; moved=1; trimmed_removed=161; output=3u0p_trimmed_mhc.pdb
[MHC_AUTO] 1XZ0: [272] -> chain D
[SAVED] 1XZ0: action=auto_non_aminoacid_only; new_ligand_chains=['D']; moved=1; trimmed_removed=106; output=1xz0_trimmed_mhc.pdb
[MHC_AUTO] 4WW2: [278] -> chain E
[SAVED] 4WW2: action=auto_non_aminoacid_only; new_ligand_chains=['E']; moved=1; trimmed_removed=153; output=4ww2_trimmed_mhc.pdb
[MHC_AUTO] 6V7Z: [277] -> chain F
[SAVED] 6V7Z: action=auto_non_aminoacid_only; new_ligand_chains=['F']; moved=1; trimmed_removed=115; output=6v7z_trimmed_mhc.pdb
[MHC_AUTO] 8DV4: [278] -> chain E
[SAVED] 8DV4: action=auto_non_aminoacid_only; new_ligand_chains=['E']; moved=1; trimmed_removed=187; output=8dv4_trimmed_mhc.pdb
[MHC_AUTO] 4LHU: [276] -> chain G
[SAVED] 4LHU: action=auto_non_aminoacid_only; new_ligand_chains=['G']; moved=1; trimmed_removed=146; output=4lhu_trimmed_mhc.pdb
[MHC_AUTO] 8SGM: [274] -> chain G
[SAVED] 8SGM: action=auto_non_aminoacid_only; new_ligand_chains=['G']; moved=1; trimmed_removed=193; output=8sgm_trimmed_mhc.pdb
[MHC_AUTO] 3HUJ: [277] -> chain F
[SAVED] 3HUJ: action=auto_non_aminoacid_only; new_ligand_chains=['F']; moved=1; trimmed_removed=198; output=3huj_trimmed_mhc.pdb
[MHC_AUTO] 6SNY: [170] -> chain F
[SAVED] 6SNY: action=auto_non_aminoacid_only; new_ligand_chains=['F']; moved=1; trimmed_removed=3; output=6sny_trimmed_mhc.pdb
[MHC_AUTO] 8DV3: [293] -> chain E
[MHC_AUTO] 8DV3: [286] -> chain F
[SAVED] 8DV3: action=auto_non_aminoacid_only; new_ligand_chains=['E', 'F']; moved=2; trimmed_removed=337; output=8dv3_trimmed_mhc.pdb
[SKIPPED] 8SOS: already present in 2_trimmed_mhc
[SAVED] 3D2U: non-problematic trimmed; trimmed_removed=200; output=3d2u_trimmed_mhc.pdb
[MHC_AUTO] 3VWK: [252] -> chain E
[SAVED] 3VWK: action=auto_non_aminoacid_only; new_ligand_chains=['E']; moved=1; trimmed_removed=89; output=3vwk_trimmed_mhc.pdb
[MHC_AUTO] 7RYO: [280] -> chain E
[SAVED] 7RYO: action=auto_non_aminoacid_only; new_ligand_chains=['E']; moved=1; trimmed_removed=104; output=7ryo_trimmed_mhc.pdb
[MHC_AUTO] 3TZV: [264] -> chain F
[SAVED] 3TZV: action=auto_non_aminoacid_only; new_ligand_chains=['F']; moved=1; trimmed_removed=93; output=3tzv_trimmed_mhc.pdb
[MHC_AUTO] 1L8J: [171] -> chain E
[SAVED] 1L8J: action=auto_non_aminoacid_only; new_ligand_chains=['E']; moved=1; trimmed_removed=111; output=1l8j_trimmed_mhc.pdb
[SAVED] 7FI9: non-problematic trimmed; trimmed_removed=178; output=7fi9_trimmed_mhc.pdb
[MHC_AUTO] 7RYN: [272] -> chain E
[SAVED] 7RYN: action=auto_non_aminoacid_only; new_ligand_chains=['E']; moved=1; trimmed_removed=116; output=7ryn_trimmed_mhc.pdb
[MHC_AUTO] 8GLE: [282] -> chain E
[MHC_AUTO] 8GLE: [281] -> chain F
[SAVED] 8GLE: action=auto_non_aminoacid_only; new_ligand_chains=['E', 'F']; moved=2; trimmed_removed=337; output=8gle_trimmed_mhc.pdb
[MHC_AUTO] 4MNG: [277] -> chain D
[SAVED] 4MNG: action=auto_non_aminoacid_only; new_ligand_chains=['D']; moved=1; trimmed_removed=106; output=4mng_trimmed_mhc.pdb
[MHC_AUTO] 7MXH: [285] -> chain C
[MHC_AUTO] 7MXH: [283] -> chain D
[SAVED] 7MXH: action=auto_non_aminoacid_only; new_ligand_chains=['C', 'D']; moved=2; trimmed_removed=196; output=7mxh_trimmed_mhc.pdb
[SAVED] 7FI6: non-problematic trimmed; trimmed_removed=100; output=7fi6_trimmed_mhc.pdb
[MHC_AUTO] 8GLF: [284] -> chain E
[MHC_AUTO] 8GLF: [283] -> chain F
[SAVED] 8GLF: action=auto_non_aminoacid_only; new_ligand_chains=['E', 'F']; moved=2; trimmed_removed=280; output=8glf_trimmed_mhc.pdb
[MHC_AUTO] 5L2J: [287] -> chain D
[MHC_AUTO] 5L2J: [281] -> chain E
[SAVED] 5L2J: action=auto_non_aminoacid_only; new_ligand_chains=['D', 'E']; moved=2; trimmed_removed=362; output=5l2j_trimmed_mhc.pdb
[MHC_AUTO] 4EN3: [261] -> chain E
[SAVED] 4EN3: action=auto_non_aminoacid_only; new_ligand_chains=['E']; moved=1; trimmed_removed=120; output=4en3_trimmed_mhc.pdb
[MHC_AUTO] 7KP1: [275] -> chain C
[SAVED] 7KP1: action=auto_non_aminoacid_only; new_ligand_chains=['C']; moved=1; trimmed_removed=254; output=7kp1_trimmed_mhc.pdb
[MHC_AUTO] 7OKS: [169] -> chain E
[SAVED] 7OKS: action=auto_non_aminoacid_only; new_ligand_chains=['E']; moved=1; trimmed_removed=65; output=7oks_trimmed_mhc.pdb
[MHC_AUTO] 8SGB: [275] -> chain F
[SAVED] 8SGB: action=auto_non_aminoacid_only; new_ligand_chains=['F']; moved=1; trimmed_removed=105; output=8sgb_trimmed_mhc.pdb
[MHC_AUTO] 6NUX: [271] -> chain C
[SAVED] 6NUX: action=auto_non_aminoacid_only; new_ligand_chains=['C']; moved=1; trimmed_removed=172; output=6nux_trimmed_mhc.pdb
[MHC_AUTO] 1GZP: [278] -> chain C
[SAVED] 1GZP: action=auto_non_aminoacid_only; new_ligand_chains=['C']; moved=1; trimmed_removed=130; output=1gzp_trimmed_mhc.pdb
[SAVED] 1HYR: non-problematic trimmed; trimmed_removed=136; output=1hyr_trimmed_mhc.pdb
[MHC_AUTO] 8GLH: [282] -> chain E
[MHC_AUTO] 8GLH: [283] -> chain F
[SAVED] 8GLH: action=auto_non_aminoacid_only; new_ligand_chains=['E', 'F']; moved=2; trimmed_removed=384; output=8glh_trimmed_mhc.pdb
[SAVED] 7FI5: non-problematic trimmed; trimmed_removed=112; output=7fi5_trimmed_mhc.pdb
[MHC_AUTO] 7KP0: [275] -> chain C
[SAVED] 7KP0: action=auto_non_aminoacid_only; new_ligand_chains=['C']; moved=1; trimmed_removed=172; output=7kp0_trimmed_mhc.pdb
[MHC_AUTO] 5C9J: [284] -> chain C
[MHC_AUTO] 5C9J: [283] -> chain D
[MHC_AUTO] 5C9J: [282] -> chain E
[SAVED] 5C9J: action=auto_non_aminoacid_only; new_ligand_chains=['C', 'D', 'E']; moved=3; trimmed_removed=189; output=5c9j_trimmed_mhc.pdb
[MHC_AUTO] 4X6D: [268] -> chain F
[SAVED] 4X6D: action=auto_non_aminoacid_only; new_ligand_chains=['F']; moved=1; trimmed_removed=97; output=4x6d_trimmed_mhc.pdb
[MHC_AUTO] 4V3E: [168] -> chain E
[SAVED] 4V3E: action=auto_non_aminoacid_only; new_ligand_chains=['E']; moved=1; trimmed_removed=4; output=4v3e_trimmed_mhc.pdb
[MHC_AUTO] 5WL1: [281] -> chain F
[MHC_AUTO] 5WL1: [287] -> chain G
[SAVED] 5WL1: action=auto_non_aminoacid_only; new_ligand_chains=['F', 'G']; moved=2; trimmed_removed=607; output=5wl1_trimmed_mhc.pdb
[MHC_AUTO] 3OV6: [379] -> chain B
[SAVED] 3OV6: action=auto_non_aminoacid_only; new_ligand_chains=['B']; moved=1; trimmed_removed=242; output=3ov6_trimmed_mhc.pdb
[MHC_AUTO] 7OKU: [176] -> chain D
[SAVED] 7OKU: action=auto_non_aminoacid_only; new_ligand_chains=['D']; moved=1; trimmed_removed=60; output=7oku_trimmed_mhc.pdb
[SAVED] 7RYM: non-problematic trimmed; trimmed_removed=101; output=7rym_trimmed_mhc.pdb
[MHC_AUTO] 8GLI: [282] -> chain D
[SAVED] 8GLI: action=auto_non_aminoacid_only; new_ligand_chains=['D']; moved=1; trimmed_removed=272; output=8gli_trimmed_mhc.pdb
[MHC_AUTO] 3T8X: [279] -> chain E
[MHC_AUTO] 3T8X: [278] -> chain F
[SAVED] 3T8X: action=auto_non_aminoacid_only; new_ligand_chains=['E', 'F']; moved=2; trimmed_removed=294; output=3t8x_trimmed_mhc.pdb
[MHC_AUTO] 6D64: [284] -> chain F
[MHC_AUTO] 6D64: [283] -> chain G
[SAVED] 6D64: action=auto_non_aminoacid_only; new_ligand_chains=['F', 'G']; moved=2; trimmed_removed=542; output=6d64_trimmed_mhc.pdb
[MHC_AUTO] 7SH4: [274] -> chain C
[SAVED] 7SH4: action=auto_non_aminoacid_only; new_ligand_chains=['C']; moved=1; trimmed_removed=297; output=7sh4_trimmed_mhc.pdb
[MHC_AUTO] 4V3D: [169] -> chain F
[SAVED] 4V3D: action=auto_non_aminoacid_only; new_ligand_chains=['F']; moved=1; trimmed_removed=2; output=4v3d_trimmed_mhc.pdb
[MHC_AUTO] 6C09: [271] -> chain E
[SAVED] 6C09: action=auto_non_aminoacid_only; new_ligand_chains=['E']; moved=1; trimmed_removed=105; output=6c09_trimmed_mhc.pdb
[MHC_AUTO] 8GLG: [283] -> chain E
[MHC_AUTO] 8GLG: [281] -> chain F
[SAVED] 8GLG: action=auto_non_aminoacid_only; new_ligand_chains=['E', 'F']; moved=2; trimmed_removed=502; output=8glg_trimmed_mhc.pdb
[BINDER_AUTO] 2PO6: C [301] -> chain F
[SAVED] 2PO6: action=auto_non_aminoacid_only; new_ligand_chains=['F']; moved=1; trimmed_removed=103; output=2po6_trimmed_mhc.pdb
[MHC_AUTO] 4X6E: [268] -> chain C
[SAVED] 4X6E: action=auto_non_aminoacid_only; new_ligand_chains=['C']; moved=1; trimmed_removed=181; output=4x6e_trimmed_mhc.pdb
[MHC_AUTO] 7OKV: [169] -> chain B
[SAVED] 7OKV: action=auto_non_aminoacid_only; new_ligand_chains=['B']; moved=1; trimmed_removed=65; output=7okv_trimmed_mhc.pdb
[MHC_AUTO] 4ONO: [375] -> chain C
[SAVED] 4ONO: action=auto_non_aminoacid_only; new_ligand_chains=['C']; moved=1; trimmed_removed=219; output=4ono_trimmed_mhc.pdb
[SAVED] 7FI7: non-problematic trimmed; trimmed_removed=105; output=7fi7_trimmed_mhc.pdb
[MHC_AUTO] 6CUG: [278] -> chain E
[BINDER_AUTO] 6CUG: C [301] -> chain F
[SAVED] 6CUG: action=auto_non_aminoacid_only; new_ligand_chains=['E', 'F']; moved=2; trimmed_removed=211; output=6cug_trimmed_mhc.pdb
[MHC_AUTO] 1GZQ: [279] -> chain C
[SAVED] 1GZQ: action=auto_non_aminoacid_only; new_ligand_chains=['C']; moved=1; trimmed_removed=245; output=1gzq_trimmed_mhc.pdb
[MHC_AUTO] 7Q5D: [175] -> chain D
[SAVED] 7Q5D: action=auto_non_aminoacid_only; new_ligand_chains=['D']; moved=1; trimmed_removed=71; output=7q5d_trimmed_mhc.pdb
[MHC_AUTO] 2H26: [285] -> chain E
[MHC_AUTO] 2H26: [284] -> chain F
[SAVED] 2H26: action=auto_non_aminoacid_only; new_ligand_chains=['E', 'F']; moved=2; trimmed_removed=287; output=2h26_trimmed_mhc.pdb
[MHC_AUTO] 4WWK: [273] -> chain E
[SAVED] 4WWK: action=auto_non_aminoacid_only; new_ligand_chains=['E']; moved=1; trimmed_removed=104; output=4wwk_trimmed_mhc.pdb
[MHC_AUTO] 5L2K: [287] -> chain E
[BINDER_AUTO] 5L2K: D [303] -> chain F
[SAVED] 5L2K: action=auto_non_aminoacid_only; new_ligand_chains=['E', 'F']; moved=2; trimmed_removed=114; output=5l2k_trimmed_mhc.pdb
[MHC_AUTO] 7OKT: [170] -> chain B
[SAVED] 7OKT: action=auto_non_aminoacid_only; new_ligand_chains=['B']; moved=1; trimmed_removed=114; output=7okt_trimmed_mhc.pdb
[MHC_AUTO] 3VWJ: [255] -> chain E
[SAVED] 3VWJ: action=auto_non_aminoacid_only; new_ligand_chains=['E']; moved=1; trimmed_removed=89; output=3vwj_trimmed_mhc.pdb
[MHC_AUTO] 5J1A: [271] -> chain C
[SAVED] 5J1A: action=auto_non_aminoacid_only; new_ligand_chains=['C']; moved=1; trimmed_removed=267; output=5j1a_trimmed_mhc.pdb
[MHC_AUTO] 5WKE: [280] -> chain E
[MHC_AUTO] 5WKE: [289] -> chain F
[SAVED] 5WKE: action=auto_non_aminoacid_only; new_ligand_chains=['E', 'F']; moved=2; trimmed_removed=351; output=5wke_trimmed_mhc.pdb
[MHC_AUTO] 5WKG: [283] -> chain E
[MHC_AUTO] 5WKG: [282] -> chain F
[SAVED] 5WKG: action=auto_non_aminoacid_only; new_ligand_chains=['E', 'F']; moved=2; trimmed_removed=317; output=5wkg_trimmed_mhc.pdb
[MHC_AUTO] 1ZT4: [273] -> chain C
[SAVED] 1ZT4: action=auto_non_aminoacid_only; new_ligand_chains=['C']; moved=1; trimmed_removed=102; output=1zt4_trimmed_mhc.pdb
[MHC_AUTO] 6V80: [275] -> chain G
[SAVED] 6V80: action=auto_non_aminoacid_only; new_ligand_chains=['G']; moved=1; trimmed_removed=97; output=6v80_trimmed_mhc.pdb
[MHC_AUTO] 4MQ7: [270] -> chain C
[SAVED] 4MQ7: action=auto_non_aminoacid_only; new_ligand_chains=['C']; moved=1; trimmed_removed=158; output=4mq7_trimmed_mhc.pdb
[SAVED] 7FI8: non-problematic trimmed; trimmed_removed=110; output=7fi8_trimmed_mhc.pdb
[MHC_AUTO] 5WKI: [268] -> chain F
[BINDER_AUTO] 5WKI: D [308] -> chain G
[SAVED] 5WKI: action=auto_non_aminoacid_only; new_ligand_chains=['F', 'G']; moved=2; trimmed_removed=143; output=5wki_trimmed_mhc.pdb
[MHC_AUTO] 8ZOX: [272] -> chain E
[BINDER_AUTO] 8ZOX: D [302] -> chain F
[SAVED] 8ZOX: action=auto_non_aminoacid_only; new_ligand_chains=['E', 'F']; moved=2; trimmed_removed=97; output=8zox_trimmed_mhc.pdb
[MHC_AUTO] 7KOZ: [274] -> chain C
[SAVED] 7KOZ: action=auto_non_aminoacid_only; new_ligand_chains=['C']; moved=1; trimmed_removed=167; output=7koz_trimmed_mhc.pdb
[MHC_AUTO] 8C44: [166] -> chain C
[SAVED] 8C44: action=auto_non_aminoacid_only; new_ligand_chains=['C']; moved=1; trimmed_removed=3; output=8c44_trimmed_mhc.pdb
[MHC_AUTO] 1UQS: [282] -> chain C
[SAVED] 1UQS: action=auto_non_aminoacid_only; new_ligand_chains=['C']; moved=1; trimmed_removed=158; output=1uqs_trimmed_mhc.pdb
[MHC_AUTO] 4X6F: [264] -> chain C
[SAVED] 4X6F: action=auto_non_aminoacid_only; new_ligand_chains=['C']; moved=1; trimmed_removed=198; output=4x6f_trimmed_mhc.pdb
[MHC_AUTO] 4X6C: [266] -> chain E
[SAVED] 4X6C: action=auto_non_aminoacid_only; new_ligand_chains=['E']; moved=1; trimmed_removed=101; output=4x6c_trimmed_mhc.pdb
[SAVED] 4FFE: non-problematic trimmed; trimmed_removed=86; output=4ffe_trimmed_mhc.pdb
[MHC_AUTO] 6C15: [276] -> chain C
[SAVED] 6C15: action=auto_non_aminoacid_only; new_ligand_chains=['C']; moved=1; trimmed_removed=120; output=6c15_trimmed_mhc.pdb
[SAVED] 7XXA: non-problematic trimmed; trimmed_removed=1; output=7xxa_trimmed_mhc.pdb
[SAVED] 3S6C: non-problematic trimmed; trimmed_removed=206; output=3s6c_trimmed_mhc.pdb
[SAVED] 4PDC: non-problematic trimmed; trimmed_removed=167; output=4pdc_trimmed_mhc.pdb
[SAVED] 3IT8: non-problematic trimmed; trimmed_removed=132; output=3it8_trimmed_mhc.pdb
[UPDATED] current_problematic_removed=['1GZP', '1GZQ', '1HSB', '1L8J', '1ONQ', '1T7V', '1UQS', '1XZ0', '1ZT4', '2H26', '2PO6', '3ES6', '3HUJ', '3OV6', '3SDX', '3T8X', '3TZV', '3U0P', '3UPR', '3VRI', '3VRJ', '3VWJ', '3VWK', '4EN3', '4GUP', '4L4T', '4L4V', '4LCW', '4LHU', '4MNG', '4MQ7', '4NQC', '4NQD', '4NQE', '4ONO', '4PJ5', '4PJ7', '4PJ8', '4PJ9', '4PJA', '4PJB', '4PJC', '4PJD', '4PJE', '4PJF', '4PJG', '4PJH', '4PJI', '4PJX', '4V3D', '4V3E', '4WO4', '4WW2', '4WWK', '4X6C', '4X6D', '4X6E', '4X6F', '5C9J', '5D5M', '5D7I', '5D7J', '5D7L', '5J1A', '5L2J', '5L2K', '5U16', '5U17', '5U1R', '5U2V', '5U6Q', '5U98', '5WKE', '5WKG', '5WKI', '5WL1', '6APN', '6C09', '6C15', '6CUG', '6D64', '6D7G', '6MWR', '6NUX', '6PUC', '6PUD', '6PUE', '6PUF', '6PUG', '6PUH', '6PUI', '6PUJ', '6PUK', '6PUL', '6PUM', '6PVC', '6PVD', '6SNY', '6TDO', '6TDP', '6TDQ', '6V7Y', '6V7Z', '6V80', '6VQY', '6VQZ', '6W9U', '6XQP', '7KOZ', '7KP0', '7KP1', '7LLI', '7LLJ', '7MX4', '7MXF', '7MXH', '7OKS', '7OKT', '7OKU', '7OKV', '7Q5D', '7RYN', '7RYO', '7SH4', '7SQP', '7SR0', '7SR3', '7SR4', '7SR5', '7SRK', '7SSH', '7ST3', '7UFJ', '7UMG', '7ZT2', '7ZT4', '7ZT5', '7ZT7', '7ZT8', '7ZT9', '8BP6', '8C44', '8DV3', '8DV4', '8FRT', '8GLE', '8GLF', '8GLG', '8GLH', '8GLI', '8SGB', '8SGM', '8SOS', '8TNJ', '8Y6X', '8ZOX', '9BTX', '9BTY', '9BTZ', '9BU0', '9C3E', '9C6V', '9C6W', '9C6X', '9CGR']
[UPDATED] current_problematic_remaining=0

[SUMMARY] STEP6.1
[OUT] /mnt/c/Users/gio/Documents/foldseek_nefertari/filter/ligands_pipeline/step6_fix/pdb/2_trimmed_mhc
