[SKIPPED] 6ENY: manual blacklist
[SKIPPED] 8JHV: manual blacklist
[SKIPPED] 1HLA: manual blacklist
[SKIPPED] 9CGS: manual blacklist
[SKIPPED] 4PJ8: manual blacklist
[SKIPPED] 7RNO: manual blacklist
[SKIPPED] 3JTC: manual blacklist
[SKIPPED] 1B3J: manual blacklist
[SKIPPED] 1LQV: manual blacklist
[SKIPPED] 7B5F: manual blacklist
[DOWNLOAD] 7p49-assembly1.cif.gz
[EXTRACT] 7p49-assembly1.cif
[DOWNLOAD] 3bzf-assembly1.cif.gz
[EXTRACT] 3bzf-assembly1.cif
[DOWNLOAD] 3x11-assembly1.cif.gz
[EXTRACT] 3x11-assembly1.cif
[DOWNLOAD] 7lfz-assembly1.cif.gz
[DOWNLOAD] 1qse-assembly1.cif.gz
[EXTRACT] 7lfz-assembly1.cif
[EXTRACT] 1qse-assembly1.cif
[DOWNLOAD] 8rlv-assembly1.cif.gz
[DOWNLOAD] 1bd2-assembly1.cif.gz
[EXTRACT] 1bd2-assembly1.cif
[EXTRACT] 8rlv-assembly1.cif
[DOWNLOAD] 5jzi-assembly1.cif.gz
[EXTRACT] 5jzi-assembly1.cif
[DOWNLOAD] 3x12-assembly1.cif.gz
[DOWNLOAD] 6j1w-assembly1.cif.gz
[EXTRACT] 3x12-assembly1.cif
[EXTRACT] 6j1w-assembly1.cif
[DOWNLOAD] 7ejl-assembly1.cif.gz
[EXTRACT] 7ejl-assembly1.cif
[DOWNLOAD] 7ndt-assembly1.cif.gz
[DOWNLOAD] 1p7q-assembly1.cif.gz
[EXTRACT] 1p7q-assembly1.cif
[EXTRACT] 7ndt-assembly1.cif
[DOWNLOAD] 3vxu-assembly1.cif.gz
[DOWNLOAD] 7bh8-assembly1.cif.gz
[EXTRACT] 3vxu-assembly1.cif
[EXTRACT] 7bh8-assembly1.cif
[DOWNLOAD] 7tud-assembly1.cif.gz
[EXTRACT] 7tud-assembly1.cif
[DOWNLOAD] 6p27-assembly1.cif.gz
[EXTRACT] 6p27-assembly1.cif
[DOWNLOAD] 1t1y-assembly1.cif.gz
[EXTRACT] 1t1y-assembly1.cif
[DOWNLOAD] 1t22-assembly1.cif.gz
[DOWNLOAD] 5eo1-assembly1.cif.gz
[EXTRACT] 1t22-assembly1.cif
[DOWNLOAD] 2d31-assembly1.cif.gz
[EXTRACT] 5eo1-assembly1.cif
[EXTRACT] 2d31-assembly1.cif
[DOWNLOAD] 3gsn-assembly1.cif.gz
[EXTRACT] 3gsn-assembly1.cif
[DOWNLOAD] 3fqu-assembly1.cif.gz
[EXTRACT] 3fqu-assembly1.cif
[DOWNLOAD] 7lg0-assembly1.cif.gz
[EXTRACT] 7lg0-assembly1.cif
[DOWNLOAD] 8zv9-assembly1.cif.gz
[DOWNLOAD] 5vvp-assembly1.cif.gz
[EXTRACT] 5vvp-assembly1.cif
[EXTRACT] 8zv9-assembly1.cif
[DOWNLOAD] 1hhk-assembly1.cif.gz
[EXTRACT] 1hhk-assembly1.cif
[DOWNLOAD] 7um2-assembly1.cif.gz
[EXTRACT] 7um2-assembly1.cif
[DOWNLOAD] 6zkw-assembly1.cif.gz
[EXTRACT] 6zkw-assembly1.cif
[DOWNLOAD] 7ow6-assembly1.cif.gz
[EXTRACT] 7ow6-assembly1.cif
[DOWNLOAD] 7sis-assembly1.cif.gz
[DOWNLOAD] 5xov-assembly1.cif.gz
[EXTRACT] 7sis-assembly1.cif
[EXTRACT] 5xov-assembly1.cif
[DOWNLOAD] 1t1z-assembly1.cif.gz
[EXTRACT] 1t1z-assembly1.cif
[DOWNLOAD] 5txs-assembly1.cif.gz
[EXTRACT] 5txs-assembly1.cif
[DOWNLOAD] 7zuc-assembly1.cif.gz
[EXTRACT] 7zuc-assembly1.cif
[DOWNLOAD] 5vwd-assembly1.cif.gz
[EXTRACT] 5vwd-assembly1.cif
[DOWNLOAD] 5wwu-assembly1.cif.gz
[EXTRACT] 5wwu-assembly1.cif
[DOWNLOAD] 6z9w-assembly1.cif.gz
[EXTRACT] 6z9w-assembly1.cif
[DOWNLOAD] 3vxs-assembly1.cif.gz
[EXTRACT] 3vxs-assembly1.cif
[DOWNLOAD] 6p23-assembly1.cif.gz
[EXTRACT] 6p23-assembly1.cif
[DOWNLOAD] 5hhq-assembly1.cif.gz
[DOWNLOAD] 5vwf-assembly1.cif.gz
[EXTRACT] 5hhq-assembly1.cif
[EXTRACT] 5vwf-assembly1.cif
[DOWNLOAD] 4f7p-assembly1.cif.gz
[EXTRACT] 4f7p-assembly1.cif
[DOWNLOAD] 7nme-assembly1.cif.gz
[EXTRACT] 7nme-assembly1.cif
[DOWNLOAD] 8ye4-assembly1.cif.gz
[EXTRACT] 8ye4-assembly1.cif
[DOWNLOAD] 7rtd-assembly1.cif.gz
[DOWNLOAD] 4no0-assembly1.cif.gz
[EXTRACT] 7rtd-assembly1.cif
[DOWNLOAD] 2esv-assembly1.cif.gz
[DOWNLOAD] 7bbg-assembly1.cif.gz
[EXTRACT] 4no0-assembly1.cif
[EXTRACT] 2esv-assembly1.cif
[EXTRACT] 7bbg-assembly1.cif
[DOWNLOAD] 7nmd-assembly1.cif.gz
[DOWNLOAD] 1a9e-assembly1.cif.gz
[EXTRACT] 1a9e-assembly1.cif
[EXTRACT] 7nmd-assembly1.cif
[DOWNLOAD] 5hgb-assembly1.cif.gz
[EXTRACT] 5hgb-assembly1.cif
[DOWNLOAD] 7n6e-assembly1.cif.gz
[DOWNLOAD] 7u1r-assembly1.cif.gz
[DOWNLOAD] 1q94-assembly1.cif.gz
[EXTRACT] 7u1r-assembly1.cif
[DOWNLOAD] 7jyx-assembly1.cif.gz
[EXTRACT] 1q94-assembly1.cif
[EXTRACT] 7n6e-assembly1.cif
[EXTRACT] 7jyx-assembly1.cif
[DOWNLOAD] 7p4b-assembly1.cif.gz
[EXTRACT] 7p4b-assembly1.cif
[DOWNLOAD] 2f54-assembly1.cif.gz
[EXTRACT] 2f54-assembly1.cif
[DOWNLOAD] 4qok-assembly1.cif.gz
[EXTRACT] 4qok-assembly1.cif
[DOWNLOAD] 1t21-assembly1.cif.gz
[EXTRACT] 1t21-assembly1.cif
[DOWNLOAD] 7mja-assembly1.cif.gz
[EXTRACT] 7mja-assembly1.cif
[DOWNLOAD] 5xot-assembly1.cif.gz
[EXTRACT] 5xot-assembly1.cif
[DOWNLOAD] 1akj-assembly1.cif.gz
[EXTRACT] 1akj-assembly1.cif
[DOWNLOAD] 3rl2-assembly1.cif.gz
[DOWNLOAD] 7tr4-assembly1.cif.gz
[EXTRACT] 3rl2-assembly1.cif
[EXTRACT] 7tr4-assembly1.cif
[DOWNLOAD] 3gsw-assembly1.cif.gz
[DOWNLOAD] 6mtm-assembly1.cif.gz
[EXTRACT] 3gsw-assembly1.cif
[EXTRACT] 6mtm-assembly1.cif
[DOWNLOAD] 1qsf-assembly1.cif.gz
[EXTRACT] 1qsf-assembly1.cif
[DOWNLOAD] 5w6a-assembly1.cif.gz
[EXTRACT] 5w6a-assembly1.cif
[DOWNLOAD] 4f7m-assembly1.cif.gz
[DOWNLOAD] 1hhh-assembly1.cif.gz
[EXTRACT] 1hhh-assembly1.cif
[EXTRACT] 4f7m-assembly1.cif
[DOWNLOAD] 3fqt-assembly1.cif.gz
[EXTRACT] 3fqt-assembly1.cif
[DOWNLOAD] 1t1x-assembly1.cif.gz
[EXTRACT] 1t1x-assembly1.cif
[DOWNLOAD] 8qfy-assembly1.cif.gz
[EXTRACT] 8qfy-assembly1.cif
[DOWNLOAD] 7ndq-assembly1.cif.gz
[EXTRACT] 7ndq-assembly1.cif
[DOWNLOAD] 6j2a-assembly1.cif.gz
[EXTRACT] 6j2a-assembly1.cif
[DOWNLOAD] 7s8s-assembly1.cif.gz
[EXTRACT] 7s8s-assembly1.cif
[DOWNLOAD] 6w51-assembly1.cif.gz
[EXTRACT] 6w51-assembly1.cif
[DOWNLOAD] 7s7e-assembly1.cif.gz
[EXTRACT] 7s7e-assembly1.cif
[DOWNLOAD] 5wjl-assembly1.cif.gz
[EXTRACT] 5wjl-assembly1.cif
[DOWNLOAD] 8en8-assembly1.cif.gz
[EXTRACT] 8en8-assembly1.cif
[DOWNLOAD] 3d3v-assembly1.cif.gz
[DOWNLOAD] 6uz1-assembly1.cif.gz
[DOWNLOAD] 7wj2-assembly1.cif.gz
[EXTRACT] 3d3v-assembly1.cif
[EXTRACT] 6uz1-assembly1.cif
[EXTRACT] 7wj2-assembly1.cif
[DOWNLOAD] 2xpg-assembly1.cif.gz
[DOWNLOAD] 3i6l-assembly1.cif.gz
[EXTRACT] 2xpg-assembly1.cif
[DOWNLOAD] 7f4w-assembly1.cif.gz
[EXTRACT] 3i6l-assembly1.cif
[EXTRACT] 7f4w-assembly1.cif
[DOWNLOAD] 1xr9-assembly1.cif.gz
[EXTRACT] 1xr9-assembly1.cif
[DOWNLOAD] 3pwp-assembly1.cif.gz
[EXTRACT] 3pwp-assembly1.cif
[DOWNLOAD] 6mt3-assembly1.cif.gz
[EXTRACT] 6mt3-assembly1.cif
[DOWNLOAD] 1i4f-assembly1.cif.gz
[DOWNLOAD] 3kxf-assembly1.cif.gz
[EXTRACT] 1i4f-assembly1.cif
[EXTRACT] 3kxf-assembly1.cif
[DOWNLOAD] 6uk2-assembly1.cif.gz
[EXTRACT] 6uk2-assembly1.cif
[DOWNLOAD] 7kgo-assembly1.cif.gz
[DOWNLOAD] 3v5k-assembly1.cif.gz
[EXTRACT] 7kgo-assembly1.cif
[EXTRACT] 3v5k-assembly1.cif
[DOWNLOAD] 7rtr-assembly1.cif.gz
[EXTRACT] 7rtr-assembly1.cif
[DOWNLOAD] 6ghn-assembly1.cif.gz
[EXTRACT] 6ghn-assembly1.cif
[DOWNLOAD] 8rbv-assembly1.cif.gz
[EXTRACT] 8rbv-assembly1.cif
[DOWNLOAD] 3wlb-assembly1.cif.gz
[EXTRACT] 3wlb-assembly1.cif
[DOWNLOAD] 1t1w-assembly1.cif.gz
[EXTRACT] 1t1w-assembly1.cif
[DOWNLOAD] 6j1v-assembly1.cif.gz
[EXTRACT] 6j1v-assembly1.cif
[DOWNLOAD] 7jyu-assembly1.cif.gz
[EXTRACT] 7jyu-assembly1.cif
[DOWNLOAD] 8xkc-assembly1.cif.gz
[EXTRACT] 8xkc-assembly1.cif
[DOWNLOAD] 6zkz-assembly1.cif.gz
[EXTRACT] 6zkz-assembly1.cif
[DOWNLOAD] 5wsh-assembly1.cif.gz
[EXTRACT] 5wsh-assembly1.cif
[DOWNLOAD] 3vxp-assembly1.cif.gz
[EXTRACT] 3vxp-assembly1.cif
[DOWNLOAD] 6uj7-assembly1.cif.gz
[EXTRACT] 6uj7-assembly1.cif
[DOWNLOAD] 4qrr-assembly1.cif.gz
[EXTRACT] 4qrr-assembly1.cif
[DOWNLOAD] 6vm8-assembly1.cif.gz
[EXTRACT] 6vm8-assembly1.cif
[DOWNLOAD] 5wwj-assembly1.cif.gz
[EXTRACT] 5wwj-assembly1.cif
[DOWNLOAD] 1s8d-assembly1.cif.gz
[DOWNLOAD] 5vz5-assembly1.cif.gz
[DOWNLOAD] 7nui-assembly1.cif.gz
[EXTRACT] 1s8d-assembly1.cif
[EXTRACT] 5vz5-assembly1.cif
[EXTRACT] 7nui-assembly1.cif
[DOWNLOAD] 5hhn-assembly1.cif.gz
[EXTRACT] 5hhn-assembly1.cif
[DOWNLOAD] 7rk7-assembly1.cif.gz
[DOWNLOAD] 8ryo-assembly1.cif.gz
[EXTRACT] 7rk7-assembly1.cif
[EXTRACT] 8ryo-assembly1.cif
[DOWNLOAD] 8i5d-assembly1.cif.gz
[EXTRACT] 8i5d-assembly1.cif
[DOWNLOAD] 1duy-assembly1.cif.gz
[EXTRACT] 1duy-assembly1.cif
[DOWNLOAD] 6zky-assembly1.cif.gz
[EXTRACT] 6zky-assembly1.cif
[DOWNLOAD] 4o2f-assembly1.cif.gz
[EXTRACT] 4o2f-assembly1.cif
[DOWNLOAD] 3h9s-assembly1.cif.gz
[EXTRACT] 3h9s-assembly1.cif
[DOWNLOAD] 7pbe-assembly1.cif.gz
[DOWNLOAD] 1a9b-assembly1.cif.gz
[EXTRACT] 1a9b-assembly1.cif
[EXTRACT] 7pbe-assembly1.cif
[DOWNLOAD] 1ydp-assembly1.cif.gz
[EXTRACT] 1ydp-assembly1.cif
[DOWNLOAD] 4jfp-assembly1.cif.gz
[EXTRACT] 4jfp-assembly1.cif
[DOWNLOAD] 6zkx-assembly1.cif.gz
[EXTRACT] 6zkx-assembly1.cif
[DOWNLOAD] 3v5d-assembly1.cif.gz
[EXTRACT] 3v5d-assembly1.cif
[DOWNLOAD] 3utt-assembly1.cif.gz
[EXTRACT] 3utt-assembly1.cif
[DOWNLOAD] 7ejm-assembly1.cif.gz
[EXTRACT] 7ejm-assembly1.cif
[DOWNLOAD] 6uli-assembly1.cif.gz
[EXTRACT] 6uli-assembly1.cif
[DOWNLOAD] 3qfj-assembly1.cif.gz
[EXTRACT] 3qfj-assembly1.cif
[DOWNLOAD] 1cg9-assembly1.cif.gz
[EXTRACT] 1cg9-assembly1.cif
[DOWNLOAD] 2nx5-assembly1.cif.gz
[DOWNLOAD] 6ggm-assembly1.cif.gz
[EXTRACT] 6ggm-assembly1.cif
[EXTRACT] 2nx5-assembly1.cif
[DOWNLOAD] 5enw-assembly1.cif.gz
[EXTRACT] 5enw-assembly1.cif
[DOWNLOAD] 7s8q-assembly1.cif.gz
[DOWNLOAD] 1s9y-assembly1.cif.gz
[EXTRACT] 7s8q-assembly1.cif
[EXTRACT] 1s9y-assembly1.cif
[DOWNLOAD] 7lg2-assembly1.cif.gz
[EXTRACT] 7lg2-assembly1.cif
[DOWNLOAD] 5iue-assembly1.cif.gz
[EXTRACT] 5iue-assembly1.cif
[DOWNLOAD] 3wl9-assembly1.cif.gz
[EXTRACT] 3wl9-assembly1.cif
[DOWNLOAD] 2clr-assembly1.cif.gz
[EXTRACT] 2clr-assembly1.cif
[DOWNLOAD] 3mgt-assembly1.cif.gz
[EXTRACT] 3mgt-assembly1.cif
[DOWNLOAD] 5f9j-assembly1.cif.gz
[EXTRACT] 5f9j-assembly1.cif
[DOWNLOAD] 3ft2-assembly1.cif.gz
[EXTRACT] 3ft2-assembly1.cif
[DOWNLOAD] 3ox8-assembly1.cif.gz
[EXTRACT] 3ox8-assembly1.cif
[DOWNLOAD] 1e27-assembly1.cif.gz
[EXTRACT] 1e27-assembly1.cif
[DOWNLOAD] 4wu5-assembly1.cif.gz
[DOWNLOAD] 1t20-assembly1.cif.gz
[EXTRACT] 4wu5-assembly1.cif
[EXTRACT] 1t20-assembly1.cif
[DOWNLOAD] 3fqw-assembly1.cif.gz
[DOWNLOAD] 3c9n-assembly1.cif.gz
[EXTRACT] 3fqw-assembly1.cif
[EXTRACT] 3c9n-assembly1.cif
[DOWNLOAD] 2bvp-assembly1.cif.gz
[EXTRACT] 2bvp-assembly1.cif
[DOWNLOAD] 6jp3-assembly1.cif.gz
[EXTRACT] 6jp3-assembly1.cif
[DOWNLOAD] 7kgs-assembly1.cif.gz
[DOWNLOAD] 4nqv-assembly1.cif.gz
[EXTRACT] 7kgs-assembly1.cif
[EXTRACT] 4nqv-assembly1.cif
[DOWNLOAD] 5hga-assembly1.cif.gz
[EXTRACT] 5hga-assembly1.cif
[DOWNLOAD] 4jff-assembly1.cif.gz
[EXTRACT] 4jff-assembly1.cif
[DOWNLOAD] 1hhg-assembly1.cif.gz
[EXTRACT] 1hhg-assembly1.cif
[DOWNLOAD] 7n2r-assembly1.cif.gz
[DOWNLOAD] 6aee-assembly1.cif.gz
[EXTRACT] 6aee-assembly1.cif
[EXTRACT] 7n2r-assembly1.cif
[DOWNLOAD] 5nmk-assembly1.cif.gz
[EXTRACT] 5nmk-assembly1.cif
[DOWNLOAD] 1mhe-assembly1.cif.gz
[EXTRACT] 1mhe-assembly1.cif
[DOWNLOAD] 8elg-assembly1.cif.gz
[EXTRACT] 8elg-assembly1.cif
[DOWNLOAD] 8rym-assembly1.cif.gz
[EXTRACT] 8rym-assembly1.cif
[DOWNLOAD] 6gh4-assembly1.cif.gz
[EXTRACT] 6gh4-assembly1.cif
[DOWNLOAD] 7lg3-assembly1.cif.gz
[EXTRACT] 7lg3-assembly1.cif
[DOWNLOAD] 7n1b-assembly1.cif.gz
[EXTRACT] 7n1b-assembly1.cif
[DOWNLOAD] 5d9s-assembly1.cif.gz
[EXTRACT] 5d9s-assembly1.cif
[DOWNLOAD] 6mpp-assembly1.cif.gz
[EXTRACT] 6mpp-assembly1.cif
[DOWNLOAD] 3vxn-assembly1.cif.gz
[EXTRACT] 3vxn-assembly1.cif
[DOWNLOAD] 8enh-assembly1.cif.gz
[EXTRACT] 8enh-assembly1.cif
[DOWNLOAD] 8rh6-assembly1.cif.gz
[DOWNLOAD] 7sa2-assembly1.cif.gz
[DOWNLOAD] 8rlt-assembly1.cif.gz
[EXTRACT] 7sa2-assembly1.cif
[EXTRACT] 8rlt-assembly1.cif
[EXTRACT] 8rh6-assembly1.cif
[DOWNLOAD] 8rng-assembly1.cif.gz
[EXTRACT] 8rng-assembly1.cif
[DOWNLOAD] 7s8f-assembly1.cif.gz
[EXTRACT] 7s8f-assembly1.cif
[DOWNLOAD] 6d2b-assembly1.cif.gz
[EXTRACT] 6d2b-assembly1.cif
[DOWNLOAD] 5im7-assembly1.cif.gz
[EXTRACT] 5im7-assembly1.cif
[DOWNLOAD] 7kgp-assembly1.cif.gz
[EXTRACT] 7kgp-assembly1.cif
[DOWNLOAD] 1eey-assembly1.cif.gz
[EXTRACT] 1eey-assembly1.cif
[DOWNLOAD] 7n1e-assembly1.cif.gz
[EXTRACT] 7n1e-assembly1.cif
[DOWNLOAD] 5w1v-assembly1.cif.gz
[EXTRACT] 5w1v-assembly1.cif
[DOWNLOAD] 2x4n-assembly1.cif.gz
[EXTRACT] 2x4n-assembly1.cif
[DOWNLOAD] 8rhq-assembly1.cif.gz
[EXTRACT] 8rhq-assembly1.cif
[DOWNLOAD] 8rop-assembly1.cif.gz
[EXTRACT] 8rop-assembly1.cif
[DOWNLOAD] 7s79-assembly1.cif.gz
[EXTRACT] 7s79-assembly1.cif
[DOWNLOAD] 4f7t-assembly1.cif.gz
[EXTRACT] 4f7t-assembly1.cif
[DOWNLOAD] 6p2s-assembly1.cif.gz
[EXTRACT] 6p2s-assembly1.cif
[DOWNLOAD] 1qvo-assembly1.cif.gz
[EXTRACT] 1qvo-assembly1.cif
[DOWNLOAD] 5jhd-assembly1.cif.gz
[EXTRACT] 5jhd-assembly1.cif
[DOWNLOAD] 7s7f-assembly1.cif.gz
[DOWNLOAD] 7wt4-assembly1.cif.gz
[EXTRACT] 7s7f-assembly1.cif
[EXTRACT] 7wt4-assembly1.cif
[DOWNLOAD] 1qew-assembly1.cif.gz
[EXTRACT] 1qew-assembly1.cif
[DOWNLOAD] 7kgq-assembly1.cif.gz
[EXTRACT] 7kgq-assembly1.cif
[DOWNLOAD] 4o2c-assembly1.cif.gz
[EXTRACT] 4o2c-assembly1.cif
[DOWNLOAD] 3o3b-assembly1.cif.gz
[EXTRACT] 3o3b-assembly1.cif
[DOWNLOAD] 1s9x-assembly1.cif.gz
[EXTRACT] 1s9x-assembly1.cif
[DOWNLOAD] 2f53-assembly1.cif.gz
[EXTRACT] 2f53-assembly1.cif
[DOWNLOAD] 2uwe-assembly1.cif.gz
[EXTRACT] 2uwe-assembly1.cif
[DOWNLOAD] 5hgd-assembly1.cif.gz
[DOWNLOAD] 6vb1-assembly1.cif.gz
[EXTRACT] 5hgd-assembly1.cif
[EXTRACT] 6vb1-assembly1.cif
[DOWNLOAD] 8ryq-assembly1.cif.gz
[EXTRACT] 8ryq-assembly1.cif
[DOWNLOAD] 7rzd-assembly1.cif.gz
[EXTRACT] 7rzd-assembly1.cif
[DOWNLOAD] 3rew-assembly1.cif.gz
[EXTRACT] 3rew-assembly1.cif
[DOWNLOAD] 6avf-assembly1.cif.gz
[DOWNLOAD] 6tdq-assembly1.cif.gz
[EXTRACT] 6avf-assembly1.cif
[EXTRACT] 6tdq-assembly1.cif
[DOWNLOAD] 7wkj-assembly1.cif.gz
[EXTRACT] 7wkj-assembly1.cif
[DOWNLOAD] 5isz-assembly1.cif.gz
[EXTRACT] 5isz-assembly1.cif
[DOWNLOAD] 5wjn-assembly1.cif.gz
[EXTRACT] 5wjn-assembly1.cif
[DOWNLOAD] 8xfz-assembly1.cif.gz
[EXTRACT] 8xfz-assembly1.cif
[DOWNLOAD] 1lp9-assembly1.cif.gz
[EXTRACT] 1lp9-assembly1.cif
[DOWNLOAD] 6uzq-assembly1.cif.gz
[EXTRACT] 6uzq-assembly1.cif
[DOWNLOAD] 8ryp-assembly1.cif.gz
[EXTRACT] 8ryp-assembly1.cif
[DOWNLOAD] 5eu3-assembly1.cif.gz
[EXTRACT] 5eu3-assembly1.cif
[DOWNLOAD] 1qrn-assembly1.cif.gz
[EXTRACT] 1qrn-assembly1.cif
[DOWNLOAD] 8e13-assembly1.cif.gz
[DOWNLOAD] 6gl1-assembly1.cif.gz
[EXTRACT] 8e13-assembly1.cif
[EXTRACT] 6gl1-assembly1.cif
[DOWNLOAD] 5fdw-assembly1.cif.gz
[EXTRACT] 5fdw-assembly1.cif
[DOWNLOAD] 6mt4-assembly1.cif.gz
[EXTRACT] 6mt4-assembly1.cif
[DOWNLOAD] 6uzs-assembly1.cif.gz
[EXTRACT] 6uzs-assembly1.cif
[DOWNLOAD] 6tdr-assembly1.cif.gz
[EXTRACT] 6tdr-assembly1.cif
[DOWNLOAD] 3fqx-assembly1.cif.gz
[DOWNLOAD] 3ft4-assembly1.cif.gz
[EXTRACT] 3ft4-assembly1.cif
[EXTRACT] 3fqx-assembly1.cif
[DOWNLOAD] 8roo-assembly1.cif.gz
[EXTRACT] 8roo-assembly1.cif
[DOWNLOAD] 6pag-assembly1.cif.gz
[EXTRACT] 6pag-assembly1.cif
[DOWNLOAD] 6vm9-assembly1.cif.gz
[EXTRACT] 6vm9-assembly1.cif
[DOWNLOAD] 6am5-assembly1.cif.gz
[EXTRACT] 6am5-assembly1.cif
[DOWNLOAD] 4no5-assembly1.cif.gz
[EXTRACT] 4no5-assembly1.cif
[DOWNLOAD] 8ryn-assembly1.cif.gz
[EXTRACT] 8ryn-assembly1.cif
[DOWNLOAD] 7nmf-assembly1.cif.gz
[EXTRACT] 7nmf-assembly1.cif
[DOWNLOAD] 6id4-assembly1.cif.gz
[EXTRACT] 6id4-assembly1.cif
[DOWNLOAD] 5w69-assembly1.cif.gz
[DOWNLOAD] 7mkb-assembly1.cif.gz
[EXTRACT] 7mkb-assembly1.cif
[EXTRACT] 5w69-assembly1.cif
[DOWNLOAD] 5hyj-assembly1.cif.gz
[EXTRACT] 5hyj-assembly1.cif
[DOWNLOAD] 8dvg-assembly1.cif.gz
[EXTRACT] 8dvg-assembly1.cif
[DOWNLOAD] 8eb2-assembly1.cif.gz
[EXTRACT] 8eb2-assembly1.cif
[DOWNLOAD] 7ow4-assembly1.cif.gz
[EXTRACT] 7ow4-assembly1.cif
[DOWNLOAD] 8gon-assembly1.cif.gz
[EXTRACT] 8gon-assembly1.cif
[DOWNLOAD] 7p3e-assembly1.cif.gz
[EXTRACT] 7p3e-assembly1.cif
[DOWNLOAD] 6joz-assembly1.cif.gz
[EXTRACT] 6joz-assembly1.cif
[DOWNLOAD] 7p3d-assembly1.cif.gz
[EXTRACT] 7p3d-assembly1.cif
[DOWNLOAD] 3mgo-assembly1.cif.gz
[DOWNLOAD] 1hsb-assembly1.cif.gz
[EXTRACT] 3mgo-assembly1.cif
[EXTRACT] 1hsb-assembly1.cif
[DOWNLOAD] 6gh1-assembly1.cif.gz
[EXTRACT] 6gh1-assembly1.cif
[DOWNLOAD] 5v5l-assembly1.cif.gz
[EXTRACT] 5v5l-assembly1.cif
[DOWNLOAD] 8rlu-assembly1.cif.gz
[EXTRACT] 8rlu-assembly1.cif
[DOWNLOAD] 4n8v-assembly1.cif.gz
[EXTRACT] 4n8v-assembly1.cif
[DOWNLOAD] 3h9h-assembly1.cif.gz
[DOWNLOAD] 1hhi-assembly1.cif.gz
[EXTRACT] 3h9h-assembly1.cif
[EXTRACT] 1hhi-assembly1.cif
[DOWNLOAD] 1i7t-assembly1.cif.gz
[EXTRACT] 1i7t-assembly1.cif
[DOWNLOAD] 6amt-assembly1.cif.gz
[EXTRACT] 6amt-assembly1.cif
[DOWNLOAD] 4jfe-assembly1.cif.gz
[EXTRACT] 4jfe-assembly1.cif
[DOWNLOAD] 7s8e-assembly1.cif.gz
[EXTRACT] 7s8e-assembly1.cif
[DOWNLOAD] 5hgh-assembly1.cif.gz
[EXTRACT] 5hgh-assembly1.cif
[DOWNLOAD] 7pb2-assembly1.cif.gz
[EXTRACT] 7pb2-assembly1.cif
[DOWNLOAD] 3nfn-assembly1.cif.gz
[EXTRACT] 3nfn-assembly1.cif
[DOWNLOAD] 5t6y-assembly1.cif.gz
[EXTRACT] 5t6y-assembly1.cif
[DOWNLOAD] 5vue-assembly1.cif.gz
[EXTRACT] 5vue-assembly1.cif
[DOWNLOAD] 7mj7-assembly1.cif.gz
[EXTRACT] 7mj7-assembly1.cif
[DOWNLOAD] 7s7d-assembly1.cif.gz
[EXTRACT] 7s7d-assembly1.cif
[DOWNLOAD] 8i5c-assembly1.cif.gz
[EXTRACT] 8i5c-assembly1.cif
[DOWNLOAD] 6j29-assembly1.cif.gz
[EXTRACT] 6j29-assembly1.cif
[DOWNLOAD] 5wkf-assembly1.cif.gz
[EXTRACT] 5wkf-assembly1.cif
[DOWNLOAD] 4nqx-assembly1.cif.gz
[DOWNLOAD] 4prn-assembly1.cif.gz
[EXTRACT] 4nqx-assembly1.cif
[DOWNLOAD] 3oxr-assembly1.cif.gz
[EXTRACT] 4prn-assembly1.cif
[EXTRACT] 3oxr-assembly1.cif
[DOWNLOAD] 5hhm-assembly1.cif.gz
[EXTRACT] 5hhm-assembly1.cif
[DOWNLOAD] 7mj9-assembly1.cif.gz
[EXTRACT] 7mj9-assembly1.cif
[DOWNLOAD] 6jtp-assembly1.cif.gz
[EXTRACT] 6jtp-assembly1.cif
[DOWNLOAD] 5vuf-assembly1.cif.gz
[EXTRACT] 5vuf-assembly1.cif
[DOWNLOAD] 5t6x-assembly1.cif.gz
[EXTRACT] 5t6x-assembly1.cif
[DOWNLOAD] 5brz-assembly1.cif.gz
[DOWNLOAD] 7lgd-assembly1.cif.gz
[EXTRACT] 7lgd-assembly1.cif
[EXTRACT] 5brz-assembly1.cif
[DOWNLOAD] 3gjf-assembly1.cif.gz
[EXTRACT] 3gjf-assembly1.cif
[DOWNLOAD] 5c07-assembly1.cif.gz
[EXTRACT] 5c07-assembly1.cif
[DOWNLOAD] 5c0c-assembly1.cif.gz
[EXTRACT] 5c0c-assembly1.cif
[DOWNLOAD] 8isn-assembly1.cif.gz
[EXTRACT] 8isn-assembly1.cif
[DOWNLOAD] 3vfn-assembly1.cif.gz
[EXTRACT] 3vfn-assembly1.cif
[DOWNLOAD] 7kgt-assembly1.cif.gz
[EXTRACT] 7kgt-assembly1.cif
[DOWNLOAD] 3o4l-assembly1.cif.gz
[DOWNLOAD] 5w1w-assembly1.cif.gz
[EXTRACT] 5w1w-assembly1.cif
[EXTRACT] 3o4l-assembly1.cif
[DOWNLOAD] 2x70-assembly1.cif.gz
[EXTRACT] 2x70-assembly1.cif
[DOWNLOAD] 2bvo-assembly1.cif.gz
[EXTRACT] 2bvo-assembly1.cif
[DOWNLOAD] 3gso-assembly1.cif.gz
[EXTRACT] 3gso-assembly1.cif
[DOWNLOAD] 6z9x-assembly1.cif.gz
[EXTRACT] 6z9x-assembly1.cif
[DOWNLOAD] 6p2c-assembly1.cif.gz
[DOWNLOAD] 7s8a-assembly1.cif.gz
[EXTRACT] 6p2c-assembly1.cif
[EXTRACT] 7s8a-assembly1.cif
[DOWNLOAD] 9bl6-assembly1.cif.gz
[EXTRACT] 9bl6-assembly1.cif
[DOWNLOAD] 6p64-assembly1.cif.gz
[DOWNLOAD] 4xxc-assembly1.cif.gz
[EXTRACT] 6p64-assembly1.cif
[EXTRACT] 4xxc-assembly1.cif
[DOWNLOAD] 6ssa-assembly1.cif.gz
[EXTRACT] 6ssa-assembly1.cif
[DOWNLOAD] 8tbw-assembly1.cif.gz
[EXTRACT] 8tbw-assembly1.cif
[DOWNLOAD] 3vfp-assembly1.cif.gz
[EXTRACT] 3vfp-assembly1.cif
[DOWNLOAD] 2vll-assembly1.cif.gz
[DOWNLOAD] 7ow5-assembly1.cif.gz
[EXTRACT] 2vll-assembly1.cif
[EXTRACT] 7ow5-assembly1.cif
[DOWNLOAD] 5swq-assembly1.cif.gz
[EXTRACT] 5swq-assembly1.cif
[DOWNLOAD] 3mrb-assembly1.cif.gz
[EXTRACT] 3mrb-assembly1.cif
[DOWNLOAD] 3pwl-assembly1.cif.gz
[EXTRACT] 3pwl-assembly1.cif
[DOWNLOAD] 7jyv-assembly1.cif.gz
[EXTRACT] 7jyv-assembly1.cif
[DOWNLOAD] 8rbu-assembly1.cif.gz
[EXTRACT] 8rbu-assembly1.cif
[DOWNLOAD] 3x13-assembly1.cif.gz
[EXTRACT] 3x13-assembly1.cif
[DOWNLOAD] 4g8g-assembly1.cif.gz
[EXTRACT] 4g8g-assembly1.cif
[DOWNLOAD] 3ixa-assembly1.cif.gz
[EXTRACT] 3ixa-assembly1.cif
[DOWNLOAD] 7wj3-assembly1.cif.gz
[EXTRACT] 7wj3-assembly1.cif
[DOWNLOAD] 7pbc-assembly1.cif.gz
[EXTRACT] 7pbc-assembly1.cif
[DOWNLOAD] 7t5m-assembly1.cif.gz
[DOWNLOAD] 6rp9-assembly1.cif.gz
[EXTRACT] 7t5m-assembly1.cif
[EXTRACT] 6rp9-assembly1.cif
[DOWNLOAD] 3vfu-assembly1.cif.gz
[EXTRACT] 3vfu-assembly1.cif
[DOWNLOAD] 6q3s-assembly1.cif.gz
[DOWNLOAD] 1a1n-assembly1.cif.gz
[EXTRACT] 6q3s-assembly1.cif
[EXTRACT] 1a1n-assembly1.cif
[DOWNLOAD] 2x4s-assembly1.cif.gz
[EXTRACT] 2x4s-assembly1.cif
[DOWNLOAD] 6uj8-assembly1.cif.gz
[EXTRACT] 6uj8-assembly1.cif
[DOWNLOAD] 5hho-assembly1.cif.gz
[EXTRACT] 5hho-assembly1.cif
[DOWNLOAD] 4jqv-assembly1.cif.gz
[EXTRACT] 4jqv-assembly1.cif
[DOWNLOAD] 8f5a-assembly1.cif.gz
[EXTRACT] 8f5a-assembly1.cif
[DOWNLOAD] 3ln4-assembly1.cif.gz
[EXTRACT] 3ln4-assembly1.cif
[DOWNLOAD] 6vb2-assembly1.cif.gz
[EXTRACT] 6vb2-assembly1.cif
[DOWNLOAD] 7r7x-assembly1.cif.gz
[EXTRACT] 7r7x-assembly1.cif
[DOWNLOAD] 8xg2-assembly1.cif.gz
[DOWNLOAD] 4mnq-assembly1.cif.gz
[EXTRACT] 8xg2-assembly1.cif
[DOWNLOAD] 6r2l-assembly1.cif.gz
[EXTRACT] 4mnq-assembly1.cif
[DOWNLOAD] 8sbk-assembly1.cif.gz
[EXTRACT] 6r2l-assembly1.cif
[EXTRACT] 8sbk-assembly1.cif
[DOWNLOAD] 4wuu-assembly1.cif.gz
[EXTRACT] 4wuu-assembly1.cif
[DOWNLOAD] 5e00-assembly1.cif.gz
[EXTRACT] 5e00-assembly1.cif
[DOWNLOAD] 3mrq-assembly1.cif.gz
[DOWNLOAD] 1w72-assembly1.cif.gz
[EXTRACT] 3mrq-assembly1.cif
[DOWNLOAD] 5fa4-assembly1.cif.gz
[EXTRACT] 1w72-assembly1.cif
[EXTRACT] 5fa4-assembly1.cif
[DOWNLOAD] 8e8i-assembly1.cif.gz
[EXTRACT] 8e8i-assembly1.cif
[DOWNLOAD] 6mt6-assembly1.cif.gz
[EXTRACT] 6mt6-assembly1.cif
[DOWNLOAD] 8tuh-assembly1.cif.gz
[EXTRACT] 8tuh-assembly1.cif
[DOWNLOAD] 6g3j-assembly1.cif.gz
[EXTRACT] 6g3j-assembly1.cif
[DOWNLOAD] 2vlk-assembly1.cif.gz
[EXTRACT] 2vlk-assembly1.cif
[DOWNLOAD] 6o4z-assembly1.cif.gz
[EXTRACT] 6o4z-assembly1.cif
[DOWNLOAD] 6o4y-assembly1.cif.gz
[EXTRACT] 6o4y-assembly1.cif
[DOWNLOAD] 4o2e-assembly1.cif.gz
[EXTRACT] 4o2e-assembly1.cif
[DOWNLOAD] 2p5e-assembly1.cif.gz
[EXTRACT] 2p5e-assembly1.cif
[DOWNLOAD] 8shi-assembly1.cif.gz
[EXTRACT] 8shi-assembly1.cif
[DOWNLOAD] 7lgt-assembly1.cif.gz
[EXTRACT] 7lgt-assembly1.cif
[DOWNLOAD] 3pwn-assembly1.cif.gz
[EXTRACT] 3pwn-assembly1.cif
[DOWNLOAD] 6pte-assembly1.cif.gz
[EXTRACT] 6pte-assembly1.cif
[DOWNLOAD] 5hhp-assembly1.cif.gz
[EXTRACT] 5hhp-assembly1.cif
[DOWNLOAD] 5e9d-assembly1.cif.gz
[EXTRACT] 5e9d-assembly1.cif
[DOWNLOAD] 2gj6-assembly1.cif.gz
[DOWNLOAD] 3mrm-assembly1.cif.gz
[EXTRACT] 2gj6-assembly1.cif
[EXTRACT] 3mrm-assembly1.cif
[DOWNLOAD] 6rsy-assembly1.cif.gz
[EXTRACT] 6rsy-assembly1.cif
[DOWNLOAD] 5c08-assembly1.cif.gz
[EXTRACT] 5c08-assembly1.cif
[DOWNLOAD] 8xes-assembly1.cif.gz
[DOWNLOAD] 8fu4-assembly1.cif.gz
[EXTRACT] 8xes-assembly1.cif
[EXTRACT] 8fu4-assembly1.cif
[DOWNLOAD] 4pra-assembly1.cif.gz
[EXTRACT] 4pra-assembly1.cif
[DOWNLOAD] 3hpj-assembly1.cif.gz
[EXTRACT] 3hpj-assembly1.cif
[DOWNLOAD] 6bxp-assembly1.cif.gz
[EXTRACT] 6bxp-assembly1.cif
[DOWNLOAD] 6tro-assembly1.cif.gz
[EXTRACT] 6tro-assembly1.cif
[DOWNLOAD] 2dyp-assembly1.cif.gz
[EXTRACT] 2dyp-assembly1.cif
[DOWNLOAD] 3o3e-assembly1.cif.gz
[EXTRACT] 3o3e-assembly1.cif
[DOWNLOAD] 3v5h-assembly1.cif.gz
[EXTRACT] 3v5h-assembly1.cif
[DOWNLOAD] 6o9c-assembly1.cif.gz
[DOWNLOAD] 5wkh-assembly1.cif.gz
[EXTRACT] 6o9c-assembly1.cif
[EXTRACT] 5wkh-assembly1.cif
[DOWNLOAD] 3bxn-assembly1.cif.gz
[EXTRACT] 3bxn-assembly1.cif
[DOWNLOAD] 3sjv-assembly1.cif.gz
[EXTRACT] 3sjv-assembly1.cif
[DOWNLOAD] 3bh8-assembly1.cif.gz
[EXTRACT] 3bh8-assembly1.cif
[DOWNLOAD] 3vrj-assembly1.cif.gz
[EXTRACT] 3vrj-assembly1.cif
[DOWNLOAD] 8i5e-assembly1.cif.gz
[EXTRACT] 8i5e-assembly1.cif
[DOWNLOAD] 3vfv-assembly1.cif.gz
[EXTRACT] 3vfv-assembly1.cif
[DOWNLOAD] 5wmp-assembly1.cif.gz
[EXTRACT] 5wmp-assembly1.cif
[DOWNLOAD] 6trn-assembly1.cif.gz
[EXTRACT] 6trn-assembly1.cif
[DOWNLOAD] 1i1f-assembly1.cif.gz
[EXTRACT] 1i1f-assembly1.cif
[DOWNLOAD] 4lcy-assembly1.cif.gz
[EXTRACT] 4lcy-assembly1.cif
[DOWNLOAD] 6ss9-assembly1.cif.gz
[DOWNLOAD] 8tbv-assembly1.cif.gz
[EXTRACT] 6ss9-assembly1.cif
[EXTRACT] 8tbv-assembly1.cif
[DOWNLOAD] 8u9g-assembly1.cif.gz
[EXTRACT] 8u9g-assembly1.cif
[DOWNLOAD] 5wmn-assembly1.cif.gz
[EXTRACT] 5wmn-assembly1.cif
[DOWNLOAD] 5men-assembly1.cif.gz
[DOWNLOAD] 7wt5-assembly1.cif.gz
[EXTRACT] 7wt5-assembly1.cif
[EXTRACT] 5men-assembly1.cif
[DOWNLOAD] 7l1c-assembly1.cif.gz
[DOWNLOAD] 3d39-assembly1.cif.gz
[EXTRACT] 7l1c-assembly1.cif
[EXTRACT] 3d39-assembly1.cif
[DOWNLOAD] 5iro-assembly1.cif.gz
[EXTRACT] 5iro-assembly1.cif
[DOWNLOAD] 6v2p-assembly1.cif.gz
[DOWNLOAD] 1s9w-assembly1.cif.gz
[EXTRACT] 1s9w-assembly1.cif
[EXTRACT] 6v2p-assembly1.cif
[DOWNLOAD] 7wzz-assembly1.cif.gz
[EXTRACT] 7wzz-assembly1.cif
[DOWNLOAD] 5n6b-assembly1.cif.gz
[EXTRACT] 5n6b-assembly1.cif
[DOWNLOAD] 3gsx-assembly1.cif.gz
[EXTRACT] 3gsx-assembly1.cif
[DOWNLOAD] 3ln5-assembly1.cif.gz
[EXTRACT] 3ln5-assembly1.cif
[DOWNLOAD] 6vma-assembly1.cif.gz
[EXTRACT] 6vma-assembly1.cif
[DOWNLOAD] 5v5m-assembly1.cif.gz
[EXTRACT] 5v5m-assembly1.cif
[DOWNLOAD] 8emg-assembly1.cif.gz
[EXTRACT] 8emg-assembly1.cif
[DOWNLOAD] 8eo8-assembly1.cif.gz
[EXTRACT] 8eo8-assembly1.cif
[DOWNLOAD] 2av1-assembly1.cif.gz
[EXTRACT] 2av1-assembly1.cif
[DOWNLOAD] 7rm4-assembly1.cif.gz
[EXTRACT] 7rm4-assembly1.cif
[DOWNLOAD] 7rrg-assembly1.cif.gz
[EXTRACT] 7rrg-assembly1.cif
[DOWNLOAD] 4u6y-assembly1.cif.gz
[EXTRACT] 4u6y-assembly1.cif
[DOWNLOAD] 7dzn-assembly1.cif.gz
[EXTRACT] 7dzn-assembly1.cif
[DOWNLOAD] 7srk-assembly1.cif.gz
[DOWNLOAD] 8erx-assembly1.cif.gz
[DOWNLOAD] 6vb0-assembly1.cif.gz
[EXTRACT] 7srk-assembly1.cif
[EXTRACT] 8erx-assembly1.cif
[EXTRACT] 6vb0-assembly1.cif
[DOWNLOAD] 5c0b-assembly1.cif.gz
[EXTRACT] 5c0b-assembly1.cif
[DOWNLOAD] 8e2z-assembly1.cif.gz
[EXTRACT] 8e2z-assembly1.cif
[DOWNLOAD] 8es9-assembly1.cif.gz
[EXTRACT] 8es9-assembly1.cif
[DOWNLOAD] 2guo-assembly1.cif.gz
[EXTRACT] 2guo-assembly1.cif
[DOWNLOAD] 4u1i-assembly1.cif.gz
[EXTRACT] 4u1i-assembly1.cif
[DOWNLOAD] 3l3k-assembly1.cif.gz
[EXTRACT] 3l3k-assembly1.cif
[DOWNLOAD] 4uq3-assembly1.cif.gz
[EXTRACT] 4uq3-assembly1.cif
[DOWNLOAD] 3uts-assembly1.cif.gz
[EXTRACT] 3uts-assembly1.cif
[DOWNLOAD] 5wxc-assembly1.cif.gz
[EXTRACT] 5wxc-assembly1.cif
[DOWNLOAD] 5t6w-assembly1.cif.gz
[EXTRACT] 5t6w-assembly1.cif
[DOWNLOAD] 6jtn-assembly1.cif.gz
[EXTRACT] 6jtn-assembly1.cif
[DOWNLOAD] 1oga-assembly1.cif.gz
[EXTRACT] 1oga-assembly1.cif
[DOWNLOAD] 6d2t-assembly1.cif.gz
[EXTRACT] 6d2t-assembly1.cif
[DOWNLOAD] 6pbh-assembly1.cif.gz
[EXTRACT] 6pbh-assembly1.cif
[DOWNLOAD] 9bl5-assembly1.cif.gz
[EXTRACT] 9bl5-assembly1.cif
[DOWNLOAD] 1b0g-assembly1.cif.gz
[EXTRACT] 1b0g-assembly1.cif
[DOWNLOAD] 7rzj-assembly1.cif.gz
[EXTRACT] 7rzj-assembly1.cif
[DOWNLOAD] 5ieh-assembly1.cif.gz
[EXTRACT] 5ieh-assembly1.cif
[DOWNLOAD] 1b0r-assembly1.cif.gz
[EXTRACT] 1b0r-assembly1.cif
[DOWNLOAD] 3mr9-assembly1.cif.gz
[EXTRACT] 3mr9-assembly1.cif
[DOWNLOAD] 6mtl-assembly1.cif.gz
[EXTRACT] 6mtl-assembly1.cif
[DOWNLOAD] 3gsq-assembly1.cif.gz
[EXTRACT] 3gsq-assembly1.cif
[DOWNLOAD] 2gtw-assembly1.cif.gz
[EXTRACT] 2gtw-assembly1.cif
[DOWNLOAD] 3mrc-assembly1.cif.gz
[EXTRACT] 3mrc-assembly1.cif
[DOWNLOAD] 3hcv-assembly1.cif.gz
[EXTRACT] 3hcv-assembly1.cif
[DOWNLOAD] 4jrx-assembly1.cif.gz
[EXTRACT] 4jrx-assembly1.cif
[DOWNLOAD] 3i6g-assembly1.cif.gz
[EXTRACT] 3i6g-assembly1.cif
[DOWNLOAD] 6ewc-assembly1.cif.gz
[EXTRACT] 6ewc-assembly1.cif
[DOWNLOAD] 1agf-assembly1.cif.gz
[EXTRACT] 1agf-assembly1.cif
[DOWNLOAD] 8es8-assembly1.cif.gz
[EXTRACT] 8es8-assembly1.cif
[DOWNLOAD] 4l29-assembly1.cif.gz
[EXTRACT] 4l29-assembly1.cif
[DOWNLOAD] 7wt3-assembly1.cif.gz
[EXTRACT] 7wt3-assembly1.cif
[DOWNLOAD] 6bj2-assembly1.cif.gz
[EXTRACT] 6bj2-assembly1.cif
[DOWNLOAD] 6vb7-assembly1.cif.gz
[DOWNLOAD] 5eu4-assembly1.cif.gz
[EXTRACT] 6vb7-assembly1.cif
[EXTRACT] 5eu4-assembly1.cif
[DOWNLOAD] 4i4w-assembly1.cif.gz
[EXTRACT] 4i4w-assembly1.cif
[DOWNLOAD] 7ndu-assembly1.cif.gz
[EXTRACT] 7ndu-assembly1.cif
[DOWNLOAD] 4e5x-assembly1.cif.gz
[EXTRACT] 4e5x-assembly1.cif
[DOWNLOAD] 3kpo-assembly1.cif.gz
[EXTRACT] 3kpo-assembly1.cif
[DOWNLOAD] 3pwj-assembly1.cif.gz
[EXTRACT] 3pwj-assembly1.cif
[DOWNLOAD] 7kgr-assembly1.cif.gz
[DOWNLOAD] 7n6d-assembly1.cif.gz
[EXTRACT] 7kgr-assembly1.cif
[EXTRACT] 7n6d-assembly1.cif
[DOWNLOAD] 1agd-assembly1.cif.gz
[EXTRACT] 1agd-assembly1.cif
[DOWNLOAD] 1ao7-assembly1.cif.gz
[EXTRACT] 1ao7-assembly1.cif
[DOWNLOAD] 5c09-assembly1.cif.gz
[EXTRACT] 5c09-assembly1.cif
[DOWNLOAD] 3h7b-assembly1.cif.gz
[EXTRACT] 3h7b-assembly1.cif
[DOWNLOAD] 3gsr-assembly1.cif.gz
[EXTRACT] 3gsr-assembly1.cif
[DOWNLOAD] 3gsu-assembly1.cif.gz
[EXTRACT] 3gsu-assembly1.cif
[DOWNLOAD] 7sih-assembly1.cif.gz
[EXTRACT] 7sih-assembly1.cif
[DOWNLOAD] 7q98-assembly1.cif.gz
[EXTRACT] 7q98-assembly1.cif
[DOWNLOAD] 3bze-assembly1.cif.gz
[EXTRACT] 3bze-assembly1.cif
[DOWNLOAD] 1tvh-assembly1.cif.gz
[EXTRACT] 1tvh-assembly1.cif
[DOWNLOAD] 7ejn-assembly1.cif.gz
[EXTRACT] 7ejn-assembly1.cif
[DOWNLOAD] 3mrj-assembly1.cif.gz
[EXTRACT] 3mrj-assembly1.cif
[DOWNLOAD] 2j8u-assembly1.cif.gz
[EXTRACT] 2j8u-assembly1.cif
[DOWNLOAD] 8rji-assembly1.cif.gz
[DOWNLOAD] 6uzn-assembly1.cif.gz
[EXTRACT] 6uzn-assembly1.cif
[EXTRACT] 8rji-assembly1.cif
[DOWNLOAD] 1qr1-assembly1.cif.gz
[EXTRACT] 1qr1-assembly1.cif
[DOWNLOAD] 4ftv-assembly1.cif.gz
[EXTRACT] 4ftv-assembly1.cif
[DOWNLOAD] 3hae-assembly1.cif.gz
[EXTRACT] 3hae-assembly1.cif
[DOWNLOAD] 6v3j-assembly1.cif.gz
[EXTRACT] 6v3j-assembly1.cif
[DOWNLOAD] 5nmf-assembly1.cif.gz
[EXTRACT] 5nmf-assembly1.cif
[DOWNLOAD] 6pyv-assembly1.cif.gz
[EXTRACT] 6pyv-assembly1.cif
[DOWNLOAD] 7jyw-assembly1.cif.gz
[EXTRACT] 7jyw-assembly1.cif
[DOWNLOAD] 2av7-assembly1.cif.gz
[EXTRACT] 2av7-assembly1.cif
[DOWNLOAD] 7q9a-assembly1.cif.gz
[EXTRACT] 7q9a-assembly1.cif
[DOWNLOAD] 6d2r-assembly1.cif.gz
[EXTRACT] 6d2r-assembly1.cif
[DOWNLOAD] 7n1f-assembly1.cif.gz
[EXTRACT] 7n1f-assembly1.cif
[DOWNLOAD] 6vm7-assembly1.cif.gz
[DOWNLOAD] 6tdp-assembly1.cif.gz
[EXTRACT] 6tdp-assembly1.cif
[EXTRACT] 6vm7-assembly1.cif
[DOWNLOAD] 5ddh-assembly1.cif.gz
[EXTRACT] 5ddh-assembly1.cif
[DOWNLOAD] 8emk-assembly1.cif.gz
[EXTRACT] 8emk-assembly1.cif
[DOWNLOAD] 7u21-assembly1.cif.gz
[EXTRACT] 7u21-assembly1.cif
[DOWNLOAD] 7m8t-assembly1.cif.gz
[DOWNLOAD] 3vfs-assembly1.cif.gz
[DOWNLOAD] 3vri-assembly1.cif.gz
[EXTRACT] 7m8t-assembly1.cif
[EXTRACT] 3vfs-assembly1.cif
[EXTRACT] 3vri-assembly1.cif
[DOWNLOAD] 6z9v-assembly1.cif.gz
[DOWNLOAD] 4u1l-assembly1.cif.gz
[EXTRACT] 6z9v-assembly1.cif
[EXTRACT] 4u1l-assembly1.cif
[DOWNLOAD] 2rfx-assembly1.cif.gz
[EXTRACT] 2rfx-assembly1.cif
[DOWNLOAD] 2bck-assembly1.cif.gz
[EXTRACT] 2bck-assembly1.cif
[DOWNLOAD] 7nmg-assembly1.cif.gz
[EXTRACT] 7nmg-assembly1.cif
[DOWNLOAD] 2bnr-assembly1.cif.gz
[DOWNLOAD] 6uj9-assembly1.cif.gz
[EXTRACT] 2bnr-assembly1.cif
[EXTRACT] 6uj9-assembly1.cif
[DOWNLOAD] 8ek5-assembly1.cif.gz
[DOWNLOAD] 5euo-assembly1.cif.gz
[EXTRACT] 8ek5-assembly1.cif
[EXTRACT] 5euo-assembly1.cif
[DOWNLOAD] 7qpj-assembly1.cif.gz
[EXTRACT] 7qpj-assembly1.cif
[DOWNLOAD] 1age-assembly1.cif.gz
[DOWNLOAD] 3ft3-assembly1.cif.gz
[EXTRACT] 1age-assembly1.cif
[EXTRACT] 3ft3-assembly1.cif
[DOWNLOAD] 3mrh-assembly1.cif.gz
[EXTRACT] 3mrh-assembly1.cif
[DOWNLOAD] 5n1y-assembly1.cif.gz
[EXTRACT] 5n1y-assembly1.cif
[DOWNLOAD] 4gks-assembly1.cif.gz
[DOWNLOAD] 3l3j-assembly1.cif.gz
[EXTRACT] 3l3j-assembly1.cif
[EXTRACT] 4gks-assembly1.cif
[DOWNLOAD] 6ujo-assembly1.cif.gz
[DOWNLOAD] 6vb6-assembly1.cif.gz
[EXTRACT] 6ujo-assembly1.cif
[EXTRACT] 6vb6-assembly1.cif
[DOWNLOAD] 7q9b-assembly1.cif.gz
[EXTRACT] 7q9b-assembly1.cif
[DOWNLOAD] 5eot-assembly1.cif.gz
[EXTRACT] 5eot-assembly1.cif
[DOWNLOAD] 7sr5-assembly1.cif.gz
[EXTRACT] 7sr5-assembly1.cif
[DOWNLOAD] 4qrs-assembly1.cif.gz
[EXTRACT] 4qrs-assembly1.cif
[DOWNLOAD] 7sif-assembly1.cif.gz
[DOWNLOAD] 5mep-assembly1.cif.gz
[EXTRACT] 7sif-assembly1.cif
[DOWNLOAD] 4hwz-assembly1.cif.gz
[EXTRACT] 5mep-assembly1.cif
[EXTRACT] 4hwz-assembly1.cif
[DOWNLOAD] 3bhb-assembly1.cif.gz
[EXTRACT] 3bhb-assembly1.cif
[DOWNLOAD] 3kyn-assembly1.cif.gz
[EXTRACT] 3kyn-assembly1.cif
[DOWNLOAD] 6iex-assembly1.cif.gz
[EXTRACT] 6iex-assembly1.cif
[DOWNLOAD] 8rnh-assembly1.cif.gz
[EXTRACT] 8rnh-assembly1.cif
[DOWNLOAD] 5fa3-assembly1.cif.gz
[EXTRACT] 5fa3-assembly1.cif
[DOWNLOAD] 7mj8-assembly1.cif.gz
[EXTRACT] 7mj8-assembly1.cif
[DOWNLOAD] 6ss7-assembly1.cif.gz
[EXTRACT] 6ss7-assembly1.cif
[DOWNLOAD] 3kpp-assembly1.cif.gz
[EXTRACT] 3kpp-assembly1.cif
[DOWNLOAD] 8udr-assembly1.cif.gz
[EXTRACT] 8udr-assembly1.cif
[DOWNLOAD] 4mji-assembly1.cif.gz
[EXTRACT] 4mji-assembly1.cif
[DOWNLOAD] 1i7u-assembly1.cif.gz
[DOWNLOAD] 8sbl-assembly1.cif.gz
[DOWNLOAD] 3lko-assembly1.cif.gz
[EXTRACT] 1i7u-assembly1.cif
[EXTRACT] 8sbl-assembly1.cif
[EXTRACT] 3lko-assembly1.cif
[DOWNLOAD] 6p2f-assembly1.cif.gz
[EXTRACT] 6p2f-assembly1.cif
[DOWNLOAD] 7n2o-assembly1.cif.gz
[EXTRACT] 7n2o-assembly1.cif
[DOWNLOAD] 3rl1-assembly1.cif.gz
[EXTRACT] 3rl1-assembly1.cif
[DOWNLOAD] 4nny-assembly1.cif.gz
[EXTRACT] 4nny-assembly1.cif
[DOWNLOAD] 3hg1-assembly1.cif.gz
[EXTRACT] 3hg1-assembly1.cif
[DOWNLOAD] 1i7r-assembly1.cif.gz
[EXTRACT] 1i7r-assembly1.cif
[DOWNLOAD] 5c0e-assembly1.cif.gz
[EXTRACT] 5c0e-assembly1.cif
[DOWNLOAD] 3vxm-assembly1.cif.gz
[EXTRACT] 3vxm-assembly1.cif
[DOWNLOAD] 6uzp-assembly1.cif.gz
[EXTRACT] 6uzp-assembly1.cif
[DOWNLOAD] 7su9-assembly1.cif.gz
[EXTRACT] 7su9-assembly1.cif
[DOWNLOAD] 6vb5-assembly1.cif.gz
[DOWNLOAD] 5w67-assembly1.cif.gz
[EXTRACT] 6vb5-assembly1.cif
[EXTRACT] 5w67-assembly1.cif
[DOWNLOAD] 2hjl-assembly1.cif.gz
[EXTRACT] 2hjl-assembly1.cif
[DOWNLOAD] 3lkn-assembly1.cif.gz
[EXTRACT] 3lkn-assembly1.cif
[DOWNLOAD] 6ulk-assembly1.cif.gz
[EXTRACT] 6ulk-assembly1.cif
[DOWNLOAD] 4jry-assembly1.cif.gz
[EXTRACT] 4jry-assembly1.cif
[DOWNLOAD] 3mv9-assembly1.cif.gz
[EXTRACT] 3mv9-assembly1.cif
[DOWNLOAD] 2jcc-assembly1.cif.gz
[EXTRACT] 2jcc-assembly1.cif
[DOWNLOAD] 3mrg-assembly1.cif.gz
[EXTRACT] 3mrg-assembly1.cif
[DOWNLOAD] 7mj6-assembly1.cif.gz
[EXTRACT] 7mj6-assembly1.cif
[DOWNLOAD] 6xqa-assembly1.cif.gz
[EXTRACT] 6xqa-assembly1.cif
[DOWNLOAD] 3mrp-assembly1.cif.gz
[EXTRACT] 3mrp-assembly1.cif
[DOWNLOAD] 8tub-assembly1.cif.gz
[EXTRACT] 8tub-assembly1.cif
[DOWNLOAD] 4u6x-assembly1.cif.gz
[DOWNLOAD] 5c0f-assembly1.cif.gz
[EXTRACT] 4u6x-assembly1.cif
[EXTRACT] 5c0f-assembly1.cif
[DOWNLOAD] 3mro-assembly1.cif.gz
[EXTRACT] 3mro-assembly1.cif
[DOWNLOAD] 5wmo-assembly1.cif.gz
[EXTRACT] 5wmo-assembly1.cif
[DOWNLOAD] 5c0d-assembly1.cif.gz
[DOWNLOAD] 1jf1-assembly1.cif.gz
[EXTRACT] 5c0d-assembly1.cif
[EXTRACT] 1jf1-assembly1.cif
[DOWNLOAD] 3gsv-assembly1.cif.gz
[EXTRACT] 3gsv-assembly1.cif
[DOWNLOAD] 3utq-assembly1.cif.gz
[EXTRACT] 3utq-assembly1.cif
[DOWNLOAD] 3qfd-assembly1.cif.gz
[EXTRACT] 3qfd-assembly1.cif
[DOWNLOAD] 2bnq-assembly1.cif.gz
[DOWNLOAD] 3bh9-assembly1.cif.gz
[EXTRACT] 2bnq-assembly1.cif
[EXTRACT] 3bh9-assembly1.cif
[DOWNLOAD] 6vmx-assembly1.cif.gz
[EXTRACT] 6vmx-assembly1.cif
[DOWNLOAD] 1n2r-assembly1.cif.gz
[EXTRACT] 1n2r-assembly1.cif
[DOWNLOAD] 4mj6-assembly1.cif.gz
[EXTRACT] 4mj6-assembly1.cif
[DOWNLOAD] 6uzo-assembly1.cif.gz
[EXTRACT] 6uzo-assembly1.cif
[DOWNLOAD] 3fqn-assembly1.cif.gz
[EXTRACT] 3fqn-assembly1.cif
[DOWNLOAD] 8emj-assembly1.cif.gz
[EXTRACT] 8emj-assembly1.cif
[DOWNLOAD] 7q99-assembly1.cif.gz
[EXTRACT] 7q99-assembly1.cif
[DOWNLOAD] 3vfr-assembly1.cif.gz
[EXTRACT] 3vfr-assembly1.cif
[DOWNLOAD] 5tez-assembly1.cif.gz
[DOWNLOAD] 3oxs-assembly1.cif.gz
[EXTRACT] 5tez-assembly1.cif
[EXTRACT] 3oxs-assembly1.cif
[DOWNLOAD] 6opd-assembly1.cif.gz
[EXTRACT] 6opd-assembly1.cif
[DOWNLOAD] 7sr0-assembly1.cif.gz
[EXTRACT] 7sr0-assembly1.cif
[DOWNLOAD] 3o3a-assembly1.cif.gz
[EXTRACT] 3o3a-assembly1.cif
[DOWNLOAD] 7n2s-assembly1.cif.gz
[DOWNLOAD] 2hn7-assembly1.cif.gz
[EXTRACT] 2hn7-assembly1.cif
[EXTRACT] 7n2s-assembly1.cif
[DOWNLOAD] 6ewo-assembly1.cif.gz
[EXTRACT] 6ewo-assembly1.cif
[DOWNLOAD] 6amu-assembly1.cif.gz
[EXTRACT] 6amu-assembly1.cif
[DOWNLOAD] 3kla-assembly1.cif.gz
[EXTRACT] 3kla-assembly1.cif
[DOWNLOAD] 5ind-assembly1.cif.gz
[EXTRACT] 5ind-assembly1.cif
[DOWNLOAD] 3bwa-assembly1.cif.gz
[EXTRACT] 3bwa-assembly1.cif
[DOWNLOAD] 4i48-assembly1.cif.gz
[EXTRACT] 4i48-assembly1.cif
[DOWNLOAD] 6o9b-assembly1.cif.gz
[EXTRACT] 6o9b-assembly1.cif
[DOWNLOAD] 6bxq-assembly1.cif.gz
[EXTRACT] 6bxq-assembly1.cif
[DOWNLOAD] 7sr3-assembly1.cif.gz
[EXTRACT] 7sr3-assembly1.cif
[DOWNLOAD] 5eu6-assembly1.cif.gz
[DOWNLOAD] 4wj5-assembly1.cif.gz
[EXTRACT] 5eu6-assembly1.cif
[EXTRACT] 4wj5-assembly1.cif
[DOWNLOAD] 4qrp-assembly1.cif.gz
[EXTRACT] 4qrp-assembly1.cif
[DOWNLOAD] 5inc-assembly1.cif.gz
[EXTRACT] 5inc-assembly1.cif
[DOWNLOAD] 3mrk-assembly1.cif.gz
[EXTRACT] 3mrk-assembly1.cif
[DOWNLOAD] 8esh-assembly1.cif.gz
[EXTRACT] 8esh-assembly1.cif
[DOWNLOAD] 9bl2-assembly1.cif.gz
[EXTRACT] 9bl2-assembly1.cif
[DOWNLOAD] 5vwj-assembly1.cif.gz
[EXTRACT] 5vwj-assembly1.cif
[DOWNLOAD] 1x7q-assembly1.cif.gz
[EXTRACT] 1x7q-assembly1.cif
[DOWNLOAD] 4pr5-assembly1.cif.gz
[EXTRACT] 4pr5-assembly1.cif
[DOWNLOAD] 3lkp-assembly1.cif.gz
[EXTRACT] 3lkp-assembly1.cif
[DOWNLOAD] 3vxo-assembly1.cif.gz
[DOWNLOAD] 6ss8-assembly1.cif.gz
[EXTRACT] 3vxo-assembly1.cif
[EXTRACT] 6ss8-assembly1.cif
[DOWNLOAD] 8rne-assembly1.cif.gz
[EXTRACT] 8rne-assembly1.cif
[DOWNLOAD] 6viu-assembly1.cif.gz
[EXTRACT] 6viu-assembly1.cif
[DOWNLOAD] 3mre-assembly1.cif.gz
[EXTRACT] 3mre-assembly1.cif
[DOWNLOAD] 6vb4-assembly1.cif.gz
[EXTRACT] 6vb4-assembly1.cif
[DOWNLOAD] 9dl1-assembly1.cif.gz
[DOWNLOAD] 2axg-assembly1.cif.gz
[EXTRACT] 9dl1-assembly1.cif
[EXTRACT] 2axg-assembly1.cif
[DOWNLOAD] 3qzw-assembly1.cif.gz
[EXTRACT] 3qzw-assembly1.cif
[DOWNLOAD] 6at5-assembly1.cif.gz
[EXTRACT] 6at5-assembly1.cif
[DOWNLOAD] 8xke-assembly1.cif.gz
[EXTRACT] 8xke-assembly1.cif
[DOWNLOAD] 1mi5-assembly1.cif.gz
[EXTRACT] 1mi5-assembly1.cif
[DOWNLOAD] 7x1c-assembly1.cif.gz
[EXTRACT] 7x1c-assembly1.cif
[DOWNLOAD] 7yg3-assembly1.cif.gz
[EXTRACT] 7yg3-assembly1.cif
[DOWNLOAD] 3to2-assembly1.cif.gz
[EXTRACT] 3to2-assembly1.cif
[DOWNLOAD] 3kpq-assembly1.cif.gz
[DOWNLOAD] 6vqz-assembly1.cif.gz
[EXTRACT] 3kpq-assembly1.cif
[EXTRACT] 6vqz-assembly1.cif
[DOWNLOAD] 7sr4-assembly1.cif.gz
[EXTRACT] 7sr4-assembly1.cif
[DOWNLOAD] 6mt5-assembly1.cif.gz
[EXTRACT] 6mt5-assembly1.cif
[DOWNLOAD] 3fqr-assembly1.cif.gz
[EXTRACT] 3fqr-assembly1.cif
[DOWNLOAD] 4jfd-assembly1.cif.gz
[DOWNLOAD] 3kyo-assembly1.cif.gz
[EXTRACT] 4jfd-assembly1.cif
[EXTRACT] 3kyo-assembly1.cif
[DOWNLOAD] 1k5n-assembly1.cif.gz
[EXTRACT] 1k5n-assembly1.cif
[DOWNLOAD] 7mle-assembly1.cif.gz
[EXTRACT] 7mle-assembly1.cif
[DOWNLOAD] 6eqa-assembly1.cif.gz
[EXTRACT] 6eqa-assembly1.cif
[DOWNLOAD] 8emf-assembly1.cif.gz
[EXTRACT] 8emf-assembly1.cif
[DOWNLOAD] 3mrf-assembly1.cif.gz
[EXTRACT] 3mrf-assembly1.cif
[DOWNLOAD] 3dx6-assembly1.cif.gz
[EXTRACT] 3dx6-assembly1.cif
[DOWNLOAD] 3mrr-assembly1.cif.gz
[EXTRACT] 3mrr-assembly1.cif
[DOWNLOAD] 3myj-assembly1.cif.gz
[EXTRACT] 3myj-assembly1.cif
[DOWNLOAD] 3vxr-assembly1.cif.gz
[EXTRACT] 3vxr-assembly1.cif
[DOWNLOAD] 3mrd-assembly1.cif.gz
[EXTRACT] 3mrd-assembly1.cif
[DOWNLOAD] 7n2p-assembly1.cif.gz
[EXTRACT] 7n2p-assembly1.cif
[DOWNLOAD] 5vud-assembly1.cif.gz
[EXTRACT] 5vud-assembly1.cif
[DOWNLOAD] 5t6z-assembly1.cif.gz
[EXTRACT] 5t6z-assembly1.cif
[DOWNLOAD] 5meo-assembly1.cif.gz
[EXTRACT] 5meo-assembly1.cif
[DOWNLOAD] 7n1a-assembly1.cif.gz
[EXTRACT] 7n1a-assembly1.cif
[DOWNLOAD] 3am8-assembly1.cif.gz
[EXTRACT] 3am8-assembly1.cif
[DOWNLOAD] 7xf3-assembly1.cif.gz
[EXTRACT] 7xf3-assembly1.cif
[DOWNLOAD] 6o51-assembly1.cif.gz
[EXTRACT] 6o51-assembly1.cif
[DOWNLOAD] 1agb-assembly1.cif.gz
[EXTRACT] 1agb-assembly1.cif
[DOWNLOAD] 5eu5-assembly1.cif.gz
[EXTRACT] 5eu5-assembly1.cif
[DOWNLOAD] 2fz3-assembly1.cif.gz
[EXTRACT] 2fz3-assembly1.cif
[DOWNLOAD] 2v2x-assembly1.cif.gz
[EXTRACT] 2v2x-assembly1.cif
[DOWNLOAD] 5nmh-assembly1.cif.gz
[EXTRACT] 5nmh-assembly1.cif
[DOWNLOAD] 6bj3-assembly1.cif.gz
[EXTRACT] 6bj3-assembly1.cif
[DOWNLOAD] 6vqy-assembly1.cif.gz
[EXTRACT] 6vqy-assembly1.cif
[DOWNLOAD] 6rpb-assembly1.cif.gz
[EXTRACT] 6rpb-assembly1.cif
[DOWNLOAD] 6tdo-assembly1.cif.gz
[EXTRACT] 6tdo-assembly1.cif
[DOWNLOAD] 8rnf-assembly1.cif.gz
[EXTRACT] 8rnf-assembly1.cif
[DOWNLOAD] 3qdm-assembly1.cif.gz
[EXTRACT] 3qdm-assembly1.cif
[DOWNLOAD] 3mrn-assembly1.cif.gz
[EXTRACT] 3mrn-assembly1.cif
[DOWNLOAD] 5eo0-assembly1.cif.gz
[EXTRACT] 5eo0-assembly1.cif
[DOWNLOAD] 6jto-assembly1.cif.gz
[EXTRACT] 6jto-assembly1.cif
[DOWNLOAD] 4hx1-assembly1.cif.gz
[EXTRACT] 4hx1-assembly1.cif
[DOWNLOAD] 4l3e-assembly1.cif.gz
[EXTRACT] 4l3e-assembly1.cif
[DOWNLOAD] 3giv-assembly1.cif.gz
[EXTRACT] 3giv-assembly1.cif
[DOWNLOAD] 4nt6-assembly1.cif.gz
[EXTRACT] 4nt6-assembly1.cif
[DOWNLOAD] 4wu7-assembly1.cif.gz
[EXTRACT] 4wu7-assembly1.cif
[DOWNLOAD] 8elh-assembly1.cif.gz
[EXTRACT] 8elh-assembly1.cif
[DOWNLOAD] 6vmc-assembly1.cif.gz
[EXTRACT] 6vmc-assembly1.cif
[DOWNLOAD] 6avg-assembly1.cif.gz
[EXTRACT] 6avg-assembly1.cif
[DOWNLOAD] 1agc-assembly1.cif.gz
[DOWNLOAD] 3d25-assembly1.cif.gz
[EXTRACT] 1agc-assembly1.cif
[EXTRACT] 3d25-assembly1.cif
[DOWNLOAD] 3spv-assembly1.cif.gz
[EXTRACT] 3spv-assembly1.cif
[DOWNLOAD] 5c0j-assembly1.cif.gz
[DOWNLOAD] 6v2q-assembly1.cif.gz
[EXTRACT] 5c0j-assembly1.cif
[EXTRACT] 6v2q-assembly1.cif
[DOWNLOAD] 1a1o-assembly1.cif.gz
[EXTRACT] 1a1o-assembly1.cif
[DOWNLOAD] 4pri-assembly1.cif.gz
[DOWNLOAD] 1duz-assembly1.cif.gz
[EXTRACT] 4pri-assembly1.cif
[DOWNLOAD] 7ow3-assembly1.cif.gz
[EXTRACT] 1duz-assembly1.cif
[EXTRACT] 7ow3-assembly1.cif
[DOWNLOAD] 4u1m-assembly1.cif.gz
[EXTRACT] 4u1m-assembly1.cif
[DOWNLOAD] 7tuc-assembly1.cif.gz
[EXTRACT] 7tuc-assembly1.cif
[DOWNLOAD] 2git-assembly1.cif.gz
[EXTRACT] 2git-assembly1.cif
[DOWNLOAD] 5f7d-assembly1.cif.gz
[EXTRACT] 5f7d-assembly1.cif
[DOWNLOAD] 8rjh-assembly1.cif.gz
[EXTRACT] 8rjh-assembly1.cif
[DOWNLOAD] 1tvb-assembly1.cif.gz
[EXTRACT] 1tvb-assembly1.cif
[DOWNLOAD] 8v51-assembly1.cif.gz
[DOWNLOAD] 5yxn-assembly1.cif.gz
[EXTRACT] 8v51-assembly1.cif
[EXTRACT] 5yxn-assembly1.cif
[DOWNLOAD] 5c0a-assembly1.cif.gz
[DOWNLOAD] 7tlt-assembly1.cif.gz
[EXTRACT] 5c0a-assembly1.cif
[EXTRACT] 7tlt-assembly1.cif
[DOWNLOAD] 3vfw-assembly1.cif.gz
[EXTRACT] 3vfw-assembly1.cif
[DOWNLOAD] 8frt-assembly1.cif.gz
[EXTRACT] 8frt-assembly1.cif
[DOWNLOAD] 3mri-assembly1.cif.gz
[EXTRACT] 3mri-assembly1.cif
[DOWNLOAD] 6d7g-assembly1.cif.gz
[EXTRACT] 6d7g-assembly1.cif
[DOWNLOAD] 6uln-assembly1.cif.gz
[DOWNLOAD] 2gt9-assembly1.cif.gz
[EXTRACT] 2gt9-assembly1.cif
[EXTRACT] 6uln-assembly1.cif
[DOWNLOAD] 6pyj-assembly1.cif.gz
[EXTRACT] 6pyj-assembly1.cif
[DOWNLOAD] 5bs0-assembly1.cif.gz
[EXTRACT] 5bs0-assembly1.cif
[DOWNLOAD] 3vft-assembly1.cif.gz
[DOWNLOAD] 3i6k-assembly1.cif.gz
[EXTRACT] 3vft-assembly1.cif
[EXTRACT] 3i6k-assembly1.cif
[DOWNLOAD] 1im3-assembly1.cif.gz
[EXTRACT] 1im3-assembly1.cif
[DOWNLOAD] 2h6p-assembly1.cif.gz
[EXTRACT] 2h6p-assembly1.cif
[DOWNLOAD] 7r7v-assembly1.cif.gz
[EXTRACT] 7r7v-assembly1.cif
[DOWNLOAD] 7m8u-assembly1.cif.gz
[EXTRACT] 7m8u-assembly1.cif
[DOWNLOAD] 8fja-assembly1.cif.gz
[EXTRACT] 8fja-assembly1.cif
[DOWNLOAD] 7m8s-assembly1.cif.gz
[EXTRACT] 7m8s-assembly1.cif
[DOWNLOAD] 1xh3-assembly1.cif.gz
[EXTRACT] 1xh3-assembly1.cif
[DOWNLOAD] 3sko-assembly1.cif.gz
[EXTRACT] 3sko-assembly1.cif
[DOWNLOAD] 4prp-assembly1.cif.gz
[EXTRACT] 4prp-assembly1.cif
[DOWNLOAD] 3dx7-assembly1.cif.gz
[EXTRACT] 3dx7-assembly1.cif
[DOWNLOAD] 3x14-assembly1.cif.gz
[EXTRACT] 3x14-assembly1.cif
[DOWNLOAD] 3bw9-assembly1.cif.gz
[EXTRACT] 3bw9-assembly1.cif
[DOWNLOAD] 5knm-assembly1.cif.gz
[EXTRACT] 5knm-assembly1.cif
[DOWNLOAD] 7sig-assembly1.cif.gz
[EXTRACT] 7sig-assembly1.cif
[DOWNLOAD] 5u98-assembly1.cif.gz
[EXTRACT] 5u98-assembly1.cif
[DOWNLOAD] 2v2w-assembly1.cif.gz
[EXTRACT] 2v2w-assembly1.cif
[DOWNLOAD] 6ptb-assembly1.cif.gz
[EXTRACT] 6ptb-assembly1.cif
[DOWNLOAD] 5nqk-assembly1.cif.gz
[EXTRACT] 5nqk-assembly1.cif
[DOWNLOAD] 5c0g-assembly1.cif.gz
[EXTRACT] 5c0g-assembly1.cif
[DOWNLOAD] 2ypl-assembly1.cif.gz
[EXTRACT] 2ypl-assembly1.cif
[DOWNLOAD] 2gtz-assembly1.cif.gz
[EXTRACT] 2gtz-assembly1.cif
[DOWNLOAD] 5wxd-assembly1.cif.gz
[EXTRACT] 5wxd-assembly1.cif
[DOWNLOAD] 4nnx-assembly1.cif.gz
[EXTRACT] 4nnx-assembly1.cif
[DOWNLOAD] 5wwi-assembly1.cif.gz
[DOWNLOAD] 8emi-assembly1.cif.gz
[EXTRACT] 5wwi-assembly1.cif
[EXTRACT] 8emi-assembly1.cif
[DOWNLOAD] 9bla-assembly1.cif.gz
[EXTRACT] 9bla-assembly1.cif
[DOWNLOAD] 7ur1-assembly1.cif.gz
[EXTRACT] 7ur1-assembly1.cif
[DOWNLOAD] 7x00-assembly1.cif.gz
[EXTRACT] 7x00-assembly1.cif
[DOWNLOAD] 5nht-assembly1.cif.gz
[EXTRACT] 5nht-assembly1.cif
[DOWNLOAD] 3l3g-assembly1.cif.gz
[DOWNLOAD] 3bgm-assembly1.cif.gz
[EXTRACT] 3l3g-assembly1.cif
[EXTRACT] 3bgm-assembly1.cif
[DOWNLOAD] 4no2-assembly1.cif.gz
[EXTRACT] 4no2-assembly1.cif
[DOWNLOAD] 4u1n-assembly1.cif.gz
[EXTRACT] 4u1n-assembly1.cif
[DOWNLOAD] 6uk4-assembly1.cif.gz
[EXTRACT] 6uk4-assembly1.cif
[DOWNLOAD] 1sys-assembly1.cif.gz
[EXTRACT] 1sys-assembly1.cif
[DOWNLOAD] 1eez-assembly1.cif.gz
[EXTRACT] 1eez-assembly1.cif
[DOWNLOAD] 2x4p-assembly1.cif.gz
[EXTRACT] 2x4p-assembly1.cif
[DOWNLOAD] 5c0i-assembly1.cif.gz
[DOWNLOAD] 3w39-assembly1.cif.gz
[EXTRACT] 5c0i-assembly1.cif
[EXTRACT] 3w39-assembly1.cif
[DOWNLOAD] 7n2n-assembly1.cif.gz
[EXTRACT] 7n2n-assembly1.cif
[DOWNLOAD] 7l1b-assembly1.cif.gz
[EXTRACT] 7l1b-assembly1.cif
[DOWNLOAD] 7s8r-assembly1.cif.gz
[EXTRACT] 7s8r-assembly1.cif
[DOWNLOAD] 4prb-assembly1.cif.gz
[EXTRACT] 4prb-assembly1.cif
[DOWNLOAD] 7stg-assembly1.cif.gz
[EXTRACT] 7stg-assembly1.cif
[DOWNLOAD] 1syv-assembly1.cif.gz
[EXTRACT] 1syv-assembly1.cif
[DOWNLOAD] 3w0w-assembly1.cif.gz
[DOWNLOAD] 4prh-assembly1.cif.gz
[EXTRACT] 3w0w-assembly1.cif
[DOWNLOAD] 3kpl-assembly1.cif.gz
[EXTRACT] 4prh-assembly1.cif
[EXTRACT] 3kpl-assembly1.cif
[DOWNLOAD] 7dzm-assembly1.cif.gz
[EXTRACT] 7dzm-assembly1.cif
[DOWNLOAD] 6o53-assembly1.cif.gz
[EXTRACT] 6o53-assembly1.cif
[DOWNLOAD] 6ulr-assembly1.cif.gz
[EXTRACT] 6ulr-assembly1.cif
[DOWNLOAD] 3bvn-assembly1.cif.gz
[EXTRACT] 3bvn-assembly1.cif
[DOWNLOAD] 1jht-assembly1.cif.gz
[EXTRACT] 1jht-assembly1.cif
[DOWNLOAD] 2fyy-assembly1.cif.gz
[EXTRACT] 2fyy-assembly1.cif
[DOWNLOAD] 6ujq-assembly1.cif.gz
[DOWNLOAD] 6tds-assembly1.cif.gz
[EXTRACT] 6ujq-assembly1.cif
[EXTRACT] 6tds-assembly1.cif
[DOWNLOAD] 5vwh-assembly1.cif.gz
[EXTRACT] 5vwh-assembly1.cif
[DOWNLOAD] 6vrm-assembly1.cif.gz
[EXTRACT] 6vrm-assembly1.cif
[DOWNLOAD] 2vlj-assembly1.cif.gz
[EXTRACT] 2vlj-assembly1.cif
[DOWNLOAD] 7uc5-assembly1.cif.gz
[EXTRACT] 7uc5-assembly1.cif
[DOWNLOAD] 1e28-assembly1.cif.gz
[EXTRACT] 1e28-assembly1.cif
[DOWNLOAD] 4no3-assembly1.cif.gz
[EXTRACT] 4no3-assembly1.cif
[DOWNLOAD] 5yxu-assembly1.cif.gz
[EXTRACT] 5yxu-assembly1.cif
[DOWNLOAD] 2x4q-assembly1.cif.gz
[EXTRACT] 2x4q-assembly1.cif
[DOWNLOAD] 3cdg-assembly1.cif.gz
[EXTRACT] 3cdg-assembly1.cif
[DOWNLOAD] 1zhk-assembly1.cif.gz
[EXTRACT] 1zhk-assembly1.cif
[DOWNLOAD] 3d18-assembly1.cif.gz
[DOWNLOAD] 4uq2-assembly1.cif.gz
[EXTRACT] 3d18-assembly1.cif
[EXTRACT] 4uq2-assembly1.cif
[DOWNLOAD] 8wul-assembly1.cif.gz
[EXTRACT] 8wul-assembly1.cif
[DOWNLOAD] 6d29-assembly1.cif.gz
[EXTRACT] 6d29-assembly1.cif
[DOWNLOAD] 8vcl-assembly1.cif.gz
[EXTRACT] 8vcl-assembly1.cif
[DOWNLOAD] 7l1d-assembly1.cif.gz
[EXTRACT] 7l1d-assembly1.cif
[DOWNLOAD] 4u1s-assembly1.cif.gz
[EXTRACT] 4u1s-assembly1.cif
[DOWNLOAD] 6rpa-assembly1.cif.gz
[EXTRACT] 6rpa-assembly1.cif
[DOWNLOAD] 4u1j-assembly1.cif.gz
[EXTRACT] 4u1j-assembly1.cif
[DOWNLOAD] 8gom-assembly1.cif.gz
[EXTRACT] 8gom-assembly1.cif
[DOWNLOAD] 6e1i-assembly1.cif.gz
[EXTRACT] 6e1i-assembly1.cif
[DOWNLOAD] 3lkq-assembly1.cif.gz
[DOWNLOAD] 8cx4-assembly1.cif.gz
[EXTRACT] 3lkq-assembly1.cif
[EXTRACT] 8cx4-assembly1.cif
[DOWNLOAD] 6vr5-assembly1.cif.gz
[EXTRACT] 6vr5-assembly1.cif
[DOWNLOAD] 3kpm-assembly1.cif.gz
[EXTRACT] 3kpm-assembly1.cif
[DOWNLOAD] 4mj5-assembly1.cif.gz
[EXTRACT] 4mj5-assembly1.cif
[DOWNLOAD] 5nme-assembly1.cif.gz
[EXTRACT] 5nme-assembly1.cif
[DOWNLOAD] 3ffc-assembly1.cif.gz
[EXTRACT] 3ffc-assembly1.cif
[DOWNLOAD] 7tue-assembly1.cif.gz
[EXTRACT] 7tue-assembly1.cif
[DOWNLOAD] 1xr8-assembly1.cif.gz
[DOWNLOAD] 7pdw-assembly1.cif.gz
[EXTRACT] 1xr8-assembly1.cif
[EXTRACT] 7pdw-assembly1.cif
[DOWNLOAD] 6at9-assembly1.cif.gz
[EXTRACT] 6at9-assembly1.cif
[DOWNLOAD] 3dtx-assembly1.cif.gz
[DOWNLOAD] 4jfq-assembly1.cif.gz
[EXTRACT] 3dtx-assembly1.cif
[EXTRACT] 4jfq-assembly1.cif
[DOWNLOAD] 7r7w-assembly1.cif.gz
[DOWNLOAD] 7re8-assembly1.cif.gz
[EXTRACT] 7r7w-assembly1.cif
[EXTRACT] 7re8-assembly1.cif
[DOWNLOAD] 5t70-assembly1.cif.gz
[EXTRACT] 5t70-assembly1.cif
[DOWNLOAD] 6dkp-assembly1.cif.gz
[DOWNLOAD] 6vq2-assembly1.cif.gz
[EXTRACT] 6dkp-assembly1.cif
[EXTRACT] 6vq2-assembly1.cif
[DOWNLOAD] 5iek-assembly1.cif.gz
[DOWNLOAD] 5gsd-assembly1.cif.gz
[EXTRACT] 5gsd-assembly1.cif
[EXTRACT] 5iek-assembly1.cif
[DOWNLOAD] 3dx8-assembly1.cif.gz
[EXTRACT] 3dx8-assembly1.cif
[DOWNLOAD] 2x4t-assembly1.cif.gz
[DOWNLOAD] 9asf-assembly1.cif.gz
[EXTRACT] 2x4t-assembly1.cif
[EXTRACT] 9asf-assembly1.cif
[DOWNLOAD] 7k81-assembly1.cif.gz
[EXTRACT] 7k81-assembly1.cif
[DOWNLOAD] 6v2o-assembly1.cif.gz
[EXTRACT] 6v2o-assembly1.cif
[DOWNLOAD] 6vqo-assembly1.cif.gz
[EXTRACT] 6vqo-assembly1.cif
[DOWNLOAD] 6pz5-assembly1.cif.gz
[EXTRACT] 6pz5-assembly1.cif
[DOWNLOAD] 4jfo-assembly1.cif.gz
[EXTRACT] 4jfo-assembly1.cif
[DOWNLOAD] 8ref-assembly1.cif.gz
[EXTRACT] 8ref-assembly1.cif
[DOWNLOAD] 4lnr-assembly1.cif.gz
[EXTRACT] 4lnr-assembly1.cif
[DOWNLOAD] 5meq-assembly1.cif.gz
[EXTRACT] 5meq-assembly1.cif
[DOWNLOAD] 6k60-assembly1.cif.gz
[EXTRACT] 6k60-assembly1.cif
[DOWNLOAD] 6uzm-assembly1.cif.gz
[EXTRACT] 6uzm-assembly1.cif
[DOWNLOAD] 1zsd-assembly1.cif.gz
[EXTRACT] 1zsd-assembly1.cif
[DOWNLOAD] 4pre-assembly1.cif.gz
[EXTRACT] 4pre-assembly1.cif
[DOWNLOAD] 4qrq-assembly1.cif.gz
[EXTRACT] 4qrq-assembly1.cif
[DOWNLOAD] 3mrl-assembly1.cif.gz
[EXTRACT] 3mrl-assembly1.cif
[DOWNLOAD] 3mv7-assembly1.cif.gz
[EXTRACT] 3mv7-assembly1.cif
[DOWNLOAD] 3lks-assembly1.cif.gz
[EXTRACT] 3lks-assembly1.cif
[DOWNLOAD] 6bj8-assembly1.cif.gz
[EXTRACT] 6bj8-assembly1.cif
[DOWNLOAD] 1jgd-assembly1.cif.gz
[EXTRACT] 1jgd-assembly1.cif
[DOWNLOAD] 6q3k-assembly1.cif.gz
[EXTRACT] 6q3k-assembly1.cif
[DOWNLOAD] 7r80-assembly1.cif.gz
[EXTRACT] 7r80-assembly1.cif
[DOWNLOAD] 6tmo-assembly1.cif.gz
[EXTRACT] 6tmo-assembly1.cif
[DOWNLOAD] 2ypk-assembly1.cif.gz
[EXTRACT] 2ypk-assembly1.cif
[DOWNLOAD] 1zhl-assembly1.cif.gz
[EXTRACT] 1zhl-assembly1.cif
[DOWNLOAD] 7k80-assembly1.cif.gz
[EXTRACT] 7k80-assembly1.cif
[DOWNLOAD] 3vcl-assembly1.cif.gz
[EXTRACT] 3vcl-assembly1.cif
[DOWNLOAD] 8dnt-assembly1.cif.gz
[EXTRACT] 8dnt-assembly1.cif
[DOWNLOAD] 8f7m-assembly1.cif.gz
[EXTRACT] 8f7m-assembly1.cif
[DOWNLOAD] 7r7y-assembly1.cif.gz
[EXTRACT] 7r7y-assembly1.cif
[DOWNLOAD] 5vgd-assembly1.cif.gz
[EXTRACT] 5vgd-assembly1.cif
[DOWNLOAD] 1w0w-assembly1.cif.gz
[EXTRACT] 1w0w-assembly1.cif
[DOWNLOAD] 7phr-assembly1.cif.gz
[EXTRACT] 7phr-assembly1.cif
[DOWNLOAD] 7stf-assembly1.cif.gz
[EXTRACT] 7stf-assembly1.cif
[DOWNLOAD] 6vr1-assembly1.cif.gz
[EXTRACT] 6vr1-assembly1.cif
[DOWNLOAD] 8wte-assembly1.cif.gz
[DOWNLOAD] 9asg-assembly1.cif.gz
[EXTRACT] 8wte-assembly1.cif
[EXTRACT] 9asg-assembly1.cif
[DOWNLOAD] 1m6o-assembly1.cif.gz
[EXTRACT] 1m6o-assembly1.cif
[DOWNLOAD] 9bl3-assembly1.cif.gz
[EXTRACT] 9bl3-assembly1.cif
[DOWNLOAD] 5xos-assembly1.cif.gz
[EXTRACT] 5xos-assembly1.cif
[DOWNLOAD] 6ewa-assembly1.cif.gz
[EXTRACT] 6ewa-assembly1.cif
[DOWNLOAD] 6y26-assembly1.cif.gz
[EXTRACT] 6y26-assembly1.cif
[DOWNLOAD] 6pyl-assembly1.cif.gz
[EXTRACT] 6pyl-assembly1.cif
[DOWNLOAD] 7st3-assembly1.cif.gz
[DOWNLOAD] 2ak4-assembly1.cif.gz
[EXTRACT] 7st3-assembly1.cif
[EXTRACT] 2ak4-assembly1.cif
[DOWNLOAD] 7eu2-assembly1.cif.gz
[EXTRACT] 7eu2-assembly1.cif
[DOWNLOAD] 5def-assembly1.cif.gz
[EXTRACT] 5def-assembly1.cif
[DOWNLOAD] 6nca-assembly1.cif.gz
[EXTRACT] 6nca-assembly1.cif
[DOWNLOAD] 1i1y-assembly1.cif.gz
[EXTRACT] 1i1y-assembly1.cif
[DOWNLOAD] 5wmq-assembly1.cif.gz
[EXTRACT] 5wmq-assembly1.cif
[DOWNLOAD] 4u1h-assembly1.cif.gz
[EXTRACT] 4u1h-assembly1.cif
[DOWNLOAD] 1w0v-assembly1.cif.gz
[EXTRACT] 1w0v-assembly1.cif
[DOWNLOAD] 2hjk-assembly1.cif.gz
[EXTRACT] 2hjk-assembly1.cif
[DOWNLOAD] 5grg-assembly1.cif.gz
[EXTRACT] 5grg-assembly1.cif
[DOWNLOAD] 3vh8-assembly1.cif.gz
[EXTRACT] 3vh8-assembly1.cif
[DOWNLOAD] 3vfo-assembly1.cif.gz
[EXTRACT] 3vfo-assembly1.cif
[DOWNLOAD] 3hla-assembly1.cif.gz
[EXTRACT] 3hla-assembly1.cif
[DOWNLOAD] 3l3i-assembly1.cif.gz
[EXTRACT] 3l3i-assembly1.cif
[DOWNLOAD] 7ssh-assembly1.cif.gz
[EXTRACT] 7ssh-assembly1.cif
[DOWNLOAD] 9c6x-assembly1.cif.gz
[EXTRACT] 9c6x-assembly1.cif
[DOWNLOAD] 6pa1-assembly1.cif.gz
[EXTRACT] 6pa1-assembly1.cif
[DOWNLOAD] 7alo-assembly1.cif.gz
[EXTRACT] 7alo-assembly1.cif
[DOWNLOAD] 5b38-assembly1.cif.gz
[EXTRACT] 5b38-assembly1.cif
[DOWNLOAD] 1hhj-assembly1.cif.gz
[EXTRACT] 1hhj-assembly1.cif
[DOWNLOAD] 3kps-assembly1.cif.gz
[EXTRACT] 3kps-assembly1.cif
[DOWNLOAD] 2pye-assembly1.cif.gz
[DOWNLOAD] 7sqp-assembly1.cif.gz
[EXTRACT] 2pye-assembly1.cif
[EXTRACT] 7sqp-assembly1.cif
[DOWNLOAD] 3lkr-assembly1.cif.gz
[EXTRACT] 3lkr-assembly1.cif
[DOWNLOAD] 6vqe-assembly1.cif.gz
[EXTRACT] 6vqe-assembly1.cif
[DOWNLOAD] 3b3i-assembly1.cif.gz
[EXTRACT] 3b3i-assembly1.cif
[DOWNLOAD] 6g3k-assembly1.cif.gz
[DOWNLOAD] 5grd-assembly1.cif.gz
[EXTRACT] 5grd-assembly1.cif
[EXTRACT] 6g3k-assembly1.cif
[DOWNLOAD] 2x4r-assembly1.cif.gz
[EXTRACT] 2x4r-assembly1.cif
[DOWNLOAD] 8gvb-assembly1.cif.gz
[EXTRACT] 8gvb-assembly1.cif
[DOWNLOAD] 8vjz-assembly1.cif.gz
[DOWNLOAD] 4prd-assembly1.cif.gz
[EXTRACT] 8vjz-assembly1.cif
[EXTRACT] 4prd-assembly1.cif
[DOWNLOAD] 2x4o-assembly1.cif.gz
[EXTRACT] 2x4o-assembly1.cif
[DOWNLOAD] 6d78-assembly1.cif.gz
[EXTRACT] 6d78-assembly1.cif
[DOWNLOAD] 4l3c-assembly1.cif.gz
[EXTRACT] 4l3c-assembly1.cif
[DOWNLOAD] 6vrn-assembly1.cif.gz
[EXTRACT] 6vrn-assembly1.cif
[DOWNLOAD] 8v4z-assembly1.cif.gz
[EXTRACT] 8v4z-assembly1.cif
[DOWNLOAD] 4qru-assembly1.cif.gz
[EXTRACT] 4qru-assembly1.cif
[DOWNLOAD] 9bl9-assembly1.cif.gz
[EXTRACT] 9bl9-assembly1.cif
[DOWNLOAD] 3kpr-assembly1.cif.gz
[EXTRACT] 3kpr-assembly1.cif
[DOWNLOAD] 8tnj-assembly1.cif.gz
[EXTRACT] 8tnj-assembly1.cif
[DOWNLOAD] 5nmg-assembly1.cif.gz
[EXTRACT] 5nmg-assembly1.cif
[DOWNLOAD] 2cik-assembly1.cif.gz
[EXTRACT] 2cik-assembly1.cif
[DOWNLOAD] 4k7f-assembly1.cif.gz
[DOWNLOAD] 3vfm-assembly1.cif.gz
[DOWNLOAD] 2bvq-assembly1.cif.gz
[EXTRACT] 4k7f-assembly1.cif
[EXTRACT] 3vfm-assembly1.cif
[EXTRACT] 2bvq-assembly1.cif
[DOWNLOAD] 7t0l-assembly1.cif.gz
[DOWNLOAD] 3kww-assembly1.cif.gz
[EXTRACT] 7t0l-assembly1.cif
[EXTRACT] 3kww-assembly1.cif
[DOWNLOAD] 2bss-assembly1.cif.gz
[EXTRACT] 2bss-assembly1.cif
[DOWNLOAD] 2nw3-assembly1.cif.gz
[EXTRACT] 2nw3-assembly1.cif
[DOWNLOAD] 4jqx-assembly1.cif.gz
[EXTRACT] 4jqx-assembly1.cif
[DOWNLOAD] 3l3d-assembly1.cif.gz
[EXTRACT] 3l3d-assembly1.cif
[DOWNLOAD] 3qdg-assembly1.cif.gz
[EXTRACT] 3qdg-assembly1.cif
[DOWNLOAD] 7x1b-assembly1.cif.gz
[EXTRACT] 7x1b-assembly1.cif
[DOWNLOAD] 3dxa-assembly1.cif.gz
[DOWNLOAD] 5mer-assembly1.cif.gz
[EXTRACT] 3dxa-assembly1.cif
[EXTRACT] 5mer-assembly1.cif
[DOWNLOAD] 2bst-assembly1.cif.gz
[EXTRACT] 2bst-assembly1.cif
[DOWNLOAD] 4qrt-assembly1.cif.gz
[EXTRACT] 4qrt-assembly1.cif
[DOWNLOAD] 8fjb-assembly1.cif.gz
[EXTRACT] 8fjb-assembly1.cif
[DOWNLOAD] 9bl4-assembly1.cif.gz
[DOWNLOAD] 6vb3-assembly1.cif.gz
[EXTRACT] 6vb3-assembly1.cif
[EXTRACT] 9bl4-assembly1.cif
[DOWNLOAD] 5d2l-assembly1.cif.gz
[EXTRACT] 5d2l-assembly1.cif
[DOWNLOAD] 8rj5-assembly1.cif.gz
[DOWNLOAD] 6pyw-assembly1.cif.gz
[EXTRACT] 6pyw-assembly1.cif
[EXTRACT] 8rj5-assembly1.cif
[DOWNLOAD] 6eqb-assembly1.cif.gz
[EXTRACT] 6eqb-assembly1.cif
[DOWNLOAD] 3qeq-assembly1.cif.gz
[EXTRACT] 3qeq-assembly1.cif
[DOWNLOAD] 5b39-assembly1.cif.gz
[DOWNLOAD] 5ib5-assembly1.cif.gz
[EXTRACT] 5b39-assembly1.cif
[EXTRACT] 5ib5-assembly1.cif
[DOWNLOAD] 3mv8-assembly1.cif.gz
[EXTRACT] 3mv8-assembly1.cif
[DOWNLOAD] 7cir-assembly1.cif.gz
[EXTRACT] 7cir-assembly1.cif
[DOWNLOAD] 3upr-assembly1.cif.gz
[EXTRACT] 3upr-assembly1.cif
[DOWNLOAD] 2p5w-assembly1.cif.gz
[EXTRACT] 2p5w-assembly1.cif
[DOWNLOAD] 3wuw-assembly1.cif.gz
[EXTRACT] 3wuw-assembly1.cif
[DOWNLOAD] 3o3d-assembly1.cif.gz
[EXTRACT] 3o3d-assembly1.cif
[DOWNLOAD] 8gvg-assembly1.cif.gz
[EXTRACT] 8gvg-assembly1.cif
[DOWNLOAD] 1ktl-assembly1.cif.gz
[EXTRACT] 1ktl-assembly1.cif
[DOWNLOAD] 2x4u-assembly1.cif.gz
[EXTRACT] 2x4u-assembly1.cif
[DOWNLOAD] 2c7u-assembly1.cif.gz
[DOWNLOAD] 4gkn-assembly1.cif.gz
[EXTRACT] 2c7u-assembly1.cif
[EXTRACT] 4gkn-assembly1.cif
[DOWNLOAD] 3skm-assembly1.cif.gz
[EXTRACT] 3skm-assembly1.cif
[DOWNLOAD] 6y2b-assembly1.cif.gz
[EXTRACT] 6y2b-assembly1.cif
[DOWNLOAD] 8rcv-assembly1.cif.gz
[EXTRACT] 8rcv-assembly1.cif
[DOWNLOAD] 6y29-assembly1.cif.gz
[EXTRACT] 6y29-assembly1.cif
[DOWNLOAD] 3bp7-assembly1.cif.gz
[EXTRACT] 3bp7-assembly1.cif
[DOWNLOAD] 2axf-assembly1.cif.gz
[EXTRACT] 2axf-assembly1.cif
[DOWNLOAD] 4eup-assembly1.cif.gz
[EXTRACT] 4eup-assembly1.cif
[DOWNLOAD] 3kpn-assembly1.cif.gz
[DOWNLOAD] 3lv3-assembly1.cif.gz
[EXTRACT] 3kpn-assembly1.cif
[EXTRACT] 3lv3-assembly1.cif
[DOWNLOAD] 5deg-assembly1.cif.gz
[EXTRACT] 5deg-assembly1.cif
[DOWNLOAD] 3qdj-assembly1.cif.gz
[DOWNLOAD] 1tmc-assembly1.cif.gz
[EXTRACT] 1tmc-assembly1.cif
[EXTRACT] 3qdj-assembly1.cif
[DOWNLOAD] 5wmr-assembly1.cif.gz
[EXTRACT] 5wmr-assembly1.cif
[DOWNLOAD] 7re7-assembly1.cif.gz
[EXTRACT] 7re7-assembly1.cif
[DOWNLOAD] 4g9d-assembly1.cif.gz
[EXTRACT] 4g9d-assembly1.cif
[DOWNLOAD] 8vra-assembly1.cif.gz
[EXTRACT] 8vra-assembly1.cif
[DOWNLOAD] 5ib1-assembly1.cif.gz
[EXTRACT] 5ib1-assembly1.cif
[DOWNLOAD] 2vlr-assembly1.cif.gz
[EXTRACT] 2vlr-assembly1.cif
[DOWNLOAD] 8hn4-assembly1.cif.gz
[EXTRACT] 8hn4-assembly1.cif
[DOWNLOAD] 6vqd-assembly1.cif.gz
[EXTRACT] 6vqd-assembly1.cif
[DOWNLOAD] 1m05-assembly1.cif.gz
[EXTRACT] 1m05-assembly1.cif
[DOWNLOAD] 6y28-assembly1.cif.gz
[EXTRACT] 6y28-assembly1.cif
[DOWNLOAD] 7cis-assembly1.cif.gz
[EXTRACT] 7cis-assembly1.cif
[DOWNLOAD] 1kpr-assembly1.cif.gz
[EXTRACT] 1kpr-assembly1.cif
[DOWNLOAD] 3bp4-assembly1.cif.gz
[EXTRACT] 3bp4-assembly1.cif
[DOWNLOAD] 7dyn-assembly1.cif.gz
[EXTRACT] 7dyn-assembly1.cif
[DOWNLOAD] 4g9f-assembly1.cif.gz
[EXTRACT] 4g9f-assembly1.cif
[DOWNLOAD] 5d2n-assembly1.cif.gz
[EXTRACT] 5d2n-assembly1.cif
[DOWNLOAD] 1a1m-assembly1.cif.gz
[EXTRACT] 1a1m-assembly1.cif
[DOWNLOAD] 3bo8-assembly1.cif.gz
[EXTRACT] 3bo8-assembly1.cif
[DOWNLOAD] 9c6w-assembly1.cif.gz
[EXTRACT] 9c6w-assembly1.cif
[DOWNLOAD] 6y27-assembly1.cif.gz
[DOWNLOAD] 8esb-assembly1.cif.gz
[DOWNLOAD] 4g8i-assembly1.cif.gz
[EXTRACT] 8esb-assembly1.cif
[EXTRACT] 6y27-assembly1.cif
[EXTRACT] 4g8i-assembly1.cif
[DOWNLOAD] 6ei2-assembly1.cif.gz
[EXTRACT] 6ei2-assembly1.cif
[DOWNLOAD] 6vpz-assembly1.cif.gz
[EXTRACT] 6vpz-assembly1.cif
[DOWNLOAD] 8rro-assembly1.cif.gz
[EXTRACT] 8rro-assembly1.cif
[DOWNLOAD] 6apn-assembly1.cif.gz
[EXTRACT] 6apn-assembly1.cif
[DOWNLOAD] 8yiv-assembly1.cif.gz
[DOWNLOAD] 9c6v-assembly1.cif.gz
[DOWNLOAD] 1hsa-assembly1.cif.gz
[EXTRACT] 8yiv-assembly1.cif
[EXTRACT] 9c6v-assembly1.cif
[EXTRACT] 1hsa-assembly1.cif
[DOWNLOAD] 1uxw-assembly1.cif.gz
[EXTRACT] 1uxw-assembly1.cif
[DOWNLOAD] 3czf-assembly1.cif.gz
[DOWNLOAD] 5ib4-assembly1.cif.gz
[EXTRACT] 3czf-assembly1.cif
[EXTRACT] 5ib4-assembly1.cif
[DOWNLOAD] 8vr9-assembly1.cif.gz
[EXTRACT] 8vr9-assembly1.cif
[DOWNLOAD] 2bsr-assembly1.cif.gz
[EXTRACT] 2bsr-assembly1.cif
[DOWNLOAD] 2a83-assembly1.cif.gz
[EXTRACT] 2a83-assembly1.cif
[DOWNLOAD] 1of2-assembly1.cif.gz
[EXTRACT] 1of2-assembly1.cif
[DOWNLOAD] 8t7r-assembly1.cif.gz
[EXTRACT] 8t7r-assembly1.cif
[DOWNLOAD] 8t6m-assembly1.cif.gz
[EXTRACT] 8t6m-assembly1.cif
[DOWNLOAD] 5vge-assembly1.cif.gz
[EXTRACT] 5vge-assembly1.cif
[DOWNLOAD] 7ciq-assembly1.cif.gz
[EXTRACT] 7ciq-assembly1.cif
[DOWNLOAD] 3b6s-assembly1.cif.gz
[EXTRACT] 3b6s-assembly1.cif
[DOWNLOAD] 8yj2-assembly1.cif.gz
[EXTRACT] 8yj2-assembly1.cif
[DOWNLOAD] 1ogt-assembly1.cif.gz
[EXTRACT] 1ogt-assembly1.cif
[DOWNLOAD] 5ib2-assembly1.cif.gz
[DOWNLOAD] 6uon-assembly1.cif.gz
[EXTRACT] 5ib2-assembly1.cif
[EXTRACT] 6uon-assembly1.cif
[DOWNLOAD] 6y2a-assembly1.cif.gz
[EXTRACT] 6y2a-assembly1.cif
[DOWNLOAD] 7n2q-assembly1.cif.gz
[EXTRACT] 7n2q-assembly1.cif
[DOWNLOAD] 8v50-assembly1.cif.gz
[EXTRACT] 8v50-assembly1.cif
[DOWNLOAD] 3cii-assembly1.cif.gz
[EXTRACT] 3cii-assembly1.cif
[DOWNLOAD] 1jge-assembly1.cif.gz
[EXTRACT] 1jge-assembly1.cif
[DOWNLOAD] 7qpd-assembly1.cif.gz
[EXTRACT] 7qpd-assembly1.cif
[DOWNLOAD] 4u1k-assembly1.cif.gz
[DOWNLOAD] 8gvi-assembly1.cif.gz
[EXTRACT] 4u1k-assembly1.cif
[EXTRACT] 8gvi-assembly1.cif
[DOWNLOAD] 2hla-assembly1.cif.gz
[DOWNLOAD] 1uxs-assembly1.cif.gz
[EXTRACT] 2hla-assembly1.cif
[EXTRACT] 1uxs-assembly1.cif
[DOWNLOAD] 8esa-assembly1.cif.gz
[EXTRACT] 8esa-assembly1.cif
[DOWNLOAD] 5ib3-assembly1.cif.gz
[EXTRACT] 5ib3-assembly1.cif
[DOWNLOAD] 8ec5-assembly1.cif.gz
[EXTRACT] 8ec5-assembly1.cif
[DOWNLOAD] 1qqd-assembly1.cif.gz
[EXTRACT] 1qqd-assembly1.cif
[DOWNLOAD] 8vrb-assembly1.cif.gz
[EXTRACT] 8vrb-assembly1.cif
[DOWNLOAD] 7duu-assembly1.cif.gz
[EXTRACT] 7duu-assembly1.cif
[DOWNLOAD] 3rwc-assembly1.cif.gz
[EXTRACT] 3rwc-assembly1.cif
[DOWNLOAD] 1efx-assembly1.cif.gz
[EXTRACT] 1efx-assembly1.cif
[DOWNLOAD] 5xs3-assembly1.cif.gz
[EXTRACT] 5xs3-assembly1.cif
[DOWNLOAD] 3rwi-assembly1.cif.gz
[EXTRACT] 3rwi-assembly1.cif
[DOWNLOAD] 8tmu-assembly1.cif.gz
[EXTRACT] 8tmu-assembly1.cif
[DOWNLOAD] 1im9-assembly1.cif.gz
[EXTRACT] 1im9-assembly1.cif
[DOWNLOAD] 4zus-assembly1.cif.gz
[EXTRACT] 4zus-assembly1.cif
[DOWNLOAD] 3rwh-assembly1.cif.gz
[EXTRACT] 3rwh-assembly1.cif
[DOWNLOAD] 1zvs-assembly1.cif.gz
[EXTRACT] 1zvs-assembly1.cif
[DOWNLOAD] 3rwd-assembly1.cif.gz
[EXTRACT] 3rwd-assembly1.cif
[DOWNLOAD] 5e6i-assembly1.cif.gz
[EXTRACT] 5e6i-assembly1.cif
[DOWNLOAD] 3rwe-assembly1.cif.gz
[EXTRACT] 3rwe-assembly1.cif
[DOWNLOAD] 4zuu-assembly1.cif.gz
[DOWNLOAD] 3rwf-assembly1.cif.gz
[EXTRACT] 4zuu-assembly1.cif
[EXTRACT] 3rwf-assembly1.cif
[DOWNLOAD] 3rwj-assembly1.cif.gz
[EXTRACT] 3rwj-assembly1.cif
[DOWNLOAD] 4zuw-assembly1.cif.gz
[EXTRACT] 4zuw-assembly1.cif
[DOWNLOAD] 6iwg-assembly1.cif.gz
[EXTRACT] 6iwg-assembly1.cif
[DOWNLOAD] 4zuv-assembly1.cif.gz
[EXTRACT] 4zuv-assembly1.cif
[DOWNLOAD] 8ht1-assembly1.cif.gz
[EXTRACT] 8ht1-assembly1.cif
[DOWNLOAD] 5xmf-assembly1.cif.gz
[EXTRACT] 5xmf-assembly1.cif
[DOWNLOAD] 3jts-assembly1.cif.gz
[EXTRACT] 3jts-assembly1.cif
[DOWNLOAD] 7cjq-assembly1.cif.gz
[EXTRACT] 7cjq-assembly1.cif
[DOWNLOAD] 6l9k-assembly1.cif.gz
[EXTRACT] 6l9k-assembly1.cif
[DOWNLOAD] 6jq2-assembly1.cif.gz
[EXTRACT] 6jq2-assembly1.cif
[DOWNLOAD] 6l9n-assembly1.cif.gz
[EXTRACT] 6l9n-assembly1.cif
[DOWNLOAD] 6lt6-assembly1.cif.gz
[DOWNLOAD] 4zut-assembly1.cif.gz
[EXTRACT] 6lt6-assembly1.cif
[EXTRACT] 4zut-assembly1.cif
[DOWNLOAD] 5xmm-assembly1.cif.gz
[DOWNLOAD] 8hso-assembly1.cif.gz
[EXTRACT] 5xmm-assembly1.cif
[EXTRACT] 8hso-assembly1.cif
[DOWNLOAD] 4zfz-assembly1.cif.gz
[EXTRACT] 4zfz-assembly1.cif
[DOWNLOAD] 3jtt-assembly1.cif.gz
[EXTRACT] 3jtt-assembly1.cif
[DOWNLOAD] 3rwg-assembly1.cif.gz
[EXTRACT] 3rwg-assembly1.cif
[DOWNLOAD] 2e7l-assembly1.cif.gz
[EXTRACT] 2e7l-assembly1.cif
[DOWNLOAD] 6lb2-assembly1.cif.gz
[EXTRACT] 6lb2-assembly1.cif
[DOWNLOAD] 1kpv-assembly1.cif.gz
[EXTRACT] 1kpv-assembly1.cif
[DOWNLOAD] 6iwh-assembly1.cif.gz
[EXTRACT] 6iwh-assembly1.cif
[DOWNLOAD] 1s7q-assembly1.cif.gz
[EXTRACT] 1s7q-assembly1.cif
[DOWNLOAD] 7byd-assembly1.cif.gz
[EXTRACT] 7byd-assembly1.cif
[DOWNLOAD] 5f1n-assembly1.cif.gz
[EXTRACT] 5f1n-assembly1.cif
[DOWNLOAD] 5j6h-assembly1.cif.gz
[DOWNLOAD] 4huv-assembly1.cif.gz
[EXTRACT] 5j6h-assembly1.cif
[EXTRACT] 4huv-assembly1.cif
[DOWNLOAD] 4pgd-assembly1.cif.gz
[EXTRACT] 4pgd-assembly1.cif
[DOWNLOAD] 1s7s-assembly1.cif.gz
[EXTRACT] 1s7s-assembly1.cif
[DOWNLOAD] 5gr7-assembly1.cif.gz
[EXTRACT] 5gr7-assembly1.cif
[DOWNLOAD] 7wcy-assembly1.cif.gz
[EXTRACT] 7wcy-assembly1.cif
[DOWNLOAD] 1s7r-assembly1.cif.gz
[EXTRACT] 1s7r-assembly1.cif
[DOWNLOAD] 1rjy-assembly1.cif.gz
[EXTRACT] 1rjy-assembly1.cif
[DOWNLOAD] 7dc6-assembly1.cif.gz
[EXTRACT] 7dc6-assembly1.cif
[DOWNLOAD] 7xqu-assembly1.cif.gz
[EXTRACT] 7xqu-assembly1.cif
[DOWNLOAD] 6j2g-assembly1.cif.gz
[EXTRACT] 6j2g-assembly1.cif
[DOWNLOAD] 2clv-assembly1.cif.gz
[EXTRACT] 2clv-assembly1.cif
[DOWNLOAD] 1fzj-assembly1.cif.gz
[EXTRACT] 1fzj-assembly1.cif
[DOWNLOAD] 5j6g-assembly1.cif.gz
[DOWNLOAD] 3pwu-assembly1.cif.gz
[EXTRACT] 5j6g-assembly1.cif
[EXTRACT] 3pwu-assembly1.cif
[DOWNLOAD] 5f1i-assembly1.cif.gz
[EXTRACT] 5f1i-assembly1.cif
[DOWNLOAD] 6m24-assembly1.cif.gz
[EXTRACT] 6m24-assembly1.cif
[DOWNLOAD] 7xqs-assembly1.cif.gz
[EXTRACT] 7xqs-assembly1.cif
[DOWNLOAD] 6j2h-assembly1.cif.gz
[EXTRACT] 6j2h-assembly1.cif
[DOWNLOAD] 1vgk-assembly1.cif.gz
[EXTRACT] 1vgk-assembly1.cif
[DOWNLOAD] 2oi9-assembly1.cif.gz
[EXTRACT] 2oi9-assembly1.cif
[DOWNLOAD] 2fwo-assembly1.cif.gz
[EXTRACT] 2fwo-assembly1.cif
[DOWNLOAD] 1ed3-assembly1.cif.gz
[EXTRACT] 1ed3-assembly1.cif
[DOWNLOAD] 1rk0-assembly1.cif.gz
[EXTRACT] 1rk0-assembly1.cif
[DOWNLOAD] 6j2j-assembly1.cif.gz
[DOWNLOAD] 4hkj-assembly1.cif.gz
[EXTRACT] 6j2j-assembly1.cif
[EXTRACT] 4hkj-assembly1.cif
[DOWNLOAD] 2xfx-assembly1.cif.gz
[EXTRACT] 2xfx-assembly1.cif
[DOWNLOAD] 6lah-assembly1.cif.gz
[EXTRACT] 6lah-assembly1.cif
[DOWNLOAD] 3e3q-assembly1.cif.gz
[EXTRACT] 3e3q-assembly1.cif
[DOWNLOAD] 5ivx-assembly1.cif.gz
[EXTRACT] 5ivx-assembly1.cif
[DOWNLOAD] 1fzo-assembly1.cif.gz
[EXTRACT] 1fzo-assembly1.cif
[DOWNLOAD] 8hsm-assembly1.cif.gz
[EXTRACT] 8hsm-assembly1.cif
[DOWNLOAD] 3ery-assembly1.cif.gz
[EXTRACT] 3ery-assembly1.cif
[DOWNLOAD] 1bii-assembly1.cif.gz
[EXTRACT] 1bii-assembly1.cif
[DOWNLOAD] 6l9l-assembly1.cif.gz
[EXTRACT] 6l9l-assembly1.cif
[DOWNLOAD] 1g7p-assembly1.cif.gz
[EXTRACT] 1g7p-assembly1.cif
[DOWNLOAD] 5m00-assembly1.cif.gz
[DOWNLOAD] 7jwi-assembly1.cif.gz
[EXTRACT] 5m00-assembly1.cif
[EXTRACT] 7jwi-assembly1.cif
[DOWNLOAD] 3tjh-assembly1.cif.gz
[EXTRACT] 3tjh-assembly1.cif
[DOWNLOAD] 4l8d-assembly1.cif.gz
[EXTRACT] 4l8d-assembly1.cif
[DOWNLOAD] 8d5e-assembly1.cif.gz
[EXTRACT] 8d5e-assembly1.cif
[DOWNLOAD] 5gsx-assembly1.cif.gz
[DOWNLOAD] 6lam-assembly1.cif.gz
[EXTRACT] 5gsx-assembly1.cif
[EXTRACT] 6lam-assembly1.cif
[DOWNLOAD] 6ilg-assembly1.cif.gz
[DOWNLOAD] 2clz-assembly1.cif.gz
[EXTRACT] 2clz-assembly1.cif
[EXTRACT] 6ilg-assembly1.cif
[DOWNLOAD] 4pgb-assembly1.cif.gz
[EXTRACT] 4pgb-assembly1.cif
[DOWNLOAD] 1kjm-assembly1.cif.gz
[EXTRACT] 1kjm-assembly1.cif
[DOWNLOAD] 3pwv-assembly1.cif.gz
[EXTRACT] 3pwv-assembly1.cif
[DOWNLOAD] 5jwd-assembly1.cif.gz
[EXTRACT] 5jwd-assembly1.cif
[DOWNLOAD] 5m02-assembly1.cif.gz
[DOWNLOAD] 5gsr-assembly1.cif.gz
[EXTRACT] 5m02-assembly1.cif
[DOWNLOAD] 1t0m-assembly1.cif.gz
[EXTRACT] 5gsr-assembly1.cif
[EXTRACT] 1t0m-assembly1.cif
[DOWNLOAD] 4nhu-assembly1.cif.gz
[EXTRACT] 4nhu-assembly1.cif
[DOWNLOAD] 1osz-assembly1.cif.gz
[EXTRACT] 1osz-assembly1.cif
[DOWNLOAD] 1n59-assembly1.cif.gz
[EXTRACT] 1n59-assembly1.cif
[DOWNLOAD] 6jq3-assembly1.cif.gz
[EXTRACT] 6jq3-assembly1.cif
[DOWNLOAD] 2vaa-assembly1.cif.gz
[EXTRACT] 2vaa-assembly1.cif
[DOWNLOAD] 1fzm-assembly1.cif.gz
[DOWNLOAD] 8d5k-assembly1.cif.gz
[EXTRACT] 1fzm-assembly1.cif
[EXTRACT] 8d5k-assembly1.cif
[DOWNLOAD] 1s7t-assembly1.cif.gz
[EXTRACT] 1s7t-assembly1.cif
[DOWNLOAD] 6g9q-assembly1.cif.gz
[EXTRACT] 6g9q-assembly1.cif
[DOWNLOAD] 1rk1-assembly1.cif.gz
[EXTRACT] 1rk1-assembly1.cif
[DOWNLOAD] 5trz-assembly1.cif.gz
[DOWNLOAD] 1t0n-assembly1.cif.gz
[EXTRACT] 5trz-assembly1.cif
[EXTRACT] 1t0n-assembly1.cif
[DOWNLOAD] 3fom-assembly1.cif.gz
[EXTRACT] 3fom-assembly1.cif
[DOWNLOAD] 6m2k-assembly1.cif.gz
[EXTRACT] 6m2k-assembly1.cif
[DOWNLOAD] 1leg-assembly1.cif.gz
[EXTRACT] 1leg-assembly1.cif
[DOWNLOAD] 4pg9-assembly1.cif.gz
[DOWNLOAD] 4n5e-assembly1.cif.gz
[EXTRACT] 4pg9-assembly1.cif
[EXTRACT] 4n5e-assembly1.cif
[DOWNLOAD] 5mzm-assembly1.cif.gz
[EXTRACT] 5mzm-assembly1.cif
[DOWNLOAD] 4huw-assembly1.cif.gz
[EXTRACT] 4huw-assembly1.cif
[DOWNLOAD] 3tid-assembly1.cif.gz
[EXTRACT] 3tid-assembly1.cif
[DOWNLOAD] 8ht9-assembly1.cif.gz
[EXTRACT] 8ht9-assembly1.cif
[DOWNLOAD] 5til-assembly1.cif.gz
[EXTRACT] 5til-assembly1.cif
[DOWNLOAD] 7ji2-assembly1.cif.gz
[EXTRACT] 7ji2-assembly1.cif
[DOWNLOAD] 5m01-assembly1.cif.gz
[DOWNLOAD] 1juf-assembly1.cif.gz
[EXTRACT] 1juf-assembly1.cif
[EXTRACT] 5m01-assembly1.cif
[DOWNLOAD] 4z77-assembly1.cif.gz
[EXTRACT] 4z77-assembly1.cif
[DOWNLOAD] 6m2j-assembly1.cif.gz
[EXTRACT] 6m2j-assembly1.cif
[DOWNLOAD] 5gsb-assembly1.cif.gz
[EXTRACT] 5gsb-assembly1.cif
[DOWNLOAD] 1g6r-assembly1.cif.gz
[DOWNLOAD] 8d5j-assembly1.cif.gz
[EXTRACT] 1g6r-assembly1.cif
[EXTRACT] 8d5j-assembly1.cif
[DOWNLOAD] 1kpu-assembly1.cif.gz
[EXTRACT] 1kpu-assembly1.cif
[DOWNLOAD] 6nf7-assembly1.cif.gz
[EXTRACT] 6nf7-assembly1.cif
[DOWNLOAD] 4pge-assembly1.cif.gz
[EXTRACT] 4pge-assembly1.cif
[DOWNLOAD] 4pv8-assembly1.cif.gz
[EXTRACT] 4pv8-assembly1.cif
[DOWNLOAD] 7xqt-assembly1.cif.gz
[EXTRACT] 7xqt-assembly1.cif
[DOWNLOAD] 1wbz-assembly1.cif.gz
[EXTRACT] 1wbz-assembly1.cif
[DOWNLOAD] 1wbx-assembly1.cif.gz
[EXTRACT] 1wbx-assembly1.cif
[DOWNLOAD] 3tie-assembly1.cif.gz
[EXTRACT] 3tie-assembly1.cif
[DOWNLOAD] 1lk2-assembly1.cif.gz
[EXTRACT] 1lk2-assembly1.cif
[DOWNLOAD] 4pg2-assembly1.cif.gz
[EXTRACT] 4pg2-assembly1.cif
[DOWNLOAD] 1inq-assembly1.cif.gz
[EXTRACT] 1inq-assembly1.cif
[DOWNLOAD] 1vad-assembly1.cif.gz
[EXTRACT] 1vad-assembly1.cif
[DOWNLOAD] 5vcl-assembly1.cif.gz
[EXTRACT] 5vcl-assembly1.cif
[DOWNLOAD] 1qo3-assembly1.cif.gz
[DOWNLOAD] 4nsk-assembly1.cif.gz
[EXTRACT] 1qo3-assembly1.cif
[EXTRACT] 4nsk-assembly1.cif
[DOWNLOAD] 1g7q-assembly1.cif.gz
[EXTRACT] 1g7q-assembly1.cif
[DOWNLOAD] 4mxq-assembly1.cif.gz
[EXTRACT] 4mxq-assembly1.cif
[DOWNLOAD] 7p0t-assembly1.cif.gz
[DOWNLOAD] 1fzk-assembly1.cif.gz
[EXTRACT] 7p0t-assembly1.cif
[EXTRACT] 1fzk-assembly1.cif
[DOWNLOAD] 8jhw-assembly1.cif.gz
[EXTRACT] 8jhw-assembly1.cif
[DOWNLOAD] 8hsw-assembly1.cif.gz
[EXTRACT] 8hsw-assembly1.cif
[DOWNLOAD] 1rjz-assembly1.cif.gz
[EXTRACT] 1rjz-assembly1.cif
[DOWNLOAD] 6ilc-assembly1.cif.gz
[EXTRACT] 6ilc-assembly1.cif
[DOWNLOAD] 3tbt-assembly1.cif.gz
[EXTRACT] 3tbt-assembly1.cif
[DOWNLOAD] 7emb-assembly1.cif.gz
[EXTRACT] 7emb-assembly1.cif
[DOWNLOAD] 3ecb-assembly1.cif.gz
[EXTRACT] 3ecb-assembly1.cif
[DOWNLOAD] 1nan-assembly1.cif.gz
[EXTRACT] 1nan-assembly1.cif
[DOWNLOAD] 1k8d-assembly1.cif.gz
[EXTRACT] 1k8d-assembly1.cif
[DOWNLOAD] 4z76-assembly1.cif.gz
[EXTRACT] 4z76-assembly1.cif
[DOWNLOAD] 3c8k-assembly1.cif.gz
[EXTRACT] 3c8k-assembly1.cif
[DOWNLOAD] 3tbv-assembly1.cif.gz
[EXTRACT] 3tbv-assembly1.cif
[DOWNLOAD] 8tq9-assembly1.cif.gz
[EXTRACT] 8tq9-assembly1.cif
[DOWNLOAD] 3roo-assembly1.cif.gz
[EXTRACT] 3roo-assembly1.cif
[DOWNLOAD] 8d5q-assembly1.cif.gz
[EXTRACT] 8d5q-assembly1.cif
[DOWNLOAD] 2ol3-assembly1.cif.gz
[EXTRACT] 2ol3-assembly1.cif
[DOWNLOAD] 5npz-assembly1.cif.gz
[DOWNLOAD] 6wl2-assembly1.cif.gz
[EXTRACT] 5npz-assembly1.cif
[EXTRACT] 6wl2-assembly1.cif
[DOWNLOAD] 3p9m-assembly1.cif.gz
[EXTRACT] 3p9m-assembly1.cif
[DOWNLOAD] 1kbg-assembly1.cif.gz
[EXTRACT] 1kbg-assembly1.cif
[DOWNLOAD] 6j2f-assembly1.cif.gz
[EXTRACT] 6j2f-assembly1.cif
[DOWNLOAD] 6l9m-assembly1.cif.gz
[DOWNLOAD] 1vac-assembly1.cif.gz
[EXTRACT] 1vac-assembly1.cif
[EXTRACT] 6l9m-assembly1.cif
[DOWNLOAD] 7p0a-assembly1.cif.gz
[DOWNLOAD] 2zok-assembly1.cif.gz
[EXTRACT] 7p0a-assembly1.cif
[EXTRACT] 2zok-assembly1.cif
[DOWNLOAD] 2vab-assembly1.cif.gz
[EXTRACT] 2vab-assembly1.cif
[DOWNLOAD] 3cpl-assembly1.cif.gz
[EXTRACT] 3cpl-assembly1.cif
[DOWNLOAD] 3tfk-assembly1.cif.gz
[EXTRACT] 3tfk-assembly1.cif
[DOWNLOAD] 3tby-assembly1.cif.gz
[EXTRACT] 3tby-assembly1.cif
[DOWNLOAD] 1lek-assembly1.cif.gz
[EXTRACT] 1lek-assembly1.cif
[DOWNLOAD] 6a6h-assembly1.cif.gz
[EXTRACT] 6a6h-assembly1.cif
[DOWNLOAD] 6lf9-assembly1.cif.gz
[EXTRACT] 6lf9-assembly1.cif
[DOWNLOAD] 8d5n-assembly1.cif.gz
[EXTRACT] 8d5n-assembly1.cif
[DOWNLOAD] 5weu-assembly1.cif.gz
[EXTRACT] 5weu-assembly1.cif
[DOWNLOAD] 2fo4-assembly1.cif.gz
[DOWNLOAD] 6x00-assembly1.cif.gz
[EXTRACT] 2fo4-assembly1.cif
[EXTRACT] 6x00-assembly1.cif
[DOWNLOAD] 5e8n-assembly1.cif.gz
[EXTRACT] 5e8n-assembly1.cif
[DOWNLOAD] 1n5a-assembly1.cif.gz
[EXTRACT] 1n5a-assembly1.cif
[DOWNLOAD] 1zt7-assembly1.cif.gz
[DOWNLOAD] 6g9r-assembly1.cif.gz
[EXTRACT] 6g9r-assembly1.cif
[EXTRACT] 1zt7-assembly1.cif
[DOWNLOAD] 4wdi-assembly1.cif.gz
[DOWNLOAD] 5ts1-assembly1.cif.gz
[EXTRACT] 5ts1-assembly1.cif
[EXTRACT] 4wdi-assembly1.cif
[DOWNLOAD] 3e6f-assembly1.cif.gz
[EXTRACT] 3e6f-assembly1.cif
[DOWNLOAD] 2ckb-assembly1.cif.gz
[EXTRACT] 2ckb-assembly1.cif
[DOWNLOAD] 4hux-assembly1.cif.gz
[EXTRACT] 4hux-assembly1.cif
[DOWNLOAD] 1qlf-assembly1.cif.gz
[DOWNLOAD] 3tbw-assembly1.cif.gz
[EXTRACT] 1qlf-assembly1.cif
[EXTRACT] 3tbw-assembly1.cif
[DOWNLOAD] 5jwe-assembly1.cif.gz
[EXTRACT] 5jwe-assembly1.cif
[DOWNLOAD] 3cvh-assembly1.cif.gz
[EXTRACT] 3cvh-assembly1.cif
[DOWNLOAD] 8tq8-assembly1.cif.gz
[EXTRACT] 8tq8-assembly1.cif
[DOWNLOAD] 6npr-assembly1.cif.gz
[EXTRACT] 6npr-assembly1.cif
[DOWNLOAD] 3tbs-assembly1.cif.gz
[EXTRACT] 3tbs-assembly1.cif
[DOWNLOAD] 3quk-assembly1.cif.gz
[DOWNLOAD] 3qq3-assembly1.cif.gz
[EXTRACT] 3quk-assembly1.cif
[DOWNLOAD] 3rol-assembly1.cif.gz
[EXTRACT] 3qq3-assembly1.cif
[EXTRACT] 3rol-assembly1.cif
[DOWNLOAD] 8umo-assembly1.cif.gz
[DOWNLOAD] 5nq2-assembly1.cif.gz
[EXTRACT] 8umo-assembly1.cif
[EXTRACT] 5nq2-assembly1.cif
[DOWNLOAD] 5swz-assembly1.cif.gz
[EXTRACT] 5swz-assembly1.cif
[DOWNLOAD] 3buy-assembly1.cif.gz
[EXTRACT] 3buy-assembly1.cif
[DOWNLOAD] 3dmm-assembly1.cif.gz
[EXTRACT] 3dmm-assembly1.cif
[DOWNLOAD] 5gsv-assembly1.cif.gz
[EXTRACT] 5gsv-assembly1.cif
[DOWNLOAD] 8p43-assembly1.cif.gz
[EXTRACT] 8p43-assembly1.cif
[DOWNLOAD] 5nq3-assembly1.cif.gz
[EXTRACT] 5nq3-assembly1.cif
[DOWNLOAD] 1s7x-assembly1.cif.gz
[EXTRACT] 1s7x-assembly1.cif
[DOWNLOAD] 1nam-assembly1.cif.gz
[EXTRACT] 1nam-assembly1.cif
[DOWNLOAD] 5ylx-assembly1.cif.gz
[EXTRACT] 5ylx-assembly1.cif
[DOWNLOAD] 5kd7-assembly1.cif.gz
[EXTRACT] 5kd7-assembly1.cif
[DOWNLOAD] 1mwa-assembly1.cif.gz
[EXTRACT] 1mwa-assembly1.cif
[DOWNLOAD] 6ile-assembly1.cif.gz
[EXTRACT] 6ile-assembly1.cif
[DOWNLOAD] 3tf7-assembly1.cif.gz
[EXTRACT] 3tf7-assembly1.cif
[DOWNLOAD] 3fon-assembly1.cif.gz
[EXTRACT] 3fon-assembly1.cif
[DOWNLOAD] 5sws-assembly1.cif.gz
[DOWNLOAD] 2cii-assembly1.cif.gz
[EXTRACT] 2cii-assembly1.cif
[EXTRACT] 5sws-assembly1.cif
[DOWNLOAD] 1s7w-assembly1.cif.gz
[EXTRACT] 1s7w-assembly1.cif
[DOWNLOAD] 3ch1-assembly1.cif.gz
[EXTRACT] 3ch1-assembly1.cif
[DOWNLOAD] 3cc5-assembly1.cif.gz
[EXTRACT] 3cc5-assembly1.cif
[DOWNLOAD] 6j2d-assembly1.cif.gz
[EXTRACT] 6j2d-assembly1.cif
[DOWNLOAD] 5t7g-assembly1.cif.gz
[EXTRACT] 5t7g-assembly1.cif
[DOWNLOAD] 6h6d-assembly1.cif.gz
[EXTRACT] 6h6d-assembly1.cif
[DOWNLOAD] 8d5f-assembly1.cif.gz
[EXTRACT] 8d5f-assembly1.cif
[DOWNLOAD] 6j2e-assembly1.cif.gz
[EXTRACT] 6j2e-assembly1.cif
[DOWNLOAD] 1ffo-assembly1.cif.gz
[EXTRACT] 1ffo-assembly1.cif
[DOWNLOAD] 4pv9-assembly1.cif.gz
[EXTRACT] 4pv9-assembly1.cif
[DOWNLOAD] 4huu-assembly1.cif.gz
[DOWNLOAD] 4l8b-assembly1.cif.gz
[EXTRACT] 4huu-assembly1.cif
[EXTRACT] 4l8b-assembly1.cif
[DOWNLOAD] 2zsw-assembly1.cif.gz
[EXTRACT] 2zsw-assembly1.cif
[DOWNLOAD] 4pgc-assembly1.cif.gz
[EXTRACT] 4pgc-assembly1.cif
[DOWNLOAD] 7n9j-assembly1.cif.gz
[EXTRACT] 7n9j-assembly1.cif
[DOWNLOAD] 4hs3-assembly1.cif.gz
[EXTRACT] 4hs3-assembly1.cif
[DOWNLOAD] 1zt1-assembly1.cif.gz
[EXTRACT] 1zt1-assembly1.cif
[DOWNLOAD] 4l8c-assembly1.cif.gz
[DOWNLOAD] 1bz9-assembly1.cif.gz
[EXTRACT] 4l8c-assembly1.cif
[EXTRACT] 1bz9-assembly1.cif
[DOWNLOAD] 1jpf-assembly1.cif.gz
[EXTRACT] 1jpf-assembly1.cif
[DOWNLOAD] 3cch-assembly1.cif.gz
[EXTRACT] 3cch-assembly1.cif
[DOWNLOAD] 5wli-assembly1.cif.gz
[DOWNLOAD] 6wzy-assembly1.cif.gz
[EXTRACT] 5wli-assembly1.cif
[EXTRACT] 6wzy-assembly1.cif
[DOWNLOAD] 3ws6-assembly1.cif.gz
[EXTRACT] 3ws6-assembly1.cif
[DOWNLOAD] 7n5c-assembly1.cif.gz
[EXTRACT] 7n5c-assembly1.cif
[DOWNLOAD] 1s7v-assembly1.cif.gz
[DOWNLOAD] 6h6h-assembly1.cif.gz
[EXTRACT] 1s7v-assembly1.cif
[EXTRACT] 6h6h-assembly1.cif
[DOWNLOAD] 3p4o-assembly1.cif.gz
[EXTRACT] 3p4o-assembly1.cif
[DOWNLOAD] 1yn7-assembly1.cif.gz
[EXTRACT] 1yn7-assembly1.cif
[DOWNLOAD] 6k7t-assembly1.cif.gz
[EXTRACT] 6k7t-assembly1.cif
[DOWNLOAD] 3qul-assembly1.cif.gz
[DOWNLOAD] 3qq4-assembly1.cif.gz
[EXTRACT] 3qul-assembly1.cif
[EXTRACT] 3qq4-assembly1.cif
[DOWNLOAD] 6gb5-assembly1.cif.gz
[EXTRACT] 6gb5-assembly1.cif
[DOWNLOAD] 7emc-assembly1.cif.gz
[DOWNLOAD] 7em9-assembly1.cif.gz
[EXTRACT] 7emc-assembly1.cif
[EXTRACT] 7em9-assembly1.cif
[DOWNLOAD] 1fg2-assembly1.cif.gz
[EXTRACT] 1fg2-assembly1.cif
[DOWNLOAD] 5nq0-assembly1.cif.gz
[DOWNLOAD] 5wes-assembly1.cif.gz
[DOWNLOAD] 4iho-assembly1.cif.gz
[EXTRACT] 5wes-assembly1.cif
[EXTRACT] 5nq0-assembly1.cif
[EXTRACT] 4iho-assembly1.cif
[DOWNLOAD] 5h94-assembly1.cif.gz
[DOWNLOAD] 5wlg-assembly1.cif.gz
[EXTRACT] 5h94-assembly1.cif
[EXTRACT] 5wlg-assembly1.cif
[DOWNLOAD] 3e6h-assembly1.cif.gz
[DOWNLOAD] 5wet-assembly1.cif.gz
[EXTRACT] 3e6h-assembly1.cif
[EXTRACT] 5wet-assembly1.cif
[DOWNLOAD] 5oqi-assembly1.cif.gz
[EXTRACT] 5oqi-assembly1.cif
[DOWNLOAD] 6ilf-assembly1.cif.gz
[EXTRACT] 6ilf-assembly1.cif
[DOWNLOAD] 7n5p-assembly1.cif.gz
[DOWNLOAD] 6gb7-assembly1.cif.gz
[DOWNLOAD] 1kj3-assembly1.cif.gz
[EXTRACT] 7n5p-assembly1.cif
[EXTRACT] 1kj3-assembly1.cif
[EXTRACT] 6gb7-assembly1.cif
[DOWNLOAD] 1s7u-assembly1.cif.gz
[EXTRACT] 1s7u-assembly1.cif
[DOWNLOAD] 6wl4-assembly1.cif.gz
[EXTRACT] 6wl4-assembly1.cif
[DOWNLOAD] 4hv8-assembly1.cif.gz
[DOWNLOAD] 1bqh-assembly1.cif.gz
[EXTRACT] 1bqh-assembly1.cif
[EXTRACT] 4hv8-assembly1.cif
[DOWNLOAD] 6j2i-assembly1.cif.gz
[EXTRACT] 6j2i-assembly1.cif
[DOWNLOAD] 6gb6-assembly1.cif.gz
[EXTRACT] 6gb6-assembly1.cif
[DOWNLOAD] 3l3h-assembly1.cif.gz
[EXTRACT] 3l3h-assembly1.cif
[DOWNLOAD] 3ftg-assembly1.cif.gz
[EXTRACT] 3ftg-assembly1.cif
[DOWNLOAD] 7emd-assembly1.cif.gz
[DOWNLOAD] 7ema-assembly1.cif.gz
[EXTRACT] 7emd-assembly1.cif
[EXTRACT] 7ema-assembly1.cif
[DOWNLOAD] 3vj6-assembly1.cif.gz
[EXTRACT] 3vj6-assembly1.cif
[DOWNLOAD] 1p4l-assembly1.cif.gz
[EXTRACT] 1p4l-assembly1.cif
[DOWNLOAD] 2ve6-assembly1.cif.gz
[EXTRACT] 2ve6-assembly1.cif
[DOWNLOAD] 1ffn-assembly1.cif.gz
[EXTRACT] 1ffn-assembly1.cif
[DOWNLOAD] 6wl3-assembly1.cif.gz
[EXTRACT] 6wl3-assembly1.cif
[DOWNLOAD] 1n3n-assembly1.cif.gz
[EXTRACT] 1n3n-assembly1.cif
[DOWNLOAD] 7qng-assembly1.cif.gz
[DOWNLOAD] 1kj2-assembly1.cif.gz
[EXTRACT] 7qng-assembly1.cif
[DOWNLOAD] 5tje-assembly1.cif.gz
[EXTRACT] 1kj2-assembly1.cif
[EXTRACT] 5tje-assembly1.cif
[DOWNLOAD] 7jwj-assembly1.cif.gz
[EXTRACT] 7jwj-assembly1.cif
[DOWNLOAD] 8w6l-assembly1.cif.gz
[EXTRACT] 8w6l-assembly1.cif
[DOWNLOAD] 6mp0-assembly1.cif.gz
[EXTRACT] 6mp0-assembly1.cif
[DOWNLOAD] 7na5-assembly1.cif.gz
[EXTRACT] 7na5-assembly1.cif
[DOWNLOAD] 3p4n-assembly1.cif.gz
[DOWNLOAD] 1jpg-assembly1.cif.gz
[EXTRACT] 3p4n-assembly1.cif
[DOWNLOAD] 8tq7-assembly1.cif.gz
[EXTRACT] 1jpg-assembly1.cif
[DOWNLOAD] 6kwl-assembly1.cif.gz
[DOWNLOAD] 2zol-assembly1.cif.gz
[EXTRACT] 2zol-assembly1.cif
[EXTRACT] 6kwl-assembly1.cif
[EXTRACT] 8tq7-assembly1.cif
[DOWNLOAD] 3tpu-assembly1.cif.gz
[DOWNLOAD] 1ldp-assembly1.cif.gz
[EXTRACT] 3tpu-assembly1.cif
[DOWNLOAD] 5opi-assembly1.cif.gz
[EXTRACT] 1ldp-assembly1.cif
[EXTRACT] 5opi-assembly1.cif
[DOWNLOAD] 2qri-assembly1.cif.gz
[EXTRACT] 2qri-assembly1.cif
[DOWNLOAD] 5e8o-assembly1.cif.gz
[DOWNLOAD] 6kwk-assembly1.cif.gz
[EXTRACT] 5e8o-assembly1.cif
[EXTRACT] 6kwk-assembly1.cif
[DOWNLOAD] 1wby-assembly1.cif.gz
[EXTRACT] 1wby-assembly1.cif
[DOWNLOAD] 3p9l-assembly1.cif.gz
[DOWNLOAD] 5e8p-assembly1.cif.gz
[DOWNLOAD] 3p4m-assembly1.cif.gz
[EXTRACT] 3p9l-assembly1.cif
[EXTRACT] 5e8p-assembly1.cif
[EXTRACT] 3p4m-assembly1.cif
[DOWNLOAD] 8fhu-assembly1.cif.gz
[EXTRACT] 8fhu-assembly1.cif
[DOWNLOAD] 2zsv-assembly1.cif.gz
[DOWNLOAD] 1yn6-assembly1.cif.gz
[EXTRACT] 2zsv-assembly1.cif
[EXTRACT] 1yn6-assembly1.cif
[DOWNLOAD] 4z78-assembly1.cif.gz
[EXTRACT] 4z78-assembly1.cif
[DOWNLOAD] 8fhl-assembly1.cif.gz
[EXTRACT] 8fhl-assembly1.cif
[DOWNLOAD] 8jv0-assembly1.cif.gz
[EXTRACT] 8jv0-assembly1.cif
[DOWNLOAD] 1zhb-assembly1.cif.gz
[EXTRACT] 1zhb-assembly1.cif
[DOWNLOAD] 2f74-assembly1.cif.gz
[DOWNLOAD] 3fol-assembly1.cif.gz
[EXTRACT] 2f74-assembly1.cif
[EXTRACT] 3fol-assembly1.cif
[DOWNLOAD] 6lf8-assembly1.cif.gz
[EXTRACT] 6lf8-assembly1.cif
[DOWNLOAD] 1ce6-assembly1.cif.gz
[EXTRACT] 1ce6-assembly1.cif
[DOWNLOAD] 5oqh-assembly1.cif.gz
[DOWNLOAD] 1fo0-assembly1.cif.gz
[EXTRACT] 5oqh-assembly1.cif
[EXTRACT] 1fo0-assembly1.cif
[DOWNLOAD] 1ffp-assembly1.cif.gz
[EXTRACT] 1ffp-assembly1.cif
[DOWNLOAD] 8gqv-assembly1.cif.gz
[EXTRACT] 8gqv-assembly1.cif
[DOWNLOAD] 4mvb-assembly1.cif.gz
[EXTRACT] 4mvb-assembly1.cif
[DOWNLOAD] 7n4k-assembly1.cif.gz
[DOWNLOAD] 6kwo-assembly1.cif.gz
[EXTRACT] 7n4k-assembly1.cif
[DOWNLOAD] 3rgv-assembly1.cif.gz
[EXTRACT] 6kwo-assembly1.cif
[EXTRACT] 3rgv-assembly1.cif
[DOWNLOAD] 3pqy-assembly1.cif.gz
[EXTRACT] 3pqy-assembly1.cif
[DOWNLOAD] 1ddh-assembly1.cif.gz
[EXTRACT] 1ddh-assembly1.cif
[DOWNLOAD] 5nq1-assembly1.cif.gz
[EXTRACT] 5nq1-assembly1.cif
[DOWNLOAD] 5oqf-assembly1.cif.gz
[EXTRACT] 5oqf-assembly1.cif
[DOWNLOAD] 6kwn-assembly1.cif.gz
[EXTRACT] 6kwn-assembly1.cif
[DOWNLOAD] 5oqg-assembly1.cif.gz
[DOWNLOAD] 3e2h-assembly1.cif.gz
[EXTRACT] 5oqg-assembly1.cif
[EXTRACT] 3e2h-assembly1.cif
[DOWNLOAD] 2qrt-assembly1.cif.gz
[EXTRACT] 2qrt-assembly1.cif
[DOWNLOAD] 5kd4-assembly1.cif.gz
[EXTRACT] 5kd4-assembly1.cif
[DOWNLOAD] 3pab-assembly1.cif.gz
[DOWNLOAD] 2qrs-assembly1.cif.gz
[DOWNLOAD] 8gqw-assembly1.cif.gz
[EXTRACT] 3pab-assembly1.cif
[EXTRACT] 2qrs-assembly1.cif
[EXTRACT] 8gqw-assembly1.cif
[DOWNLOAD] 7n5q-assembly1.cif.gz
[EXTRACT] 7n5q-assembly1.cif
[DOWNLOAD] 4n0c-assembly1.cif.gz
[EXTRACT] 4n0c-assembly1.cif
[DOWNLOAD] 1hoc-assembly1.cif.gz
[EXTRACT] 1hoc-assembly1.cif
[DOWNLOAD] 8tqa-assembly1.cif.gz
[DOWNLOAD] 3ws3-assembly1.cif.gz
[EXTRACT] 8tqa-assembly1.cif
[EXTRACT] 3ws3-assembly1.cif
[DOWNLOAD] 2mha-assembly1.cif.gz
[EXTRACT] 2mha-assembly1.cif
[DOWNLOAD] 3nwm-assembly1.cif.gz
[DOWNLOAD] 9c3e-assembly1.cif.gz
[EXTRACT] 3nwm-assembly1.cif
[EXTRACT] 9c3e-assembly1.cif
[DOWNLOAD] 6mp1-assembly1.cif.gz
[EXTRACT] 6mp1-assembly1.cif
[DOWNLOAD] 1ld9-assembly1.cif.gz
[EXTRACT] 1ld9-assembly1.cif
[DOWNLOAD] 7lfm-assembly1.cif.gz
[EXTRACT] 7lfm-assembly1.cif
[DOWNLOAD] 5wer-assembly1.cif.gz
[EXTRACT] 5wer-assembly1.cif
[DOWNLOAD] 1kjv-assembly1.cif.gz
[EXTRACT] 1kjv-assembly1.cif
[DOWNLOAD] 7edo-assembly1.cif.gz
[EXTRACT] 7edo-assembly1.cif
[DOWNLOAD] 7lfi-assembly1.cif.gz
[EXTRACT] 7lfi-assembly1.cif
[DOWNLOAD] 7lfl-assembly1.cif.gz
[EXTRACT] 7lfl-assembly1.cif
[DOWNLOAD] 1mhc-assembly1.cif.gz
[DOWNLOAD] 7lfk-assembly1.cif.gz
[EXTRACT] 1mhc-assembly1.cif
[DOWNLOAD] 4ms8-assembly1.cif.gz
[EXTRACT] 7lfk-assembly1.cif
[EXTRACT] 4ms8-assembly1.cif
[DOWNLOAD] 7lfj-assembly1.cif.gz
[EXTRACT] 7lfj-assembly1.cif
[DOWNLOAD] 1nez-assembly1.cif.gz
[EXTRACT] 1nez-assembly1.cif
[DOWNLOAD] 4g43-assembly1.cif.gz
[EXTRACT] 4g43-assembly1.cif
[DOWNLOAD] 5gjy-assembly1.cif.gz
[EXTRACT] 5gjy-assembly1.cif
[DOWNLOAD] 8j4g-assembly1.cif.gz
[EXTRACT] 8j4g-assembly1.cif
[DOWNLOAD] 5ymv-assembly1.cif.gz
[EXTRACT] 5ymv-assembly1.cif
[DOWNLOAD] 8kb0-assembly1.cif.gz
[EXTRACT] 8kb0-assembly1.cif
[DOWNLOAD] 5ymw-assembly1.cif.gz
[EXTRACT] 5ymw-assembly1.cif
[DOWNLOAD] 4cvx-assembly1.cif.gz
[EXTRACT] 4cvx-assembly1.cif
[DOWNLOAD] 8y74-assembly1.cif.gz
[EXTRACT] 8y74-assembly1.cif
[DOWNLOAD] 1p1z-assembly1.cif.gz
[EXTRACT] 1p1z-assembly1.cif
[DOWNLOAD] 6lhg-assembly1.cif.gz
[EXTRACT] 6lhg-assembly1.cif
[DOWNLOAD] 4e0r-assembly1.cif.gz
[EXTRACT] 4e0r-assembly1.cif
[DOWNLOAD] 5gjx-assembly1.cif.gz
[EXTRACT] 5gjx-assembly1.cif
[DOWNLOAD] 8kcv-assembly1.cif.gz
[EXTRACT] 8kcv-assembly1.cif
[DOWNLOAD] 3bew-assembly1.cif.gz
[EXTRACT] 3bew-assembly1.cif
[DOWNLOAD] 7wbg-assembly1.cif.gz
[EXTRACT] 7wbg-assembly1.cif
[DOWNLOAD] 6pui-assembly1.cif.gz
[EXTRACT] 6pui-assembly1.cif
[DOWNLOAD] 6pul-assembly1.cif.gz
[DOWNLOAD] 3bev-assembly1.cif.gz
[DOWNLOAD] 5u1r-assembly1.cif.gz
[EXTRACT] 3bev-assembly1.cif
[EXTRACT] 6pul-assembly1.cif
[DOWNLOAD] 5u16-assembly1.cif.gz
[EXTRACT] 5u1r-assembly1.cif
[EXTRACT] 5u16-assembly1.cif
[DOWNLOAD] 5u72-assembly1.cif.gz
[EXTRACT] 5u72-assembly1.cif
[DOWNLOAD] 8kb1-assembly1.cif.gz
[DOWNLOAD] 5h5z-assembly1.cif.gz
[EXTRACT] 8kb1-assembly1.cif
[DOWNLOAD] 6pud-assembly1.cif.gz
[EXTRACT] 5h5z-assembly1.cif
[EXTRACT] 6pud-assembly1.cif
[DOWNLOAD] 6kyu-assembly1.cif.gz
[EXTRACT] 6kyu-assembly1.cif
[DOWNLOAD] 4g42-assembly1.cif.gz
[EXTRACT] 4g42-assembly1.cif
[DOWNLOAD] 7zt8-assembly1.cif.gz
[EXTRACT] 7zt8-assembly1.cif
[DOWNLOAD] 6xqp-assembly1.cif.gz
[EXTRACT] 6xqp-assembly1.cif
[DOWNLOAD] 9btx-assembly1.cif.gz
[EXTRACT] 9btx-assembly1.cif
[DOWNLOAD] 5u6q-assembly1.cif.gz
[EXTRACT] 5u6q-assembly1.cif
[DOWNLOAD] 5y91-assembly1.cif.gz
[EXTRACT] 5y91-assembly1.cif
[DOWNLOAD] 6pum-assembly1.cif.gz
[EXTRACT] 6pum-assembly1.cif
[DOWNLOAD] 4nqd-assembly1.cif.gz
[EXTRACT] 4nqd-assembly1.cif
[DOWNLOAD] 6puj-assembly1.cif.gz
[EXTRACT] 6puj-assembly1.cif
[DOWNLOAD] 6puc-assembly1.cif.gz
[EXTRACT] 6puc-assembly1.cif
[DOWNLOAD] 6w9u-assembly1.cif.gz
[EXTRACT] 6w9u-assembly1.cif
[DOWNLOAD] 6puh-assembly1.cif.gz
[EXTRACT] 6puh-assembly1.cif
[DOWNLOAD] 6irl-assembly1.cif.gz
[EXTRACT] 6irl-assembly1.cif
[DOWNLOAD] 5d7i-assembly1.cif.gz
[EXTRACT] 5d7i-assembly1.cif
[DOWNLOAD] 9cgr-assembly1.cif.gz
[DOWNLOAD] 6pvd-assembly1.cif.gz
[EXTRACT] 9cgr-assembly1.cif
[EXTRACT] 6pvd-assembly1.cif
[DOWNLOAD] 8y6x-assembly1.cif.gz
[DOWNLOAD] 4pjf-assembly1.cif.gz
[EXTRACT] 8y6x-assembly1.cif
[EXTRACT] 4pjf-assembly1.cif
[DOWNLOAD] 8wo9-assembly1.cif.gz
[EXTRACT] 8wo9-assembly1.cif
[DOWNLOAD] 7wbi-assembly1.cif.gz
[EXTRACT] 7wbi-assembly1.cif
[DOWNLOAD] 8jqt-assembly1.cif.gz
[EXTRACT] 8jqt-assembly1.cif
[DOWNLOAD] 4pji-assembly1.cif.gz
[EXTRACT] 4pji-assembly1.cif
[DOWNLOAD] 4nqe-assembly1.cif.gz
[EXTRACT] 4nqe-assembly1.cif
[DOWNLOAD] 4l4v-assembly1.cif.gz
[EXTRACT] 4l4v-assembly1.cif
[DOWNLOAD] 6puf-assembly1.cif.gz
[EXTRACT] 6puf-assembly1.cif
[DOWNLOAD] 6pvc-assembly1.cif.gz
[EXTRACT] 6pvc-assembly1.cif
[DOWNLOAD] 4nqc-assembly1.cif.gz
[EXTRACT] 4nqc-assembly1.cif
[DOWNLOAD] 4cw1-assembly1.cif.gz
[EXTRACT] 4cw1-assembly1.cif
[DOWNLOAD] 6kx9-assembly1.cif.gz
[EXTRACT] 6kx9-assembly1.cif
[DOWNLOAD] 4pj5-assembly1.cif.gz
[EXTRACT] 4pj5-assembly1.cif
[DOWNLOAD] 5u2v-assembly1.cif.gz
[EXTRACT] 5u2v-assembly1.cif
[DOWNLOAD] 9bty-assembly1.cif.gz
[EXTRACT] 9bty-assembly1.cif
[DOWNLOAD] 6lbe-assembly1.cif.gz
[EXTRACT] 6lbe-assembly1.cif
[DOWNLOAD] 6pug-assembly1.cif.gz
[EXTRACT] 6pug-assembly1.cif
[DOWNLOAD] 6lup-assembly1.cif.gz
[EXTRACT] 6lup-assembly1.cif
[DOWNLOAD] 8vz8-assembly1.cif.gz
[EXTRACT] 8vz8-assembly1.cif
[DOWNLOAD] 6pue-assembly1.cif.gz
[EXTRACT] 6pue-assembly1.cif
[DOWNLOAD] 5u17-assembly1.cif.gz
[EXTRACT] 5u17-assembly1.cif
[DOWNLOAD] 4pje-assembly1.cif.gz
[EXTRACT] 4pje-assembly1.cif
[DOWNLOAD] 7zt3-assembly1.cif.gz
[EXTRACT] 7zt3-assembly1.cif
[DOWNLOAD] 5d7l-assembly1.cif.gz
[EXTRACT] 5d7l-assembly1.cif
[DOWNLOAD] 6puk-assembly1.cif.gz
[EXTRACT] 6puk-assembly1.cif
[DOWNLOAD] 7zt2-assembly1.cif.gz
[DOWNLOAD] 6w9v-assembly1.cif.gz
[EXTRACT] 7zt2-assembly1.cif
[EXTRACT] 6w9v-assembly1.cif
[DOWNLOAD] 6lhf-assembly1.cif.gz
[EXTRACT] 6lhf-assembly1.cif
[DOWNLOAD] 4pjg-assembly1.cif.gz
[DOWNLOAD] 4pj9-assembly1.cif.gz
[EXTRACT] 4pjg-assembly1.cif
[EXTRACT] 4pj9-assembly1.cif
[DOWNLOAD] 4d0b-assembly1.cif.gz
[EXTRACT] 4d0b-assembly1.cif
[DOWNLOAD] 9btz-assembly1.cif.gz
[EXTRACT] 9btz-assembly1.cif
[DOWNLOAD] 4pjc-assembly1.cif.gz
[EXTRACT] 4pjc-assembly1.cif
[DOWNLOAD] 7ufj-assembly1.cif.gz
[EXTRACT] 7ufj-assembly1.cif
[DOWNLOAD] 5d7j-assembly1.cif.gz
[DOWNLOAD] 4pjh-assembly1.cif.gz
[EXTRACT] 5d7j-assembly1.cif
[DOWNLOAD] 4d0d-assembly1.cif.gz
[EXTRACT] 4pjh-assembly1.cif
[EXTRACT] 4d0d-assembly1.cif
[DOWNLOAD] 4pj7-assembly1.cif.gz
[EXTRACT] 4pj7-assembly1.cif
[DOWNLOAD] 8vz9-assembly1.cif.gz
[EXTRACT] 8vz9-assembly1.cif
[DOWNLOAD] 5d5m-assembly1.cif.gz
[EXTRACT] 5d5m-assembly1.cif
[DOWNLOAD] 6lhh-assembly1.cif.gz
[EXTRACT] 6lhh-assembly1.cif
[DOWNLOAD] 9bu0-assembly1.cif.gz
[EXTRACT] 9bu0-assembly1.cif
[DOWNLOAD] 5acz-assembly1.cif.gz
[DOWNLOAD] 8bp6-assembly1.cif.gz
[EXTRACT] 5acz-assembly1.cif
[EXTRACT] 8bp6-assembly1.cif
[DOWNLOAD] 7zt5-assembly1.cif.gz
[EXTRACT] 7zt5-assembly1.cif
[DOWNLOAD] 4pjd-assembly1.cif.gz
[EXTRACT] 4pjd-assembly1.cif
[DOWNLOAD] 4d0c-assembly1.cif.gz
[EXTRACT] 4d0c-assembly1.cif
[DOWNLOAD] 4l8s-assembly1.cif.gz
[EXTRACT] 4l8s-assembly1.cif
[DOWNLOAD] 7zt4-assembly1.cif.gz
[EXTRACT] 7zt4-assembly1.cif
[DOWNLOAD] 7zt7-assembly1.cif.gz
[EXTRACT] 7zt7-assembly1.cif
[DOWNLOAD] 4pjx-assembly1.cif.gz
[EXTRACT] 4pjx-assembly1.cif
[DOWNLOAD] 4lcw-assembly1.cif.gz
[DOWNLOAD] 7lli-assembly1.cif.gz
[EXTRACT] 4lcw-assembly1.cif
[DOWNLOAD] 4pja-assembly1.cif.gz
[EXTRACT] 7lli-assembly1.cif
[EXTRACT] 4pja-assembly1.cif
[DOWNLOAD] 5ad0-assembly1.cif.gz
[EXTRACT] 5ad0-assembly1.cif
[DOWNLOAD] 4l4t-assembly1.cif.gz
[EXTRACT] 4l4t-assembly1.cif
[DOWNLOAD] 2yez-assembly1.cif.gz
[EXTRACT] 2yez-assembly1.cif
[DOWNLOAD] 7cpo-assembly1.cif.gz
[EXTRACT] 7cpo-assembly1.cif
[DOWNLOAD] 4cvz-assembly1.cif.gz
[EXTRACT] 4cvz-assembly1.cif
[DOWNLOAD] 3p73-assembly1.cif.gz
[EXTRACT] 3p73-assembly1.cif
[DOWNLOAD] 7umg-assembly1.cif.gz
[EXTRACT] 7umg-assembly1.cif
[DOWNLOAD] 4gup-assembly1.cif.gz
[EXTRACT] 4gup-assembly1.cif
[DOWNLOAD] 3p77-assembly1.cif.gz
[EXTRACT] 3p77-assembly1.cif
[DOWNLOAD] 4l9l-assembly1.cif.gz
[EXTRACT] 4l9l-assembly1.cif
[DOWNLOAD] 4iiq-assembly1.cif.gz
[DOWNLOAD] 7zt9-assembly1.cif.gz
[EXTRACT] 4iiq-assembly1.cif
[EXTRACT] 7zt9-assembly1.cif
[DOWNLOAD] 1t7x-assembly1.cif.gz
[EXTRACT] 1t7x-assembly1.cif
[DOWNLOAD] 4pjb-assembly1.cif.gz
[EXTRACT] 4pjb-assembly1.cif
[DOWNLOAD] 3es6-assembly1.cif.gz
[DOWNLOAD] 6mwr-assembly1.cif.gz
[EXTRACT] 3es6-assembly1.cif
[DOWNLOAD] 1t7y-assembly1.cif.gz
[EXTRACT] 6mwr-assembly1.cif
[EXTRACT] 1t7y-assembly1.cif
[DOWNLOAD] 6a2b-assembly1.cif.gz
[EXTRACT] 6a2b-assembly1.cif
[DOWNLOAD] 7llj-assembly1.cif.gz
[EXTRACT] 7llj-assembly1.cif
[DOWNLOAD] 1t80-assembly1.cif.gz
[EXTRACT] 1t80-assembly1.cif
[DOWNLOAD] 1t7z-assembly1.cif.gz
[EXTRACT] 1t7z-assembly1.cif
[DOWNLOAD] 1t7v-assembly1.cif.gz
[EXTRACT] 1t7v-assembly1.cif
[DOWNLOAD] 1zs8-assembly1.cif.gz
[EXTRACT] 1zs8-assembly1.cif
[DOWNLOAD] 7zqj-assembly1.cif.gz
[EXTRACT] 7zqj-assembly1.cif
[DOWNLOAD] 6r2u-assembly1.cif.gz
[DOWNLOAD] 1t7w-assembly1.cif.gz
[EXTRACT] 6r2u-assembly1.cif
[EXTRACT] 1t7w-assembly1.cif
[DOWNLOAD] 7zqi-assembly1.cif.gz
[EXTRACT] 7zqi-assembly1.cif
[DOWNLOAD] 1de4-assembly1.cif.gz
[EXTRACT] 1de4-assembly1.cif
[DOWNLOAD] 1c16-assembly1.cif.gz
[EXTRACT] 1c16-assembly1.cif
[DOWNLOAD] 1a6z-assembly1.cif.gz
[EXTRACT] 1a6z-assembly1.cif
[DOWNLOAD] 1r3h-assembly1.cif.gz
[EXTRACT] 1r3h-assembly1.cif
[DOWNLOAD] 4lcc-assembly1.cif.gz
[EXTRACT] 4lcc-assembly1.cif
[DOWNLOAD] 6nha-assembly1.cif.gz
[EXTRACT] 6nha-assembly1.cif
[DOWNLOAD] 1zag-assembly1.cif.gz
[EXTRACT] 1zag-assembly1.cif
[DOWNLOAD] 1frt-assembly1.cif.gz
[EXTRACT] 1frt-assembly1.cif
[DOWNLOAD] 1ypz-assembly1.cif.gz
[EXTRACT] 1ypz-assembly1.cif
[DOWNLOAD] 6wna-assembly1.cif.gz
[EXTRACT] 6wna-assembly1.cif
[DOWNLOAD] 6wol-assembly1.cif.gz
[EXTRACT] 6wol-assembly1.cif
[DOWNLOAD] 3fru-assembly1.cif.gz
[EXTRACT] 3fru-assembly1.cif
[DOWNLOAD] 6c98-assembly1.cif.gz
[EXTRACT] 6c98-assembly1.cif
[DOWNLOAD] 6c97-assembly1.cif.gz
[DOWNLOAD] 7q15-assembly1.cif.gz
[EXTRACT] 6c97-assembly1.cif
[EXTRACT] 7q15-assembly1.cif
[DOWNLOAD] 2wy3-assembly1.cif.gz
[EXTRACT] 2wy3-assembly1.cif
[DOWNLOAD] 1i1a-assembly1.cif.gz
[EXTRACT] 1i1a-assembly1.cif
[DOWNLOAD] 5bjt-assembly1.cif.gz
[EXTRACT] 5bjt-assembly1.cif
[DOWNLOAD] 6c99-assembly1.cif.gz
[EXTRACT] 6c99-assembly1.cif
[DOWNLOAD] 6qio-assembly1.cif.gz
[EXTRACT] 6qio-assembly1.cif
[DOWNLOAD] 4n0f-assembly1.cif.gz
[EXTRACT] 4n0f-assembly1.cif
[DOWNLOAD] 6fgb-assembly1.cif.gz
[EXTRACT] 6fgb-assembly1.cif
[DOWNLOAD] 4n0u-assembly1.cif.gz
[DOWNLOAD] 6xng-assembly1.cif.gz
[DOWNLOAD] 6qip-assembly1.cif.gz
[EXTRACT] 6qip-assembly1.cif
[EXTRACT] 6xng-assembly1.cif
[EXTRACT] 4n0u-assembly1.cif
[DOWNLOAD] 3quy-assembly1.cif.gz
[EXTRACT] 3quy-assembly1.cif
[DOWNLOAD] 7m72-assembly1.cif.gz
[EXTRACT] 7m72-assembly1.cif
[DOWNLOAD] 6la6-assembly1.cif.gz
[DOWNLOAD] 6miy-assembly1.cif.gz
[EXTRACT] 6miy-assembly1.cif
[DOWNLOAD] 6c6a-assembly1.cif.gz
[EXTRACT] 6c6a-assembly1.cif
[DOWNLOAD] 6bnl-assembly1.cif.gz
[DOWNLOAD] 4wo4-assembly1.cif.gz
[EXTRACT] 6bnl-assembly1.cif
[EXTRACT] 4wo4-assembly1.cif
[DOWNLOAD] 6ilm-assembly1.cif.gz
[DOWNLOAD] 1je6-assembly1.cif.gz
[EXTRACT] 1je6-assembly1.cif
[EXTRACT] 6la6-assembly1.cif
[DOWNLOAD] 3jvg-assembly1.cif.gz
[EXTRACT] 3jvg-assembly1.cif
[DOWNLOAD] 6a97-assembly1.cif.gz
[DOWNLOAD] 8tm0-assembly1.cif.gz
[EXTRACT] 6a97-assembly1.cif
[EXTRACT] 8tm0-assembly1.cif
[DOWNLOAD] 6v7y-assembly1.cif.gz
[EXTRACT] 6ilm-assembly1.cif
[EXTRACT] 6v7y-assembly1.cif
[DOWNLOAD] 5whk-assembly1.cif.gz
[EXTRACT] 5whk-assembly1.cif
[DOWNLOAD] 6cw9-assembly1.cif.gz
[EXTRACT] 6cw9-assembly1.cif
[DOWNLOAD] 6cyw-assembly1.cif.gz
[DOWNLOAD] 6mji-assembly1.cif.gz
[EXTRACT] 6cyw-assembly1.cif
[EXTRACT] 6mji-assembly1.cif
[DOWNLOAD] 3m17-assembly1.cif.gz
[EXTRACT] 3m17-assembly1.cif
[DOWNLOAD] 8tm2-assembly1.cif.gz
[EXTRACT] 8tm2-assembly1.cif
[DOWNLOAD] 4y16-assembly1.cif.gz
[EXTRACT] 4y16-assembly1.cif
[DOWNLOAD] 5bxf-assembly1.cif.gz
[EXTRACT] 5bxf-assembly1.cif
[DOWNLOAD] 6mja-assembly1.cif.gz
[EXTRACT] 6mja-assembly1.cif
[DOWNLOAD] 3ard-assembly1.cif.gz
[EXTRACT] 3ard-assembly1.cif
[DOWNLOAD] 4k71-assembly1.cif.gz
[EXTRACT] 4k71-assembly1.cif
[DOWNLOAD] 8sos-assembly1.cif.gz
[DOWNLOAD] 3sdx-assembly1.cif.gz
[EXTRACT] 8sos-assembly1.cif
[EXTRACT] 3sdx-assembly1.cif
[DOWNLOAD] 1onq-assembly1.cif.gz
[DOWNLOAD] 1exu-assembly1.cif.gz
[EXTRACT] 1onq-assembly1.cif
[EXTRACT] 1exu-assembly1.cif
[DOWNLOAD] 3arb-assembly1.cif.gz
[DOWNLOAD] 4y2d-assembly1.cif.gz
[EXTRACT] 3arb-assembly1.cif
[EXTRACT] 4y2d-assembly1.cif
[DOWNLOAD] 3m1b-assembly1.cif.gz
[EXTRACT] 3m1b-assembly1.cif
[DOWNLOAD] 8tlz-assembly1.cif.gz
[EXTRACT] 8tlz-assembly1.cif
[DOWNLOAD] 7mxf-assembly1.cif.gz
[EXTRACT] 7mxf-assembly1.cif
[DOWNLOAD] 7mx4-assembly1.cif.gz
[EXTRACT] 7mx4-assembly1.cif
[DOWNLOAD] 4irs-assembly1.cif.gz
[EXTRACT] 4irs-assembly1.cif
[DOWNLOAD] 3gmo-assembly1.cif.gz
[DOWNLOAD] 3gmn-assembly1.cif.gz
[EXTRACT] 3gmo-assembly1.cif
[EXTRACT] 3gmn-assembly1.cif
[DOWNLOAD] 6ojp-assembly1.cif.gz
[EXTRACT] 6ojp-assembly1.cif
[DOWNLOAD] 5vcj-assembly1.cif.gz
[EXTRACT] 5vcj-assembly1.cif
[DOWNLOAD] 6omg-assembly1.cif.gz
[EXTRACT] 6omg-assembly1.cif
[DOWNLOAD] 1kcg-assembly1.cif.gz
[EXTRACT] 1kcg-assembly1.cif
[DOWNLOAD] 4mx7-assembly1.cif.gz
[EXTRACT] 4mx7-assembly1.cif
[DOWNLOAD] 6cxa-assembly1.cif.gz
[EXTRACT] 6cxa-assembly1.cif
[DOWNLOAD] 6la7-assembly1.cif.gz
[DOWNLOAD] 3gmq-assembly1.cif.gz
[EXTRACT] 3gmq-assembly1.cif
[DOWNLOAD] 4s0u-assembly1.cif.gz
[EXTRACT] 4s0u-assembly1.cif
[DOWNLOAD] 3sda-assembly1.cif.gz
[DOWNLOAD] 2q7y-assembly1.cif.gz
[EXTRACT] 3sda-assembly1.cif
[EXTRACT] 2q7y-assembly1.cif
[DOWNLOAD] 3rug-assembly1.cif.gz
[EXTRACT] 3rug-assembly1.cif
[DOWNLOAD] 5fkp-assembly1.cif.gz
[EXTRACT] 5fkp-assembly1.cif
[DOWNLOAD] 7c9v-assembly1.cif.gz
[EXTRACT] 6la7-assembly1.cif
[DOWNLOAD] 3au1-assembly1.cif.gz
[EXTRACT] 3au1-assembly1.cif
[DOWNLOAD] 4y4k-assembly1.cif.gz
[DOWNLOAD] 3tvm-assembly1.cif.gz
[EXTRACT] 4y4k-assembly1.cif
[EXTRACT] 3tvm-assembly1.cif
[DOWNLOAD] 3qi9-assembly1.cif.gz
[EXTRACT] 3qi9-assembly1.cif
[DOWNLOAD] 3u0p-assembly1.cif.gz
[EXTRACT] 3u0p-assembly1.cif
[DOWNLOAD] 6c69-assembly1.cif.gz
[EXTRACT] 6c69-assembly1.cif
[DOWNLOAD] 3gml-assembly1.cif.gz
[EXTRACT] 3gml-assembly1.cif
[EXTRACT] 7c9v-assembly1.cif
[DOWNLOAD] 6cwb-assembly1.cif.gz
[EXTRACT] 6cwb-assembly1.cif
[DOWNLOAD] 6cxe-assembly1.cif.gz
[EXTRACT] 6cxe-assembly1.cif
[DOWNLOAD] 6bmh-assembly1.cif.gz
[EXTRACT] 6bmh-assembly1.cif
[DOWNLOAD] 3rzc-assembly1.cif.gz
[DOWNLOAD] 1xz0-assembly1.cif.gz
[EXTRACT] 3rzc-assembly1.cif
[EXTRACT] 1xz0-assembly1.cif
[DOWNLOAD] 4ww2-assembly1.cif.gz
[EXTRACT] 4ww2-assembly1.cif
[DOWNLOAD] 3ubx-assembly1.cif.gz
[EXTRACT] 3ubx-assembly1.cif
[DOWNLOAD] 8dv4-assembly1.cif.gz
[EXTRACT] 8dv4-assembly1.cif
[DOWNLOAD] 6v7z-assembly1.cif.gz
[EXTRACT] 6v7z-assembly1.cif
[DOWNLOAD] 6cwe-assembly1.cif.gz
[EXTRACT] 6cwe-assembly1.cif
[DOWNLOAD] 3sdd-assembly1.cif.gz
[EXTRACT] 3sdd-assembly1.cif
[DOWNLOAD] 8sgm-assembly1.cif.gz
[DOWNLOAD] 4ei5-assembly1.cif.gz
[EXTRACT] 8sgm-assembly1.cif
[DOWNLOAD] 4lhu-assembly1.cif.gz
[DOWNLOAD] 3huj-assembly1.cif.gz
[EXTRACT] 4ei5-assembly1.cif
[EXTRACT] 4lhu-assembly1.cif
[EXTRACT] 3huj-assembly1.cif
[DOWNLOAD] 6sny-assembly1.cif.gz
[EXTRACT] 6sny-assembly1.cif
[DOWNLOAD] 3gmp-assembly1.cif.gz
[EXTRACT] 3gmp-assembly1.cif
[DOWNLOAD] 2gaz-assembly1.cif.gz
[EXTRACT] 2gaz-assembly1.cif
[DOWNLOAD] 8dv3-assembly1.cif.gz
[EXTRACT] 8dv3-assembly1.cif
[DOWNLOAD] 6cx9-assembly1.cif.gz
[EXTRACT] 6cx9-assembly1.cif
[DOWNLOAD] 4y4h-assembly1.cif.gz
[EXTRACT] 4y4h-assembly1.cif
[DOWNLOAD] 6mss-assembly1.cif.gz
[DOWNLOAD] 3d2u-assembly1.cif.gz
[EXTRACT] 6mss-assembly1.cif
[EXTRACT] 3d2u-assembly1.cif
[DOWNLOAD] 6mjq-assembly1.cif.gz
[EXTRACT] 6mjq-assembly1.cif
[DOWNLOAD] 3o8x-assembly1.cif.gz
[DOWNLOAD] 5efi-assembly1.cif.gz
[EXTRACT] 3o8x-assembly1.cif
[EXTRACT] 5efi-assembly1.cif
[DOWNLOAD] 4irj-assembly1.cif.gz
[DOWNLOAD] 6mj6-assembly1.cif.gz
[DOWNLOAD] 3vwk-assembly1.cif.gz
[EXTRACT] 4irj-assembly1.cif
[EXTRACT] 6mj6-assembly1.cif
[EXTRACT] 3vwk-assembly1.cif
[DOWNLOAD] 3gmr-assembly1.cif.gz
[EXTRACT] 3gmr-assembly1.cif
[DOWNLOAD] 1l8j-assembly1.cif.gz
[EXTRACT] 1l8j-assembly1.cif
[DOWNLOAD] 6cx7-assembly1.cif.gz
[EXTRACT] 6cx7-assembly1.cif
[DOWNLOAD] 7ryo-assembly1.cif.gz
[EXTRACT] 7ryo-assembly1.cif
[DOWNLOAD] 6mjj-assembly1.cif.gz
[EXTRACT] 6mjj-assembly1.cif
[DOWNLOAD] 7fi9-assembly1.cif.gz
[EXTRACT] 7fi9-assembly1.cif
[DOWNLOAD] 6cxf-assembly1.cif.gz
[EXTRACT] 6cxf-assembly1.cif
[DOWNLOAD] 3tzv-assembly1.cif.gz
[EXTRACT] 3tzv-assembly1.cif
[DOWNLOAD] 8gle-assembly1.cif.gz
[EXTRACT] 8gle-assembly1.cif
[DOWNLOAD] 7ryn-assembly1.cif.gz
[EXTRACT] 7ryn-assembly1.cif
[DOWNLOAD] 4mng-assembly1.cif.gz
[EXTRACT] 4mng-assembly1.cif
[DOWNLOAD] 3ma7-assembly1.cif.gz
[EXTRACT] 3ma7-assembly1.cif
[DOWNLOAD] 3gmm-assembly1.cif.gz
[EXTRACT] 3gmm-assembly1.cif
[DOWNLOAD] 3scm-assembly1.cif.gz
[EXTRACT] 3scm-assembly1.cif
[DOWNLOAD] 7mxh-assembly1.cif.gz
[EXTRACT] 7mxh-assembly1.cif
[DOWNLOAD] 4f7c-assembly1.cif.gz
[EXTRACT] 4f7c-assembly1.cif
[DOWNLOAD] 6c6c-assembly1.cif.gz
[EXTRACT] 6c6c-assembly1.cif
[DOWNLOAD] 5tw5-assembly1.cif.gz
[EXTRACT] 5tw5-assembly1.cif
[DOWNLOAD] 8glf-assembly1.cif.gz
[EXTRACT] 8glf-assembly1.cif
[DOWNLOAD] 7fi6-assembly1.cif.gz
[EXTRACT] 7fi6-assembly1.cif
[DOWNLOAD] 6miv-assembly1.cif.gz
[EXTRACT] 6miv-assembly1.cif
[DOWNLOAD] 4y4f-assembly1.cif.gz
[EXTRACT] 4y4f-assembly1.cif
[DOWNLOAD] 6oor-assembly1.cif.gz
[EXTRACT] 6oor-assembly1.cif
[DOWNLOAD] 3ilq-assembly1.cif.gz
[EXTRACT] 3ilq-assembly1.cif
[DOWNLOAD] 2akr-assembly1.cif.gz
[EXTRACT] 2akr-assembly1.cif
[DOWNLOAD] 3o9w-assembly1.cif.gz
[EXTRACT] 3o9w-assembly1.cif
[DOWNLOAD] 3tn0-assembly1.cif.gz
[DOWNLOAD] 3g08-assembly1.cif.gz
[EXTRACT] 3tn0-assembly1.cif
[EXTRACT] 3g08-assembly1.cif
[DOWNLOAD] 5l2j-assembly1.cif.gz
[EXTRACT] 5l2j-assembly1.cif
[DOWNLOAD] 6c6h-assembly1.cif.gz
[EXTRACT] 6c6h-assembly1.cif
[DOWNLOAD] 4en3-assembly1.cif.gz
[EXTRACT] 4en3-assembly1.cif
[DOWNLOAD] 1z5l-assembly1.cif.gz
[EXTRACT] 1z5l-assembly1.cif
[DOWNLOAD] 7kp1-assembly1.cif.gz
[EXTRACT] 7kp1-assembly1.cif
[DOWNLOAD] 3are-assembly1.cif.gz
[EXTRACT] 3are-assembly1.cif
[DOWNLOAD] 3quz-assembly1.cif.gz
[EXTRACT] 3quz-assembly1.cif
[DOWNLOAD] 3arf-assembly1.cif.gz
[DOWNLOAD] 8sgb-assembly1.cif.gz
[EXTRACT] 3arf-assembly1.cif
[EXTRACT] 8sgb-assembly1.cif
[DOWNLOAD] 4zak-assembly1.cif.gz
[EXTRACT] 4zak-assembly1.cif
[DOWNLOAD] 1cd1-assembly1.cif.gz
[EXTRACT] 1cd1-assembly1.cif
[DOWNLOAD] 1gzp-assembly1.cif.gz
[EXTRACT] 1gzp-assembly1.cif
[DOWNLOAD] 6nux-assembly1.cif.gz
[EXTRACT] 6nux-assembly1.cif
[DOWNLOAD] 1hyr-assembly1.cif.gz
[EXTRACT] 1hyr-assembly1.cif
[DOWNLOAD] 2fik-assembly1.cif.gz
[EXTRACT] 2fik-assembly1.cif
[DOWNLOAD] 8glh-assembly1.cif.gz
[EXTRACT] 8glh-assembly1.cif
[DOWNLOAD] 7fi5-assembly1.cif.gz
[EXTRACT] 7fi5-assembly1.cif
[DOWNLOAD] 7kp0-assembly1.cif.gz
[EXTRACT] 7kp0-assembly1.cif
[DOWNLOAD] 5c9j-assembly1.cif.gz
[EXTRACT] 5c9j-assembly1.cif
[DOWNLOAD] 4x6d-assembly1.cif.gz
[EXTRACT] 4x6d-assembly1.cif
[DOWNLOAD] 4v3e-assembly1.cif.gz
[EXTRACT] 4v3e-assembly1.cif
[DOWNLOAD] 6c6f-assembly1.cif.gz
[EXTRACT] 6c6f-assembly1.cif
[DOWNLOAD] 7oks-assembly1.cif.gz
[EXTRACT] 7oks-assembly1.cif
[DOWNLOAD] 6mj4-assembly1.cif.gz
[EXTRACT] 6mj4-assembly1.cif
[DOWNLOAD] 5wl1-assembly1.cif.gz
[DOWNLOAD] 3ov6-assembly1.cif.gz
[EXTRACT] 3ov6-assembly1.cif
[DOWNLOAD] 3qux-assembly1.cif.gz
[EXTRACT] 5wl1-assembly1.cif
[EXTRACT] 3qux-assembly1.cif
[DOWNLOAD] 3t1f-assembly1.cif.gz
[EXTRACT] 3t1f-assembly1.cif
[DOWNLOAD] 3rtq-assembly1.cif.gz
[DOWNLOAD] 6c6j-assembly1.cif.gz
[EXTRACT] 6c6j-assembly1.cif
[EXTRACT] 3rtq-assembly1.cif
[DOWNLOAD] 5tw2-assembly1.cif.gz
[EXTRACT] 5tw2-assembly1.cif
[DOWNLOAD] 7oku-assembly1.cif.gz
[EXTRACT] 7oku-assembly1.cif
[DOWNLOAD] 3ta3-assembly1.cif.gz
[EXTRACT] 3ta3-assembly1.cif
[DOWNLOAD] 6cw6-assembly1.cif.gz
[EXTRACT] 6cw6-assembly1.cif
[DOWNLOAD] 7rym-assembly1.cif.gz
[EXTRACT] 7rym-assembly1.cif
[DOWNLOAD] 3t8x-assembly1.cif.gz
[EXTRACT] 3t8x-assembly1.cif
[DOWNLOAD] 8gli-assembly1.cif.gz
[EXTRACT] 8gli-assembly1.cif
[DOWNLOAD] 6cx5-assembly1.cif.gz
[EXTRACT] 6cx5-assembly1.cif
[DOWNLOAD] 6c6e-assembly1.cif.gz
[EXTRACT] 6c6e-assembly1.cif
[DOWNLOAD] 4elm-assembly1.cif.gz
[EXTRACT] 4elm-assembly1.cif
[DOWNLOAD] 4apq-assembly1.cif.gz
[DOWNLOAD] 6d64-assembly1.cif.gz
[EXTRACT] 4apq-assembly1.cif
[EXTRACT] 6d64-assembly1.cif
[DOWNLOAD] 6bmk-assembly1.cif.gz
[EXTRACT] 6bmk-assembly1.cif
[DOWNLOAD] 6c5m-assembly1.cif.gz
[EXTRACT] 6c5m-assembly1.cif
[DOWNLOAD] 7sh4-assembly1.cif.gz
[EXTRACT] 7sh4-assembly1.cif
[DOWNLOAD] 4v3d-assembly1.cif.gz
[EXTRACT] 4v3d-assembly1.cif
[DOWNLOAD] 6c09-assembly1.cif.gz
[EXTRACT] 6c09-assembly1.cif
[DOWNLOAD] 2po6-assembly1.cif.gz
[EXTRACT] 2po6-assembly1.cif
[DOWNLOAD] 8glg-assembly1.cif.gz
[EXTRACT] 8glg-assembly1.cif
[DOWNLOAD] 4x6e-assembly1.cif.gz
[EXTRACT] 4x6e-assembly1.cif
[DOWNLOAD] 4ono-assembly1.cif.gz
[DOWNLOAD] 7fi7-assembly1.cif.gz
[EXTRACT] 4ono-assembly1.cif
[EXTRACT] 7fi7-assembly1.cif
[DOWNLOAD] 1gzq-assembly1.cif.gz
[EXTRACT] 1gzq-assembly1.cif
[DOWNLOAD] 7okv-assembly1.cif.gz
[EXTRACT] 7okv-assembly1.cif
[DOWNLOAD] 7q5d-assembly1.cif.gz
[EXTRACT] 7q5d-assembly1.cif
[DOWNLOAD] 6cug-assembly1.cif.gz
[EXTRACT] 6cug-assembly1.cif
[DOWNLOAD] 2h26-assembly1.cif.gz
[EXTRACT] 2h26-assembly1.cif
[DOWNLOAD] 3to4-assembly1.cif.gz
[DOWNLOAD] 4wwk-assembly1.cif.gz
[EXTRACT] 3to4-assembly1.cif
[EXTRACT] 4wwk-assembly1.cif
[DOWNLOAD] 5l2k-assembly1.cif.gz
[EXTRACT] 5l2k-assembly1.cif
[DOWNLOAD] 7okt-assembly1.cif.gz
[EXTRACT] 7okt-assembly1.cif
[DOWNLOAD] 1zhn-assembly1.cif.gz
[EXTRACT] 1zhn-assembly1.cif
[DOWNLOAD] 8gm8-assembly1.cif.gz
[DOWNLOAD] 5wke-assembly1.cif.gz
[EXTRACT] 8gm8-assembly1.cif
[DOWNLOAD] 3vwj-assembly1.cif.gz
[EXTRACT] 5wke-assembly1.cif
[EXTRACT] 3vwj-assembly1.cif
[DOWNLOAD] 3sdc-assembly1.cif.gz
[EXTRACT] 3sdc-assembly1.cif
[DOWNLOAD] 5wkg-assembly1.cif.gz
[EXTRACT] 5wkg-assembly1.cif
[DOWNLOAD] 5j1a-assembly1.cif.gz
[EXTRACT] 5j1a-assembly1.cif
[DOWNLOAD] 1zt4-assembly1.cif.gz
[EXTRACT] 1zt4-assembly1.cif
[DOWNLOAD] 6v80-assembly1.cif.gz
[EXTRACT] 6v80-assembly1.cif
[DOWNLOAD] 6bnk-assembly1.cif.gz
[EXTRACT] 6bnk-assembly1.cif
[DOWNLOAD] 8t4z-assembly1.cif.gz
[EXTRACT] 8t4z-assembly1.cif
[DOWNLOAD] 4mq7-assembly1.cif.gz
[DOWNLOAD] 3arg-assembly1.cif.gz
[EXTRACT] 4mq7-assembly1.cif
[EXTRACT] 3arg-assembly1.cif
[DOWNLOAD] 3he6-assembly1.cif.gz
[EXTRACT] 3he6-assembly1.cif
[DOWNLOAD] 3ilp-assembly1.cif.gz
[EXTRACT] 3ilp-assembly1.cif
[DOWNLOAD] 7fi8-assembly1.cif.gz
[EXTRACT] 7fi8-assembly1.cif
[DOWNLOAD] 4f7e-assembly1.cif.gz
[EXTRACT] 4f7e-assembly1.cif
[DOWNLOAD] 5wki-assembly1.cif.gz
[EXTRACT] 5wki-assembly1.cif
[DOWNLOAD] 3he7-assembly1.cif.gz
[EXTRACT] 3he7-assembly1.cif
[DOWNLOAD] 1uqs-assembly1.cif.gz
[EXTRACT] 1uqs-assembly1.cif
[DOWNLOAD] 8c44-assembly1.cif.gz
[EXTRACT] 8c44-assembly1.cif
[DOWNLOAD] 8zox-assembly1.cif.gz
[EXTRACT] 8zox-assembly1.cif
[DOWNLOAD] 3l9r-assembly1.cif.gz
[EXTRACT] 3l9r-assembly1.cif
[DOWNLOAD] 7koz-assembly1.cif.gz
[EXTRACT] 7koz-assembly1.cif
[DOWNLOAD] 4x6f-assembly1.cif.gz
[EXTRACT] 4x6f-assembly1.cif
[DOWNLOAD] 4ffe-assembly1.cif.gz
[EXTRACT] 4ffe-assembly1.cif
[DOWNLOAD] 3dbx-assembly1.cif.gz
[EXTRACT] 3dbx-assembly1.cif
[DOWNLOAD] 4x6c-assembly1.cif.gz
[EXTRACT] 4x6c-assembly1.cif
[DOWNLOAD] 6c15-assembly1.cif.gz
[EXTRACT] 6c15-assembly1.cif
[DOWNLOAD] 1jfm-assembly1.cif.gz
[EXTRACT] 1jfm-assembly1.cif
[DOWNLOAD] 3s6c-assembly1.cif.gz
[EXTRACT] 3s6c-assembly1.cif
[DOWNLOAD] 1pqz-assembly1.cif.gz
[DOWNLOAD] 4pdc-assembly1.cif.gz
[EXTRACT] 1pqz-assembly1.cif
[EXTRACT] 4pdc-assembly1.cif
[DOWNLOAD] 3it8-assembly1.cif.gz
[EXTRACT] 3it8-assembly1.cif
[DOWNLOAD] 4g59-assembly1.cif.gz
[EXTRACT] 4g59-assembly1.cif
[DOWNLOAD] 7xxa-assembly1.cif.gz
[DOWNLOAD] 2o5n-assembly1.cif.gz
[DOWNLOAD] 1u58-assembly1.cif.gz
[EXTRACT] 2o5n-assembly1.cif
[EXTRACT] 1u58-assembly1.cif
[DOWNLOAD] 4jo8-assembly1.cif.gz
[EXTRACT] 4jo8-assembly1.cif
[DOWNLOAD] 2nyk-assembly1.cif.gz
[EXTRACT] 2nyk-assembly1.cif
[DOWNLOAD] 4pp8-assembly1.cif.gz
[EXTRACT] 4pp8-assembly1.cif
[EXTRACT] 7xxa-assembly1.cif
[DONE] pdb structures written to: /mnt/c/Users/gio/Documents/foldseek_nefertari/filter/ligands_pipeline/step2/pdb
