2026-08-19 12:21:19,868 [INFO] [INPUT] pdb: primary=1872 downloaded=1829 skipped=43
2026-08-19 12:21:19,870 [INFO] [START] PDB annotations; rows=1829
2026-08-19 12:21:19,873 [INFO] [1/1829] [PDB] 8RLV:A
2026-08-19 12:21:19,873 [INFO] [2/1829] [PDB] 3X11:A
2026-08-19 12:21:19,874 [INFO] [3/1829] [PDB] 1QSE:A
2026-08-19 12:21:19,874 [INFO] [4/1829] [PDB] 3BZF:A
2026-08-19 12:21:19,874 [INFO] [5/1829] [PDB] 7P49:A
2026-08-19 12:21:19,874 [INFO] [6/1829] [PDB] 1BD2:A
2026-08-19 12:21:19,874 [INFO] [7/1829] [PDB] 7LFZ:A
2026-08-19 12:21:19,874 [INFO] [8/1829] [PDB] 5JZI:A
2026-08-19 12:21:19,875 [INFO] [9/1829] [PDB] 7NDT:AAA
2026-08-19 12:21:19,875 [INFO] [10/1829] [PDB] 7BH8:A
2026-08-19 12:21:19,875 [INFO] [11/1829] [PDB] 3X12:A
2026-08-19 12:21:19,875 [INFO] [14/1829] [PDB] 3VXU:A
2026-08-19 12:21:19,875 [INFO] [13/1829] [PDB] 7EJL:A
2026-08-19 12:21:19,875 [INFO] [15/1829] [PDB] 7TUD:A
2026-08-19 12:21:19,875 [INFO] [12/1829] [PDB] 6J1W:A
2026-08-19 12:21:19,876 [INFO] [16/1829] [PDB] 1P7Q:A
2026-08-19 12:21:21,757 [WARNING] [UNIPROT] A0A5H2UYS3: used submissionNames
2026-08-19 12:21:21,758 [INFO] [17/1829] [PDB] 5EO1:A
2026-08-19 12:21:21,970 [INFO] [18/1829] [PDB] 6P27:A
2026-08-19 12:21:21,977 [INFO] [19/1829] [PDB] 3GSN:H
2026-08-19 12:21:21,984 [INFO] [20/1829] [PDB] 1T22:A
2026-08-19 12:21:22,682 [INFO] [21/1829] [PDB] 2D31:A
2026-08-19 12:21:22,691 [INFO] [22/1829] [PDB] 1T1Y:A
2026-08-19 12:21:22,829 [INFO] [23/1829] [PDB] 3FQU:A
2026-08-19 12:21:22,845 [INFO] [24/1829] [PDB] 7OW6:A
2026-08-19 12:21:23,710 [INFO] [25/1829] [PDB] 7UM2:A
2026-08-19 12:21:23,762 [WARNING] [UNIPROT] D5H3J5: used submissionNames
2026-08-19 12:21:23,763 [INFO] [26/1829] [PDB] 8ZV9:A
2026-08-19 12:21:23,820 [INFO] [27/1829] [PDB] 5VVP:A
2026-08-19 12:21:23,963 [INFO] [28/1829] [PDB] 6ZKW:A
2026-08-19 12:21:24,619 [WARNING] [UNIPROT] A0A583ZB34: used submissionNames
2026-08-19 12:21:24,619 [INFO] [29/1829] [PDB] 7LG0:A
2026-08-19 12:21:24,635 [INFO] [30/1829] [PDB] 1HHK:A
2026-08-19 12:21:24,766 [INFO] [31/1829] [PDB] 5XOV:A
2026-08-19 12:21:24,821 [INFO] [32/1829] [PDB] 1T1Z:A
2026-08-19 12:21:25,789 [INFO] [33/1829] [PDB] 7ZUC:A
2026-08-19 12:21:25,858 [INFO] [34/1829] [PDB] 7SIS:A
2026-08-19 12:21:25,921 [INFO] [35/1829] [PDB] 5TXS:A
2026-08-19 12:21:26,012 [INFO] [36/1829] [PDB] 5VWD:A
2026-08-19 12:21:26,655 [WARNING] [UNIPROT] I3ZN84: used submissionNames
2026-08-19 12:21:26,656 [INFO] [37/1829] [PDB] 6Z9W:A
2026-08-19 12:21:26,761 [INFO] [38/1829] [PDB] 5WWU:A
2026-08-19 12:21:26,816 [INFO] [39/1829] [PDB] 8YE4:A
2026-08-19 12:21:26,847 [INFO] [40/1829] [PDB] 7NME:A
2026-08-19 12:21:27,745 [INFO] [41/1829] [PDB] 3VXS:A
2026-08-19 12:21:27,837 [WARNING] [UNIPROT] Q53Z42: used submissionNames
2026-08-19 12:21:27,837 [INFO] [42/1829] [PDB] 5VWF:A
2026-08-19 12:21:27,854 [INFO] [43/1829] [PDB] 6P23:A
2026-08-19 12:21:27,980 [INFO] [44/1829] [PDB] 4F7P:A
2026-08-19 12:21:28,558 [WARNING] [UNIPROT] A0A7T3RIT5: used submissionNames
2026-08-19 12:21:28,558 [INFO] [45/1829] [PDB] 5HHQ:A
2026-08-19 12:21:28,770 [INFO] [46/1829] [PDB] 7BBG:A
2026-08-19 12:21:28,859 [INFO] [47/1829] [PDB] 7RTD:A
2026-08-19 12:21:28,929 [INFO] [48/1829] [PDB] 2ESV:A
2026-08-19 12:21:29,744 [WARNING] [UNIPROT] O78126: used submissionNames
2026-08-19 12:21:29,744 [INFO] [49/1829] [PDB] 4NO0:A
2026-08-19 12:21:29,797 [WARNING] [UNIPROT] A0A140T913: used submissionNames
2026-08-19 12:21:29,798 [INFO] [50/1829] [PDB] 5HGB:A
2026-08-19 12:21:29,838 [INFO] [51/1829] [PDB] 7NMD:A
2026-08-19 12:21:29,846 [INFO] [52/1829] [PDB] 1A9E:A
2026-08-19 12:21:30,550 [WARNING] [UNIPROT] Q6IVJ7: used submissionNames
2026-08-19 12:21:30,551 [INFO] [53/1829] [PDB] 7N6E:A
2026-08-19 12:21:30,765 [WARNING] [UNIPROT] Q861F7: used submissionNames
2026-08-19 12:21:30,766 [INFO] [54/1829] [PDB] 7U1R:A
2026-08-19 12:21:30,804 [INFO] [55/1829] [PDB] 7P4B:A
2026-08-19 12:21:30,963 [INFO] [56/1829] [PDB] 7JYX:A
2026-08-19 12:21:31,561 [WARNING] [UNIPROT] A0A5H2UYS3: used submissionNames
2026-08-19 12:21:31,562 [INFO] [57/1829] [PDB] 1Q94:A
2026-08-19 12:21:31,752 [INFO] [58/1829] [PDB] 2F54:A
2026-08-19 12:21:31,920 [INFO] [59/1829] [PDB] 4QOK:A
2026-08-19 12:21:32,052 [INFO] [60/1829] [PDB] 5XOT:A
2026-08-19 12:21:32,531 [WARNING] [UNIPROT] Q53Z42: used submissionNames
2026-08-19 12:21:32,531 [INFO] [61/1829] [PDB] 1T21:A
2026-08-19 12:21:32,696 [WARNING] [UNIPROT] A0A140T913: used submissionNames
2026-08-19 12:21:32,697 [INFO] [62/1829] [PDB] 3RL2:A
2026-08-19 12:21:32,909 [INFO] [63/1829] [PDB] 7TR4:A
2026-08-19 12:21:33,051 [INFO] [64/1829] [PDB] 6MTM:A
2026-08-19 12:21:33,525 [WARNING] [UNIPROT] A0A140T913: used submissionNames
2026-08-19 12:21:33,525 [INFO] [65/1829] [PDB] 7MJA:A
2026-08-19 12:21:33,661 [WARNING] [UNIPROT] Q53Z42: used submissionNames
2026-08-19 12:21:33,662 [INFO] [66/1829] [PDB] 3GSW:A
2026-08-19 12:21:33,762 [INFO] [67/1829] [PDB] 1AKJ:A
2026-08-19 12:21:33,901 [INFO] [68/1829] [PDB] 1QSF:A
2026-08-19 12:21:34,691 [INFO] [69/1829] [PDB] 5W6A:A
2026-08-19 12:21:34,759 [INFO] [70/1829] [PDB] 3FQT:A
2026-08-19 12:21:34,785 [INFO] [71/1829] [PDB] 4F7M:A
2026-08-19 12:21:34,893 [INFO] [72/1829] [PDB] 1HHH:A
2026-08-19 12:21:35,807 [INFO] [73/1829] [PDB] 1T1X:A
2026-08-19 12:21:35,834 [INFO] [74/1829] [PDB] 8QFY:AAA
2026-08-19 12:21:35,935 [INFO] [75/1829] [PDB] 7NDQ:AAA
2026-08-19 12:21:35,958 [INFO] [76/1829] [PDB] 6W51:A
2026-08-19 12:21:36,589 [WARNING] [UNIPROT] A0A5H2UYS3: used submissionNames
2026-08-19 12:21:36,590 [INFO] [77/1829] [PDB] 8EN8:A
2026-08-19 12:21:36,880 [INFO] [78/1829] [PDB] 6J2A:A
2026-08-19 12:21:36,900 [INFO] [79/1829] [PDB] 7S8S:A
2026-08-19 12:21:36,925 [INFO] [80/1829] [PDB] 5WJL:A
2026-08-19 12:21:37,576 [WARNING] [UNIPROT] A0A5H2UYS3: used submissionNames
2026-08-19 12:21:37,576 [INFO] [81/1829] [PDB] 7S7E:A
2026-08-19 12:21:37,780 [INFO] [82/1829] [PDB] 6UZ1:A
2026-08-19 12:21:37,795 [INFO] [83/1829] [PDB] 7WJ2:A
2026-08-19 12:21:37,942 [INFO] [84/1829] [PDB] 3D3V:A
2026-08-19 12:21:38,774 [INFO] [85/1829] [PDB] 7F4W:A
2026-08-19 12:21:38,808 [INFO] [86/1829] [PDB] 3I6L:D
2026-08-19 12:21:38,858 [WARNING] [UNIPROT] F4NBT2: used submissionNames
2026-08-19 12:21:38,858 [INFO] [87/1829] [PDB] 1XR9:A
2026-08-19 12:21:38,986 [INFO] [88/1829] [PDB] 2XPG:A
2026-08-19 12:21:39,529 [WARNING] [UNIPROT] A0A140T913: used submissionNames
2026-08-19 12:21:39,530 [INFO] [89/1829] [PDB] 3PWP:A
2026-08-19 12:21:39,556 [WARNING] [UNIPROT] A0A140T9X5: used submissionNames
2026-08-19 12:21:39,556 [INFO] [90/1829] [PDB] 6J1V:A
2026-08-19 12:21:39,688 [WARNING] [UNIPROT] A0A5H2UYS3: used submissionNames
2026-08-19 12:21:39,688 [INFO] [91/1829] [PDB] 3KXF:A
2026-08-19 12:21:39,801 [INFO] [92/1829] [PDB] 1I4F:A
2026-08-19 12:21:40,571 [WARNING] [UNIPROT] D9UAY1: used submissionNames
2026-08-19 12:21:40,572 [INFO] [93/1829] [PDB] 8RYO:A
2026-08-19 12:21:40,708 [INFO] [94/1829] [PDB] 6MT3:A
2026-08-19 12:21:40,864 [INFO] [95/1829] [PDB] 3V5K:A
2026-08-19 12:21:40,870 [INFO] [96/1829] [PDB] 7KGO:A
2026-08-19 12:21:41,769 [INFO] [97/1829] [PDB] 7RTR:A
2026-08-19 12:21:41,770 [WARNING] [UNIPROT] A0A140T913: used submissionNames
2026-08-19 12:21:41,771 [INFO] [98/1829] [PDB] 3WLB:A
2026-08-19 12:21:41,882 [INFO] [99/1829] [PDB] 8RBV:A
2026-08-19 12:21:41,929 [INFO] [100/1829] [PDB] 6UJ7:A
2026-08-19 12:21:42,741 [INFO] [101/1829] [PDB] 6GHN:A
2026-08-19 12:21:42,762 [INFO] [102/1829] [PDB] 1T1W:A
2026-08-19 12:21:42,764 [WARNING] [UNIPROT] U5YJK1: used submissionNames
2026-08-19 12:21:42,764 [INFO] [103/1829] [PDB] 7JYU:A
2026-08-19 12:21:42,848 [INFO] [104/1829] [PDB] 8XKC:A
2026-08-19 12:21:43,729 [WARNING] [UNIPROT] Q53Z42: used submissionNames
2026-08-19 12:21:43,729 [INFO] [105/1829] [PDB] 6VM8:A
2026-08-19 12:21:43,734 [WARNING] [UNIPROT] A0A858LG55: used submissionNames
2026-08-19 12:21:43,734 [INFO] [106/1829] [PDB] 6ZKZ:A
2026-08-19 12:21:43,777 [INFO] [107/1829] [PDB] 4QRR:A
2026-08-19 12:21:43,827 [INFO] [108/1829] [PDB] 3VXP:A
2026-08-19 12:21:44,848 [INFO] [109/1829] [PDB] 5WSH:A
2026-08-19 12:21:44,866 [INFO] [110/1829] [PDB] 5WWJ:A
2026-08-19 12:21:44,984 [INFO] [111/1829] [PDB] 5VZ5:A
2026-08-19 12:21:44,998 [INFO] [112/1829] [PDB] 7NUI:A
2026-08-19 12:21:45,523 [WARNING] [UNIPROT] A0A173ADK6: used submissionNames
2026-08-19 12:21:45,524 [INFO] [113/1829] [PDB] 5HHN:A
2026-08-19 12:21:45,605 [WARNING] [UNIPROT] A0A5H2UYS3: used submissionNames
2026-08-19 12:21:45,605 [INFO] [114/1829] [PDB] 1S8D:A
2026-08-19 12:21:45,776 [WARNING] [UNIPROT] Q861F7: used submissionNames
2026-08-19 12:21:45,776 [INFO] [115/1829] [PDB] 7RK7:A
2026-08-19 12:21:45,790 [INFO] [116/1829] [PDB] 4JFP:A
2026-08-19 12:21:46,003 [INFO] [117/1829] [PDB] 6ZKY:A
2026-08-19 12:21:46,704 [WARNING] [UNIPROT] Q53Z42: used submissionNames
2026-08-19 12:21:46,705 [INFO] [118/1829] [PDB] 1DUY:A
2026-08-19 12:21:46,751 [INFO] [119/1829] [PDB] 3UTT:A
2026-08-19 12:21:46,791 [INFO] [120/1829] [PDB] 7PBE:A
2026-08-19 12:21:46,819 [INFO] [121/1829] [PDB] 3H9S:A
2026-08-19 12:21:47,668 [INFO] [122/1829] [PDB] 4O2F:A
2026-08-19 12:21:47,718 [WARNING] [UNIPROT] A0A0G2JPD3: used submissionNames
2026-08-19 12:21:47,719 [INFO] [123/1829] [PDB] 1A9B:A
2026-08-19 12:21:47,762 [INFO] [124/1829] [PDB] 6ZKX:A
2026-08-19 12:21:47,840 [INFO] [125/1829] [PDB] 1YDP:A
2026-08-19 12:21:48,603 [WARNING] [UNIPROT] A0A140T913: used submissionNames
2026-08-19 12:21:48,604 [INFO] [126/1829] [PDB] 7EJM:A
2026-08-19 12:21:48,700 [INFO] [127/1829] [PDB] 3V5D:A
2026-08-19 12:21:48,754 [INFO] [128/1829] [PDB] 3QFJ:A
2026-08-19 12:21:48,858 [INFO] [129/1829] [PDB] 2NX5:A
2026-08-19 12:21:49,752 [INFO] [130/1829] [PDB] 6ULI:A
2026-08-19 12:21:49,766 [INFO] [131/1829] [PDB] 7LG2:A
2026-08-19 12:21:49,811 [INFO] [132/1829] [PDB] 1CG9:A
2026-08-19 12:21:49,893 [INFO] [133/1829] [PDB] 6GGM:A
2026-08-19 12:21:50,622 [INFO] [134/1829] [PDB] 5ENW:A
2026-08-19 12:21:50,787 [INFO] [135/1829] [PDB] 7S8Q:A
2026-08-19 12:21:50,841 [INFO] [136/1829] [PDB] 3WL9:A
2026-08-19 12:21:50,898 [INFO] [137/1829] [PDB] 1S9Y:A
2026-08-19 12:21:51,819 [INFO] [138/1829] [PDB] 2CLR:A
2026-08-19 12:21:51,953 [INFO] [139/1829] [PDB] 5IUE:A
2026-08-19 12:21:52,058 [INFO] [140/1829] [PDB] 3MGT:A
2026-08-19 12:21:52,276 [INFO] [141/1829] [PDB] 5F9J:A
2026-08-19 12:21:52,577 [WARNING] [UNIPROT] A0A140T913: used submissionNames
2026-08-19 12:21:52,577 [INFO] [142/1829] [PDB] 3OX8:A
2026-08-19 12:21:52,810 [INFO] [143/1829] [PDB] 1E27:A
2026-08-19 12:21:52,935 [WARNING] [UNIPROT] A0A5H2UYS3: used submissionNames
2026-08-19 12:21:52,936 [INFO] [144/1829] [PDB] 3FT2:A
2026-08-19 12:21:52,979 [INFO] [145/1829] [PDB] 3FQW:A
2026-08-19 12:21:53,739 [INFO] [146/1829] [PDB] 1T20:A
2026-08-19 12:21:53,778 [INFO] [147/1829] [PDB] 3C9N:A
2026-08-19 12:21:53,817 [WARNING] [UNIPROT] C1K0Y1: used submissionNames
2026-08-19 12:21:53,818 [INFO] [148/1829] [PDB] 4WU5:A
2026-08-19 12:21:53,921 [INFO] [149/1829] [PDB] 2BVP:A
2026-08-19 12:21:54,645 [WARNING] [UNIPROT] A0A140T913: used submissionNames
2026-08-19 12:21:54,645 [INFO] [150/1829] [PDB] 4NQV:A
2026-08-19 12:21:54,852 [WARNING] [UNIPROT] Q2LC95: used submissionNames
2026-08-19 12:21:54,853 [INFO] [151/1829] [PDB] 7KGS:A
2026-08-19 12:21:54,967 [INFO] [152/1829] [PDB] 6AEE:A
2026-08-19 12:21:54,976 [INFO] [153/1829] [PDB] 6JP3:A
2026-08-19 12:21:55,753 [INFO] [154/1829] [PDB] 5HGA:A
2026-08-19 12:21:55,770 [INFO] [155/1829] [PDB] 1HHG:A
2026-08-19 12:21:55,811 [INFO] [156/1829] [PDB] 4JFF:A
2026-08-19 12:21:56,012 [INFO] [157/1829] [PDB] 7N2R:A
2026-08-19 12:21:56,585 [WARNING] [UNIPROT] U5YJK1: used submissionNames
2026-08-19 12:21:56,586 [INFO] [158/1829] [PDB] 8ELG:A
2026-08-19 12:21:56,637 [WARNING] [UNIPROT] Q861F7: used submissionNames
2026-08-19 12:21:56,637 [INFO] [159/1829] [PDB] 5NMK:A
2026-08-19 12:21:57,002 [INFO] [160/1829] [PDB] 1MHE:A
2026-08-19 12:21:57,109 [INFO] [161/1829] [PDB] 6GH4:A
2026-08-19 12:21:57,376 [INFO] [162/1829] [PDB] 8RYM:A
2026-08-19 12:21:57,763 [INFO] [163/1829] [PDB] 5D9S:A
2026-08-19 12:21:57,896 [INFO] [164/1829] [PDB] 7LG3:A
2026-08-19 12:21:57,901 [INFO] [165/1829] [PDB] 6MPP:A
2026-08-19 12:21:58,055 [INFO] [166/1829] [PDB] 3VXN:A
2026-08-19 12:21:58,769 [INFO] [167/1829] [PDB] 8RLT:A
2026-08-19 12:21:58,861 [INFO] [168/1829] [PDB] 8ENH:A
2026-08-19 12:21:58,884 [INFO] [169/1829] [PDB] 7N1B:A
2026-08-19 12:21:58,978 [INFO] [170/1829] [PDB] 8RH6:A
2026-08-19 12:21:59,745 [INFO] [171/1829] [PDB] 7SA2:A
2026-08-19 12:21:59,769 [INFO] [172/1829] [PDB] 5IM7:A
2026-08-19 12:21:59,784 [INFO] [173/1829] [PDB] 8RNG:A
2026-08-19 12:21:59,791 [INFO] [174/1829] [PDB] 6D2B:A
2026-08-19 12:22:00,739 [WARNING] [UNIPROT] A3F718: used submissionNames
2026-08-19 12:22:00,740 [INFO] [175/1829] [PDB] 7S8F:A
2026-08-19 12:22:00,798 [INFO] [176/1829] [PDB] 7KGP:A
2026-08-19 12:22:00,802 [INFO] [177/1829] [PDB] 1EEY:A
2026-08-19 12:22:00,855 [WARNING] [UNIPROT] F4NBT2: used submissionNames
2026-08-19 12:22:00,855 [INFO] [178/1829] [PDB] 2X4N:A
2026-08-19 12:22:01,597 [WARNING] [UNIPROT] A0A140T913: used submissionNames
2026-08-19 12:22:01,597 [INFO] [179/1829] [PDB] 7N1E:A
2026-08-19 12:22:01,727 [WARNING] [UNIPROT] Q5S3G3: used submissionNames
2026-08-19 12:22:01,728 [INFO] [180/1829] [PDB] 5W1V:A
2026-08-19 12:22:01,758 [INFO] [181/1829] [PDB] 8ROP:A
2026-08-19 12:22:01,797 [INFO] [182/1829] [PDB] 8RHQ:A
2026-08-19 12:22:02,615 [WARNING] [UNIPROT] A0A140T913: used submissionNames
2026-08-19 12:22:02,616 [INFO] [183/1829] [PDB] 6P2S:A
2026-08-19 12:22:02,688 [INFO] [184/1829] [PDB] 7S79:A
2026-08-19 12:22:02,880 [INFO] [185/1829] [PDB] 4F7T:A
2026-08-19 12:22:02,900 [INFO] [186/1829] [PDB] 5JHD:A
2026-08-19 12:22:03,719 [WARNING] [UNIPROT] A0A140T913: used submissionNames
2026-08-19 12:22:03,719 [INFO] [187/1829] [PDB] 7WT4:A
2026-08-19 12:22:03,774 [WARNING] [UNIPROT] A0A140T913: used submissionNames
2026-08-19 12:22:03,775 [INFO] [188/1829] [PDB] 1QVO:A
2026-08-19 12:22:03,787 [INFO] [189/1829] [PDB] 1QEW:A
2026-08-19 12:22:03,832 [INFO] [190/1829] [PDB] 4O2C:A
2026-08-19 12:22:04,832 [INFO] [191/1829] [PDB] 2F53:A
2026-08-19 12:22:04,892 [WARNING] [UNIPROT] S6AU73: used submissionNames
2026-08-19 12:22:04,893 [INFO] [192/1829] [PDB] 7S7F:A
2026-08-19 12:22:04,910 [INFO] [193/1829] [PDB] 7KGQ:A
2026-08-19 12:22:04,916 [INFO] [194/1829] [PDB] 3O3B:A
2026-08-19 12:22:05,599 [WARNING] [UNIPROT] Q861F7: used submissionNames
2026-08-19 12:22:05,600 [INFO] [195/1829] [PDB] 1S9X:A
2026-08-19 12:22:05,782 [INFO] [196/1829] [PDB] 5HGD:A
2026-08-19 12:22:05,967 [INFO] [197/1829] [PDB] 6VB1:A
2026-08-19 12:22:06,122 [INFO] [198/1829] [PDB] 8RYQ:A
2026-08-19 12:22:06,537 [WARNING] [UNIPROT] S6AU73: used submissionNames
2026-08-19 12:22:06,538 [INFO] [199/1829] [PDB] 6TDQ:A
2026-08-19 12:22:06,764 [INFO] [200/1829] [PDB] 7RZD:A
2026-08-19 12:22:06,881 [INFO] [201/1829] [PDB] 3REW:A
2026-08-19 12:22:06,929 [INFO] [202/1829] [PDB] 5ISZ:A
2026-08-19 12:22:07,622 [WARNING] [UNIPROT] Q5S3G3: used submissionNames
2026-08-19 12:22:07,623 [INFO] [203/1829] [PDB] 7WKJ:A
2026-08-19 12:22:07,652 [WARNING] [UNIPROT] Q861F7: used submissionNames
2026-08-19 12:22:07,653 [INFO] [204/1829] [PDB] 6AVF:H
2026-08-19 12:22:07,960 [INFO] [205/1829] [PDB] 5WJN:A
2026-08-19 12:22:08,059 [INFO] [206/1829] [PDB] 8RYP:A
2026-08-19 12:22:08,574 [WARNING] [UNIPROT] F6IQS1: used submissionNames
2026-08-19 12:22:08,575 [INFO] [207/1829] [PDB] 8XFZ:A
2026-08-19 12:22:08,662 [WARNING] [UNIPROT] A0A5H2UYS3: used submissionNames
2026-08-19 12:22:08,662 [INFO] [208/1829] [PDB] 6GL1:A
2026-08-19 12:22:08,754 [INFO] [209/1829] [PDB] 6UZQ:A
2026-08-19 12:22:08,831 [INFO] [210/1829] [PDB] 1QRN:A
2026-08-19 12:22:09,556 [WARNING] [UNIPROT] A0A6M6CC39: used submissionNames
2026-08-19 12:22:09,557 [INFO] [211/1829] [PDB] 6MT4:A
2026-08-19 12:22:09,874 [INFO] [212/1829] [PDB] 5EU3:A
2026-08-19 12:22:09,885 [INFO] [213/1829] [PDB] 5FDW:A
2026-08-19 12:22:10,005 [INFO] [214/1829] [PDB] 8E13:A
2026-08-19 12:22:10,786 [INFO] [215/1829] [PDB] 6TDR:A
2026-08-19 12:22:10,844 [INFO] [216/1829] [PDB] 3FQX:A
2026-08-19 12:22:10,846 [WARNING] [UNIPROT] F4NBQ8: used submissionNames
2026-08-19 12:22:10,847 [INFO] [217/1829] [PDB] 6VM9:A
2026-08-19 12:22:10,936 [INFO] [218/1829] [PDB] 3FT4:A
2026-08-19 12:22:21,699 [WARNING] [UNIPROT] A0A583ZB34: used submissionNames
2026-08-19 12:22:21,700 [INFO] [219/1829] [PDB] 6AM5:A
2026-08-19 12:22:21,796 [INFO] [220/1829] [PDB] 8RYN:A
2026-08-19 12:22:22,051 [INFO] [221/1829] [PDB] 8ROO:A
2026-08-19 12:22:22,190 [INFO] [222/1829] [PDB] 6PAG:A
2026-08-19 12:22:22,834 [INFO] [223/1829] [PDB] 4NO5:A
2026-08-19 12:22:22,863 [WARNING] [UNIPROT] A0A0G2JPD3: used submissionNames
2026-08-19 12:22:22,864 [INFO] [224/1829] [PDB] 5HYJ:A
2026-08-19 12:22:22,961 [INFO] [225/1829] [PDB] 5W69:A
2026-08-19 12:22:23,149 [INFO] [226/1829] [PDB] 6ID4:A
2026-08-19 12:22:23,675 [WARNING] [UNIPROT] D9J307: used submissionNames
2026-08-19 12:22:23,675 [INFO] [227/1829] [PDB] 7MKB:A
2026-08-19 12:22:23,897 [INFO] [228/1829] [PDB] 8EB2:A
2026-08-19 12:22:24,038 [INFO] [229/1829] [PDB] 7NMF:A
2026-08-19 12:22:24,111 [INFO] [230/1829] [PDB] 8DVG:A
2026-08-19 12:22:24,766 [INFO] [231/1829] [PDB] 8GON:A
2026-08-19 12:22:24,848 [WARNING] [UNIPROT] Q5SS57: used submissionNames
2026-08-19 12:22:24,849 [INFO] [232/1829] [PDB] 7OW4:A
2026-08-19 12:22:24,881 [INFO] [233/1829] [PDB] 7P3D:A
2026-08-19 12:22:24,975 [INFO] [234/1829] [PDB] 7P3E:A
2026-08-19 12:22:25,657 [WARNING] [UNIPROT] A0A140T9X5: used submissionNames
2026-08-19 12:22:25,657 [INFO] [235/1829] [PDB] 6JOZ:A
2026-08-19 12:22:25,663 [WARNING] [UNIPROT] F6IQS1: used submissionNames
2026-08-19 12:22:25,663 [INFO] [236/1829] [PDB] 1HSB:A
2026-08-19 12:22:25,944 [WARNING] [UNIPROT] A0A140T913: used submissionNames
2026-08-19 12:22:25,945 [INFO] [237/1829] [PDB] 3MGO:A
2026-08-19 12:22:26,040 [INFO] [238/1829] [PDB] 8RLU:A
2026-08-19 12:22:26,591 [WARNING] [UNIPROT] A0A140T913: used submissionNames
2026-08-19 12:22:26,592 [INFO] [239/1829] [PDB] 5V5L:A
2026-08-19 12:22:26,742 [WARNING] [UNIPROT] A0A583ZB34: used submissionNames
2026-08-19 12:22:26,743 [INFO] [240/1829] [PDB] 6GH1:C
2026-08-19 12:22:26,862 [WARNING] [UNIPROT] S6AU73: used submissionNames
2026-08-19 12:22:26,863 [INFO] [241/1829] [PDB] 4N8V:A
2026-08-19 12:22:26,870 [INFO] [242/1829] [PDB] 3H9H:A
2026-08-19 12:22:27,747 [INFO] [243/1829] [PDB] 6AMT:A
2026-08-19 12:22:27,774 [INFO] [244/1829] [PDB] 1I7T:A
2026-08-19 12:22:27,833 [INFO] [245/1829] [PDB] 1HHI:A
2026-08-19 12:22:27,845 [INFO] [246/1829] [PDB] 7S8E:A
2026-08-19 12:22:28,594 [WARNING] [UNIPROT] A0A140T913: used submissionNames
2026-08-19 12:22:28,595 [INFO] [247/1829] [PDB] 4JFE:A
2026-08-19 12:22:28,724 [INFO] [248/1829] [PDB] 7PB2:A
2026-08-19 12:22:28,814 [INFO] [249/1829] [PDB] 3NFN:A
2026-08-19 12:22:28,835 [INFO] [250/1829] [PDB] 5T6Y:A
2026-08-19 12:22:29,626 [WARNING] [UNIPROT] A0A5H2UYS3: used submissionNames
2026-08-19 12:22:29,627 [INFO] [251/1829] [PDB] 5HGH:A
2026-08-19 12:22:29,790 [INFO] [252/1829] [PDB] 5VUE:A
2026-08-19 12:22:29,886 [WARNING] [UNIPROT] A0A140T913: used submissionNames
2026-08-19 12:22:29,886 [INFO] [253/1829] [PDB] 7MJ7:A
2026-08-19 12:22:29,957 [INFO] [254/1829] [PDB] 7S7D:A
2026-08-19 12:22:30,632 [WARNING] [UNIPROT] A0A583ZB34: used submissionNames
2026-08-19 12:22:30,633 [INFO] [255/1829] [PDB] 5WKF:A
2026-08-19 12:22:30,760 [WARNING] [UNIPROT] A0A140T913: used submissionNames
2026-08-19 12:22:30,761 [INFO] [256/1829] [PDB] 4NQX:A
2026-08-19 12:22:30,842 [INFO] [257/1829] [PDB] 6J29:A
2026-08-19 12:22:31,012 [INFO] [258/1829] [PDB] 4PRN:A
2026-08-19 12:22:31,802 [INFO] [259/1829] [PDB] 5HHM:A
2026-08-19 12:22:31,897 [INFO] [260/1829] [PDB] 3OXR:A
2026-08-19 12:22:31,932 [INFO] [261/1829] [PDB] 7MJ9:A
2026-08-19 12:22:32,023 [INFO] [262/1829] [PDB] 6JTP:A
2026-08-19 12:22:32,747 [INFO] [263/1829] [PDB] 5VUF:A
2026-08-19 12:22:32,792 [INFO] [264/1829] [PDB] 5T6X:A
2026-08-19 12:22:32,854 [INFO] [265/1829] [PDB] 5C07:A
2026-08-19 12:22:32,936 [INFO] [266/1829] [PDB] 3GJF:A
2026-08-19 12:22:33,605 [WARNING] [UNIPROT] C1K0Y1: used submissionNames
2026-08-19 12:22:33,606 [INFO] [267/1829] [PDB] 7LGD:A
2026-08-19 12:22:33,770 [INFO] [268/1829] [PDB] 5BRZ:A
2026-08-19 12:22:33,866 [INFO] [269/1829] [PDB] 5C0C:A
2026-08-19 12:22:33,939 [INFO] [270/1829] [PDB] 8ISN:A
2026-08-19 12:22:34,717 [WARNING] [UNIPROT] A0A583ZB34: used submissionNames
2026-08-19 12:22:34,718 [INFO] [271/1829] [PDB] 3VFN:A
2026-08-19 12:22:34,751 [INFO] [272/1829] [PDB] 7KGT:A
2026-08-19 12:22:34,790 [INFO] [273/1829] [PDB] 3O4L:A
2026-08-19 12:22:34,883 [INFO] [274/1829] [PDB] 5W1W:A
2026-08-19 12:22:35,861 [INFO] [275/1829] [PDB] 2X70:A
2026-08-19 12:22:35,881 [INFO] [276/1829] [PDB] 6Z9X:A
2026-08-19 12:22:36,008 [INFO] [277/1829] [PDB] 2BVO:A
2026-08-19 12:22:36,037 [INFO] [278/1829] [PDB] 3GSO:A
2026-08-19 12:22:36,629 [WARNING] [UNIPROT] D9UAY1: used submissionNames
2026-08-19 12:22:36,630 [INFO] [279/1829] [PDB] 6P64:A
2026-08-19 12:22:36,652 [WARNING] [UNIPROT] A0A140T913: used submissionNames
2026-08-19 12:22:36,653 [INFO] [280/1829] [PDB] 6P2C:A
2026-08-19 12:22:36,746 [INFO] [281/1829] [PDB] 4XXC:A
2026-08-19 12:22:37,004 [INFO] [282/1829] [PDB] 7S8A:A
2026-08-19 12:22:37,666 [WARNING] [UNIPROT] C5MK56: used submissionNames
2026-08-19 12:22:37,667 [INFO] [283/1829] [PDB] 9BL6:A
2026-08-19 12:22:37,744 [WARNING] [UNIPROT] Q5MAG5: used submissionNames
2026-08-19 12:22:37,745 [INFO] [284/1829] [PDB] 6SSA:A
2026-08-19 12:22:37,780 [INFO] [285/1829] [PDB] 8TBW:A
2026-08-19 12:22:38,036 [INFO] [286/1829] [PDB] 3VFP:A
2026-08-19 12:22:38,528 [WARNING] [UNIPROT] A0A140T913: used submissionNames
2026-08-19 12:22:38,528 [INFO] [287/1829] [PDB] 7OW5:A
2026-08-19 12:22:38,761 [INFO] [288/1829] [PDB] 2VLL:A
2026-08-19 12:22:38,878 [WARNING] [UNIPROT] Q861F7: used submissionNames
2026-08-19 12:22:38,878 [INFO] [289/1829] [PDB] 7JYV:A
2026-08-19 12:22:38,897 [INFO] [290/1829] [PDB] 8UTC:A
2026-08-19 12:22:39,549 [WARNING] [UNIPROT] A0A140T913: used submissionNames
2026-08-19 12:22:39,550 [INFO] [291/1829] [PDB] 3MRB:A
2026-08-19 12:22:39,831 [INFO] [292/1829] [PDB] 5SWQ:A
2026-08-19 12:22:39,867 [INFO] [293/1829] [PDB] 8RBU:A
2026-08-19 12:22:39,877 [INFO] [294/1829] [PDB] 3PWL:A
2026-08-19 12:22:40,636 [WARNING] [UNIPROT] A0A140T913: used submissionNames
2026-08-19 12:22:40,637 [INFO] [295/1829] [PDB] 3X13:A
2026-08-19 12:22:40,751 [INFO] [296/1829] [PDB] 2X4S:A
2026-08-19 12:22:40,792 [INFO] [297/1829] [PDB] 4G8G:A
2026-08-19 12:22:40,851 [INFO] [298/1829] [PDB] 3IXA:A
2026-08-19 12:22:41,515 [WARNING] [UNIPROT] C5MK56: used submissionNames
2026-08-19 12:22:41,515 [INFO] [299/1829] [PDB] 7PBC:CCC
2026-08-19 12:22:41,663 [WARNING] [UNIPROT] Q53Z42: used submissionNames
2026-08-19 12:22:41,664 [INFO] [300/1829] [PDB] 6RP9:A
2026-08-19 12:22:41,743 [INFO] [301/1829] [PDB] 7WJ3:A
2026-08-19 12:22:41,865 [INFO] [302/1829] [PDB] 7T5M:A
2026-08-19 12:22:42,616 [WARNING] [UNIPROT] Q5S3G3: used submissionNames
2026-08-19 12:22:42,616 [INFO] [303/1829] [PDB] 3VFU:A
2026-08-19 12:22:42,746 [INFO] [304/1829] [PDB] 1A1N:A
2026-08-19 12:22:42,776 [INFO] [305/1829] [PDB] 5HHO:A
2026-08-19 12:22:42,913 [INFO] [306/1829] [PDB] 4JQV:A
2026-08-19 12:22:43,550 [WARNING] [UNIPROT] Q861F7: used submissionNames
2026-08-19 12:22:43,551 [INFO] [307/1829] [PDB] 6UJ8:A
2026-08-19 12:22:43,694 [WARNING] [UNIPROT] A0A411J078: used submissionNames
2026-08-19 12:22:43,694 [INFO] [308/1829] [PDB] 8F5A:A
2026-08-19 12:22:43,782 [INFO] [309/1829] [PDB] 3LN4:A
2026-08-19 12:22:43,815 [WARNING] [UNIPROT] A0A583ZB34: used submissionNames
2026-08-19 12:22:43,816 [INFO] [310/1829] [PDB] 7R7X:A
2026-08-19 12:22:44,522 [WARNING] [UNIPROT] A0A5H2UYS3: used submissionNames
2026-08-19 12:22:44,523 [INFO] [311/1829] [PDB] 6VB2:A
2026-08-19 12:22:44,853 [INFO] [312/1829] [PDB] 8XG2:A
2026-08-19 12:22:44,923 [INFO] [313/1829] [PDB] 6R2L:A
2026-08-19 12:22:44,997 [INFO] [314/1829] [PDB] 8SBK:A
2026-08-19 12:22:45,638 [WARNING] [UNIPROT] U6BR87: used submissionNames
2026-08-19 12:22:45,638 [INFO] [315/1829] [PDB] 4WUU:A
2026-08-19 12:22:45,640 [WARNING] [UNIPROT] U6BR87: used submissionNames
2026-08-19 12:22:45,641 [INFO] [316/1829] [PDB] 5E00:A
2026-08-19 12:22:45,734 [INFO] [317/1829] [PDB] 5FA4:A
2026-08-19 12:22:45,742 [INFO] [318/1829] [PDB] 8Z08:C
2026-08-19 12:22:46,602 [WARNING] [UNIPROT] F4NBQ8: used submissionNames
2026-08-19 12:22:46,602 [INFO] [319/1829] [PDB] 6MT6:A
2026-08-19 12:22:46,755 [WARNING] [UNIPROT] A0A0G2JPD3: used submissionNames
2026-08-19 12:22:46,756 [INFO] [320/1829] [PDB] 8E8I:A
2026-08-19 12:22:46,898 [INFO] [321/1829] [PDB] 3MRQ:A
2026-08-19 12:22:47,073 [INFO] [322/1829] [PDB] 8TUH:A
2026-08-19 12:22:47,719 [WARNING] [UNIPROT] A0A143Y4R2: used submissionNames
2026-08-19 12:22:47,720 [INFO] [323/1829] [PDB] 1W72:A
2026-08-19 12:22:47,759 [WARNING] [UNIPROT] Q861F7: used submissionNames
2026-08-19 12:22:47,760 [INFO] [324/1829] [PDB] 6G3J:A
2026-08-19 12:22:47,775 [INFO] [325/1829] [PDB] 8SHI:A
2026-08-19 12:22:47,821 [INFO] [326/1829] [PDB] 6O4Z:A
2026-08-19 12:22:48,689 [WARNING] [UNIPROT] A0A858LG55: used submissionNames
2026-08-19 12:22:48,690 [INFO] [327/1829] [PDB] 2VLK:A
2026-08-19 12:22:48,748 [INFO] [328/1829] [PDB] 2P5E:A
2026-08-19 12:22:48,873 [INFO] [329/1829] [PDB] 4O2E:A
2026-08-19 12:22:49,073 [INFO] [330/1829] [PDB] 7LGT:A
2026-08-19 12:22:49,853 [INFO] [331/1829] [PDB] 6O4Y:A
2026-08-19 12:22:49,928 [INFO] [332/1829] [PDB] 3PWN:A
2026-08-19 12:22:50,051 [WARNING] [UNIPROT] A0A5H2UYS3: used submissionNames
2026-08-19 12:22:50,052 [INFO] [333/1829] [PDB] 6PTE:A
2026-08-19 12:22:50,122 [INFO] [334/1829] [PDB] 5C08:A
2026-08-19 12:22:50,765 [INFO] [335/1829] [PDB] 5E9D:A
2026-08-19 12:22:50,869 [INFO] [336/1829] [PDB] 5HHP:A
2026-08-19 12:22:50,992 [INFO] [337/1829] [PDB] 2GJ6:A
2026-08-19 12:22:51,109 [INFO] [338/1829] [PDB] 3MRM:A
2026-08-19 12:22:51,565 [WARNING] [UNIPROT] Q5SS57: used submissionNames
2026-08-19 12:22:51,565 [INFO] [339/1829] [PDB] 6RSY:A
2026-08-19 12:22:51,908 [INFO] [340/1829] [PDB] 6TRO:A
2026-08-19 12:22:51,913 [INFO] [341/1829] [PDB] 8XES:A
2026-08-19 12:22:51,962 [INFO] [342/1829] [PDB] 4PRA:A
2026-08-19 12:22:52,682 [WARNING] [UNIPROT] F6IQM2: used submissionNames
2026-08-19 12:22:52,682 [INFO] [343/1829] [PDB] 8FU4:A
2026-08-19 12:22:52,782 [INFO] [344/1829] [PDB] 3HPJ:A
2026-08-19 12:22:52,786 [INFO] [345/1829] [PDB] 6BXP:A
2026-08-19 12:22:52,891 [INFO] [346/1829] [PDB] 2DYP:A
2026-08-19 12:22:53,619 [WARNING] [UNIPROT] A0A0G2JPD3: used submissionNames
2026-08-19 12:22:53,620 [INFO] [347/1829] [PDB] 3O3E:A
2026-08-19 12:22:53,687 [WARNING] [UNIPROT] Q53Z42: used submissionNames
2026-08-19 12:22:53,688 [INFO] [348/1829] [PDB] 3V5H:A
2026-08-19 12:22:53,742 [WARNING] [UNIPROT] A0A140T913: used submissionNames
2026-08-19 12:22:53,743 [INFO] [349/1829] [PDB] 9SKP:A
2026-08-19 12:22:53,801 [INFO] [350/1829] [PDB] 9WK0:A
2026-08-19 12:22:54,790 [INFO] [351/1829] [PDB] 5WKH:A
2026-08-19 12:22:54,858 [INFO] [352/1829] [PDB] 3SJV:A
2026-08-19 12:22:54,862 [INFO] [353/1829] [PDB] 3BXN:A
2026-08-19 12:22:54,885 [INFO] [354/1829] [PDB] 6O9C:A
2026-08-19 12:22:55,554 [WARNING] [UNIPROT] A0A140T913: used submissionNames
2026-08-19 12:22:55,555 [INFO] [355/1829] [PDB] 3BH8:A
2026-08-19 12:22:55,810 [INFO] [356/1829] [PDB] 8I5E:H
2026-08-19 12:22:55,817 [INFO] [357/1829] [PDB] 3VRJ:A
2026-08-19 12:22:56,026 [INFO] [358/1829] [PDB] 5WMP:A
2026-08-19 12:22:56,587 [WARNING] [UNIPROT] A5I8L1: used submissionNames
2026-08-19 12:22:56,588 [INFO] [359/1829] [PDB] 1I1F:A
2026-08-19 12:22:56,710 [WARNING] [UNIPROT] Q8WLS4: used submissionNames
2026-08-19 12:22:56,710 [INFO] [360/1829] [PDB] 6TRN:A
2026-08-19 12:22:56,889 [INFO] [361/1829] [PDB] 3VFV:A
2026-08-19 12:22:57,039 [INFO] [362/1829] [PDB] 8TBV:A
2026-08-19 12:22:57,678 [WARNING] [UNIPROT] U5YJJ6: used submissionNames
2026-08-19 12:22:57,679 [INFO] [363/1829] [PDB] 6SS9:A
2026-08-19 12:22:57,769 [INFO] [364/1829] [PDB] 8U9G:A
2026-08-19 12:22:57,783 [INFO] [365/1829] [PDB] 5MEN:A
2026-08-19 12:22:57,834 [INFO] [366/1829] [PDB] 5WMN:A
2026-08-19 12:22:58,694 [WARNING] [UNIPROT] C5MK56: used submissionNames
2026-08-19 12:22:58,695 [INFO] [367/1829] [PDB] 7WT5:A
2026-08-19 12:22:58,775 [INFO] [368/1829] [PDB] 3D39:A
2026-08-19 12:22:58,874 [INFO] [369/1829] [PDB] 7L1C:A
2026-08-19 12:22:59,023 [INFO] [370/1829] [PDB] 5IRO:A
2026-08-19 12:22:59,532 [WARNING] [UNIPROT] Q53Z42: used submissionNames
2026-08-19 12:22:59,533 [INFO] [371/1829] [PDB] 6V2P:A
2026-08-19 12:22:59,544 [WARNING] [UNIPROT] A0A140T913: used submissionNames
2026-08-19 12:22:59,545 [INFO] [372/1829] [PDB] 1S9W:A
2026-08-19 12:22:59,669 [WARNING] [UNIPROT] Q56H30: used submissionNames
2026-08-19 12:22:59,669 [INFO] [373/1829] [PDB] 5N6B:A
2026-08-19 12:22:59,874 [INFO] [374/1829] [PDB] 8YZZ:A
2026-08-19 12:23:00,557 [WARNING] [UNIPROT] Q53Z42: used submissionNames
2026-08-19 12:23:00,558 [INFO] [375/1829] [PDB] 6VMA:A
2026-08-19 12:23:00,751 [INFO] [376/1829] [PDB] 7WZZ:A
2026-08-19 12:23:00,900 [INFO] [377/1829] [PDB] 3LN5:A
2026-08-19 12:23:00,927 [INFO] [378/1829] [PDB] 3GSX:A
2026-08-19 12:23:01,591 [WARNING] [UNIPROT] A0A143Y4R2: used submissionNames
2026-08-19 12:23:01,591 [INFO] [379/1829] [PDB] 8EO8:A
2026-08-19 12:23:01,756 [INFO] [380/1829] [PDB] 5V5M:A
2026-08-19 12:23:01,770 [INFO] [381/1829] [PDB] 8EMG:A
2026-08-19 12:23:01,855 [WARNING] [UNIPROT] Q53Z42: used submissionNames
2026-08-19 12:23:01,856 [INFO] [382/1829] [PDB] 7RM4:A
2026-08-19 12:23:02,676 [WARNING] [UNIPROT] A0A109QAI7: used submissionNames
2026-08-19 12:23:02,677 [INFO] [383/1829] [PDB] 7RRG:A
2026-08-19 12:23:02,772 [INFO] [384/1829] [PDB] 2AV1:A
2026-08-19 12:23:02,915 [INFO] [385/1829] [PDB] 8YZR:A
2026-08-19 12:23:03,086 [INFO] [386/1829] [PDB] 7DZN:A
2026-08-19 12:23:03,573 [WARNING] [UNIPROT] F4NBT2: used submissionNames
2026-08-19 12:23:03,574 [INFO] [387/1829] [PDB] 4U6Y:A
2026-08-19 12:23:03,743 [INFO] [388/1829] [PDB] 7SRK:A
2026-08-19 12:23:03,839 [INFO] [389/1829] [PDB] 5C0B:A
2026-08-19 12:23:03,852 [INFO] [390/1829] [PDB] 8ERX:A
2026-08-19 12:23:04,572 [WARNING] [UNIPROT] I3ZN84: used submissionNames
2026-08-19 12:23:04,573 [INFO] [391/1829] [PDB] 8ES9:N
2026-08-19 12:23:04,708 [INFO] [392/1829] [PDB] 6VB0:A
2026-08-19 12:23:04,782 [INFO] [393/1829] [PDB] 8E2Z:A
2026-08-19 12:23:04,799 [INFO] [394/1829] [PDB] 4U1I:A
2026-08-19 12:23:04,918 [INFO] [395/1829] [PDB] 2GUO:A
2026-08-19 12:23:05,633 [WARNING] [UNIPROT] A0A140T913: used submissionNames
2026-08-19 12:23:05,634 [INFO] [396/1829] [PDB] 3L3K:A
2026-08-19 12:23:05,763 [WARNING] [UNIPROT] F4NC28: used submissionNames
2026-08-19 12:23:05,763 [INFO] [397/1829] [PDB] 3UTS:A
2026-08-19 12:23:05,859 [INFO] [398/1829] [PDB] 9BL5:A
2026-08-19 12:23:05,964 [INFO] [399/1829] [PDB] 4UQ3:A
2026-08-19 12:23:06,673 [WARNING] [UNIPROT] A0A143Y4R2: used submissionNames
2026-08-19 12:23:06,674 [INFO] [400/1829] [PDB] 5WXC:A
2026-08-19 12:23:06,816 [WARNING] [UNIPROT] F4NBT2: used submissionNames
2026-08-19 12:23:06,817 [INFO] [401/1829] [PDB] 5T6W:A
2026-08-19 12:23:06,849 [INFO] [402/1829] [PDB] 6JTN:A
2026-08-19 12:23:07,558 [WARNING] [UNIPROT] V6E0U6: used submissionNames
2026-08-19 12:23:07,559 [INFO] [403/1829] [PDB] 1OGA:A
2026-08-19 12:23:07,826 [INFO] [404/1829] [PDB] 6D2T:A
2026-08-19 12:23:07,910 [INFO] [405/1829] [PDB] 6PBH:A
2026-08-19 12:23:08,684 [WARNING] [UNIPROT] Q861F7: used submissionNames
2026-08-19 12:23:08,685 [INFO] [406/1829] [PDB] 5IEH:A
2026-08-19 12:23:08,738 [INFO] [407/1829] [PDB] 1B0G:A
2026-08-19 12:23:08,777 [INFO] [408/1829] [PDB] 7RZJ:A
2026-08-19 12:23:08,875 [WARNING] [UNIPROT] F4NBQ8: used submissionNames
2026-08-19 12:23:08,875 [INFO] [409/1829] [PDB] 6MTL:A
2026-08-19 12:23:09,527 [WARNING] [UNIPROT] Q5SS57: used submissionNames
2026-08-19 12:23:09,527 [INFO] [410/1829] [PDB] 3MR9:A
2026-08-19 12:23:09,936 [INFO] [411/1829] [PDB] 9SKO:A
2026-08-19 12:23:10,112 [INFO] [412/1829] [PDB] 1B0R:A
2026-08-19 12:23:10,308 [INFO] [413/1829] [PDB] 3GSQ:A
2026-08-19 12:23:10,639 [WARNING] [UNIPROT] A0A411J078: used submissionNames
2026-08-19 12:23:10,640 [INFO] [414/1829] [PDB] 2GTW:A
2026-08-19 12:23:10,855 [INFO] [415/1829] [PDB] 3MRC:A
2026-08-19 12:23:10,988 [INFO] [416/1829] [PDB] 9OBF:A
2026-08-19 12:23:11,130 [INFO] [417/1829] [PDB] 3HCV:A
2026-08-19 12:23:21,641 [WARNING] [UNIPROT] C1K0Y1: used submissionNames
2026-08-19 12:23:21,642 [INFO] [418/1829] [PDB] 6EWC:A
2026-08-19 12:23:21,811 [WARNING] [UNIPROT] F6IR24: used submissionNames
2026-08-19 12:23:21,812 [INFO] [419/1829] [PDB] 1AGF:A
2026-08-19 12:23:21,824 [WARNING] [UNIPROT] A5I8L1: used submissionNames
2026-08-19 12:23:21,825 [INFO] [420/1829] [PDB] 4JRX:A
2026-08-19 12:23:21,927 [INFO] [421/1829] [PDB] 8ES8:N
2026-08-19 12:23:22,835 [INFO] [422/1829] [PDB] 3I6G:A
2026-08-19 12:23:22,888 [INFO] [423/1829] [PDB] 4L29:A
2026-08-19 12:23:23,049 [INFO] [424/1829] [PDB] 6BJ2:A
2026-08-19 12:23:23,200 [INFO] [425/1829] [PDB] 7WT3:A
2026-08-19 12:23:23,525 [WARNING] [UNIPROT] Q861F7: used submissionNames
2026-08-19 12:23:23,525 [INFO] [426/1829] [PDB] 4I4W:A
2026-08-19 12:23:23,796 [INFO] [427/1829] [PDB] 7NDU:AAA
2026-08-19 12:23:23,971 [INFO] [428/1829] [PDB] 5EU4:A
2026-08-19 12:23:24,136 [INFO] [429/1829] [PDB] 6VB7:A
2026-08-19 12:23:24,793 [WARNING] [UNIPROT] A0A5H2UYS3: used submissionNames
2026-08-19 12:23:24,794 [INFO] [430/1829] [PDB] 3KPO:A
2026-08-19 12:23:24,847 [INFO] [431/1829] [PDB] 3PWJ:A
2026-08-19 12:23:24,858 [INFO] [432/1829] [PDB] 7N6D:A
2026-08-19 12:23:24,979 [INFO] [433/1829] [PDB] 4E5X:A
2026-08-19 12:23:25,714 [WARNING] [UNIPROT] F4NBQ8: used submissionNames
2026-08-19 12:23:25,715 [INFO] [434/1829] [PDB] 5C09:A
2026-08-19 12:23:25,876 [INFO] [435/1829] [PDB] 1AGD:A
2026-08-19 12:23:25,954 [WARNING] [UNIPROT] Q861F7: used submissionNames
2026-08-19 12:23:25,955 [INFO] [436/1829] [PDB] 7KGR:A
2026-08-19 12:23:25,996 [INFO] [437/1829] [PDB] 1AO7:A
2026-08-19 12:23:26,665 [WARNING] [UNIPROT] A0A140T913: used submissionNames
2026-08-19 12:23:26,665 [INFO] [438/1829] [PDB] 7SIH:A
2026-08-19 12:23:26,779 [INFO] [439/1829] [PDB] 3GSR:A
2026-08-19 12:23:26,793 [INFO] [440/1829] [PDB] 3H7B:A
2026-08-19 12:23:26,851 [INFO] [441/1829] [PDB] 7Q98:A
2026-08-19 12:23:27,533 [WARNING] [UNIPROT] Q861F7: used submissionNames
2026-08-19 12:23:27,534 [INFO] [442/1829] [PDB] 1TVH:A
2026-08-19 12:23:27,769 [INFO] [443/1829] [PDB] 3GSU:A
2026-08-19 12:23:27,861 [INFO] [444/1829] [PDB] 3BZE:A
2026-08-19 12:23:27,920 [INFO] [445/1829] [PDB] 7EJN:A
2026-08-19 12:23:28,535 [WARNING] [UNIPROT] C5MK56: used submissionNames
2026-08-19 12:23:28,536 [INFO] [446/1829] [PDB] 8RJI:A
2026-08-19 12:23:28,927 [INFO] [447/1829] [PDB] 3MRJ:A
2026-08-19 12:23:28,933 [INFO] [448/1829] [PDB] 6UZS:A
2026-08-19 12:23:29,117 [INFO] [449/1829] [PDB] 4FTV:A
2026-08-19 12:23:29,768 [INFO] [450/1829] [PDB] 3HAE:A
2026-08-19 12:23:29,934 [INFO] [451/1829] [PDB] 9J4V:A
2026-08-19 12:23:29,973 [INFO] [452/1829] [PDB] 6UZN:A
2026-08-19 12:23:30,257 [INFO] [453/1829] [PDB] 1QR1:A
2026-08-19 12:23:30,531 [WARNING] [UNIPROT] A0A411J078: used submissionNames
2026-08-19 12:23:30,532 [INFO] [454/1829] [PDB] 6V3J:A
2026-08-19 12:23:30,755 [INFO] [455/1829] [PDB] 5NMF:A
2026-08-19 12:23:30,860 [INFO] [456/1829] [PDB] 7Q9A:A
2026-08-19 12:23:30,934 [INFO] [457/1829] [PDB] 7JYW:A
2026-08-19 12:23:31,641 [WARNING] [UNIPROT] A0A6B7FTL9: used submissionNames
2026-08-19 12:23:31,641 [INFO] [458/1829] [PDB] 2AV7:A
2026-08-19 12:23:31,855 [INFO] [459/1829] [PDB] 22EE:A
2026-08-19 12:23:31,986 [INFO] [460/1829] [PDB] 6PYV:A
2026-08-19 12:23:32,040 [INFO] [461/1829] [PDB] 7N1F:A
2026-08-19 12:23:32,612 [WARNING] [UNIPROT] F4NBQ8: used submissionNames
2026-08-19 12:23:32,613 [INFO] [462/1829] [PDB] 6VM7:A
2026-08-19 12:23:32,691 [WARNING] [UNIPROT] A0A140T913: used submissionNames
2026-08-19 12:23:32,691 [INFO] [463/1829] [PDB] 8EMK:A
2026-08-19 12:23:32,734 [WARNING] [UNIPROT] A0A5H2UYS3: used submissionNames
2026-08-19 12:23:32,735 [INFO] [464/1829] [PDB] 6D2R:A
2026-08-19 12:23:33,020 [INFO] [465/1829] [PDB] 7U21:A
2026-08-19 12:23:33,785 [INFO] [466/1829] [PDB] 5DDH:A
2026-08-19 12:23:33,800 [WARNING] [UNIPROT] A0A5H2UYS3: used submissionNames
2026-08-19 12:23:33,801 [INFO] [467/1829] [PDB] 6TDP:A
2026-08-19 12:23:33,951 [WARNING] [UNIPROT] D9J307: used submissionNames
2026-08-19 12:23:33,951 [INFO] [468/1829] [PDB] 7M8T:A
2026-08-19 12:23:34,304 [INFO] [469/1829] [PDB] 3VFS:A
2026-08-19 12:23:34,599 [WARNING] [UNIPROT] A0A140T913: used submissionNames
2026-08-19 12:23:34,600 [INFO] [470/1829] [PDB] 9EIQ:A
2026-08-19 12:23:34,602 [WARNING] [UNIPROT] A0A140T913: used submissionNames
2026-08-19 12:23:34,603 [INFO] [471/1829] [PDB] 6Z9V:A
2026-08-19 12:23:34,729 [WARNING] [UNIPROT] I3ZN84: used submissionNames
2026-08-19 12:23:34,730 [INFO] [472/1829] [PDB] 3VRI:A
2026-08-19 12:23:34,808 [INFO] [473/1829] [PDB] 4U1L:A
2026-08-19 12:23:35,592 [WARNING] [UNIPROT] F6IQS1: used submissionNames
2026-08-19 12:23:35,593 [INFO] [474/1829] [PDB] 7NMG:A
2026-08-19 12:23:35,656 [WARNING] [UNIPROT] A0A140T913: used submissionNames
2026-08-19 12:23:35,657 [INFO] [475/1829] [PDB] 2BCK:A
2026-08-19 12:23:35,883 [INFO] [476/1829] [PDB] 2RFX:A
2026-08-19 12:23:36,040 [INFO] [477/1829] [PDB] 6UJ9:A
2026-08-19 12:23:36,642 [WARNING] [UNIPROT] A0A140T913: used submissionNames
2026-08-19 12:23:36,642 [INFO] [478/1829] [PDB] 8EK5:A
2026-08-19 12:23:36,803 [WARNING] [UNIPROT] Q53Z42: used submissionNames
2026-08-19 12:23:36,804 [INFO] [479/1829] [PDB] 2BNR:A
2026-08-19 12:23:36,862 [INFO] [480/1829] [PDB] 1AGE:A
2026-08-19 12:23:36,878 [INFO] [481/1829] [PDB] 7QPJ:C
2026-08-19 12:23:37,537 [WARNING] [UNIPROT] A0A5H2UYS3: used submissionNames
2026-08-19 12:23:37,538 [INFO] [482/1829] [PDB] 5EUO:A
2026-08-19 12:23:37,734 [WARNING] [UNIPROT] A0A140T913: used submissionNames
2026-08-19 12:23:37,734 [INFO] [483/1829] [PDB] 3FT3:A
2026-08-19 12:23:37,813 [INFO] [484/1829] [PDB] 3MRH:A
2026-08-19 12:23:37,898 [WARNING] [UNIPROT] F4NBT2: used submissionNames
2026-08-19 12:23:37,899 [INFO] [485/1829] [PDB] 7Q9B:AAA
2026-08-19 12:23:38,572 [WARNING] [UNIPROT] F6IR24: used submissionNames
2026-08-19 12:23:38,573 [INFO] [486/1829] [PDB] 5N1Y:A
2026-08-19 12:23:38,723 [WARNING] [UNIPROT] U5YJK1: used submissionNames
2026-08-19 12:23:38,724 [INFO] [487/1829] [PDB] 6UJO:A
2026-08-19 12:23:38,759 [INFO] [488/1829] [PDB] 4GKS:A
2026-08-19 12:23:38,787 [INFO] [489/1829] [PDB] 6VB6:A
2026-08-19 12:23:39,759 [WARNING] [UNIPROT] A0A140T913: used submissionNames
2026-08-19 12:23:39,760 [INFO] [490/1829] [PDB] 3L3J:A
2026-08-19 12:23:39,821 [INFO] [491/1829] [PDB] 7SR5:A
2026-08-19 12:23:39,857 [INFO] [492/1829] [PDB] 7SIF:A
2026-08-19 12:23:39,982 [INFO] [493/1829] [PDB] 5EOT:A
2026-08-19 12:23:40,611 [WARNING] [UNIPROT] F4NBQ8: used submissionNames
2026-08-19 12:23:40,611 [INFO] [494/1829] [PDB] 5MEP:A
2026-08-19 12:23:40,633 [WARNING] [UNIPROT] U5YJP1: used submissionNames
2026-08-19 12:23:40,633 [INFO] [495/1829] [PDB] 4QRS:A
2026-08-19 12:23:40,767 [INFO] [496/1829] [PDB] 6IEX:A
2026-08-19 12:23:40,881 [INFO] [497/1829] [PDB] 3KYN:A
2026-08-19 12:23:41,790 [INFO] [498/1829] [PDB] 4HWZ:A
2026-08-19 12:23:41,816 [INFO] [499/1829] [PDB] 7MJ8:A
2026-08-19 12:23:41,929 [INFO] [500/1829] [PDB] 3BHB:A
2026-08-19 12:23:41,937 [INFO] [501/1829] [PDB] 8RNH:A
2026-08-19 12:23:42,655 [WARNING] [UNIPROT] A0A499S0B6: used submissionNames
2026-08-19 12:23:42,656 [INFO] [502/1829] [PDB] 6SS7:D
2026-08-19 12:23:42,742 [INFO] [503/1829] [PDB] 6P2F:A
2026-08-19 12:23:42,886 [INFO] [504/1829] [PDB] 5FA3:A
2026-08-19 12:23:42,924 [INFO] [505/1829] [PDB] 3KPP:A
2026-08-19 12:23:43,584 [WARNING] [UNIPROT] A0A140T913: used submissionNames
2026-08-19 12:23:43,585 [INFO] [506/1829] [PDB] 7N2O:A
2026-08-19 12:23:43,780 [WARNING] [UNIPROT] A0A140T913: used submissionNames
2026-08-19 12:23:43,781 [INFO] [507/1829] [PDB] 4MJI:A
2026-08-19 12:23:43,820 [INFO] [508/1829] [PDB] 8UDR:A
2026-08-19 12:23:43,959 [INFO] [509/1829] [PDB] 1I7U:A
2026-08-19 12:23:44,850 [INFO] [510/1829] [PDB] 8SBL:A
2026-08-19 12:23:44,883 [INFO] [511/1829] [PDB] 3LKO:A
2026-08-19 12:23:45,018 [INFO] [512/1829] [PDB] 3RL1:A
2026-08-19 12:23:45,125 [INFO] [513/1829] [PDB] 3HG1:A
2026-08-19 12:23:45,644 [WARNING] [UNIPROT] A3F718: used submissionNames
2026-08-19 12:23:45,645 [INFO] [514/1829] [PDB] 4NNY:A
2026-08-19 12:23:45,757 [INFO] [515/1829] [PDB] 3VXM:A
2026-08-19 12:23:45,922 [INFO] [516/1829] [PDB] 1I7R:A
2026-08-19 12:23:46,531 [WARNING] [UNIPROT] A0A5H2UYS3: used submissionNames
2026-08-19 12:23:46,532 [INFO] [517/1829] [PDB] 5C0E:A
2026-08-19 12:23:46,688 [WARNING] [UNIPROT] A0A5H2UI55: used submissionNames
2026-08-19 12:23:46,689 [INFO] [518/1829] [PDB] 6UZP:A
2026-08-19 12:23:47,087 [INFO] [519/1829] [PDB] 5W67:A
2026-08-19 12:23:47,230 [INFO] [520/1829] [PDB] 7SU9:A
2026-08-19 12:23:47,601 [WARNING] [UNIPROT] S6AU73: used submissionNames
2026-08-19 12:23:47,602 [INFO] [521/1829] [PDB] 6VB5:A
2026-08-19 12:23:48,004 [INFO] [522/1829] [PDB] 4JRY:A
2026-08-19 12:23:48,193 [INFO] [523/1829] [PDB] 2HJL:A
2026-08-19 12:23:48,365 [INFO] [524/1829] [PDB] 3LKN:A
2026-08-19 12:23:48,847 [INFO] [525/1829] [PDB] 6ULK:A
2026-08-19 12:23:49,000 [INFO] [526/1829] [PDB] 3MRG:A
2026-08-19 12:23:49,059 [WARNING] [UNIPROT] D9J307: used submissionNames
2026-08-19 12:23:49,060 [INFO] [527/1829] [PDB] 9YZH:A
2026-08-19 12:23:49,699 [WARNING] [UNIPROT] Q8WLS4: used submissionNames
2026-08-19 12:23:49,699 [INFO] [528/1829] [PDB] 7MJ6:A
2026-08-19 12:23:49,766 [WARNING] [UNIPROT] A0A6S7XV52: used submissionNames
2026-08-19 12:23:49,767 [INFO] [529/1829] [PDB] 3MV9:A
2026-08-19 12:23:49,908 [INFO] [530/1829] [PDB] 6XQA:A
2026-08-19 12:23:50,002 [INFO] [531/1829] [PDB] 8TUB:F
2026-08-19 12:23:50,765 [WARNING] [UNIPROT] Q861F7: used submissionNames
2026-08-19 12:23:50,766 [INFO] [532/1829] [PDB] 5C0F:A
2026-08-19 12:23:50,804 [INFO] [533/1829] [PDB] 3MRP:A
2026-08-19 12:23:50,819 [INFO] [534/1829] [PDB] 4U6X:A
2026-08-19 12:23:50,936 [INFO] [535/1829] [PDB] 3MRO:A
2026-08-19 12:23:51,628 [WARNING] [UNIPROT] A0A5H2UYS3: used submissionNames
2026-08-19 12:23:51,628 [INFO] [536/1829] [PDB] 5WMO:A
2026-08-19 12:23:51,820 [INFO] [537/1829] [PDB] 3UTQ:A
2026-08-19 12:23:51,900 [INFO] [538/1829] [PDB] 3GSV:A
2026-08-19 12:23:51,977 [INFO] [539/1829] [PDB] 5C0D:A
2026-08-19 12:23:52,685 [WARNING] [UNIPROT] A2BF26: used submissionNames
2026-08-19 12:23:52,685 [INFO] [540/1829] [PDB] 1JF1:A
2026-08-19 12:23:52,712 [INFO] [541/1829] [PDB] 2BNQ:A
2026-08-19 12:23:52,775 [INFO] [542/1829] [PDB] 3QFD:A
2026-08-19 12:23:52,854 [INFO] [543/1829] [PDB] 3BH9:A
2026-08-19 12:23:53,615 [WARNING] [UNIPROT] F4NBQ8: used submissionNames
2026-08-19 12:23:53,616 [INFO] [544/1829] [PDB] 6VMX:A
2026-08-19 12:23:53,733 [WARNING] [UNIPROT] C5MK56: used submissionNames
2026-08-19 12:23:53,734 [INFO] [545/1829] [PDB] 4MJ6:A
2026-08-19 12:23:53,800 [INFO] [546/1829] [PDB] 6UZO:A
2026-08-19 12:23:53,926 [WARNING] [UNIPROT] C1K0Y1: used submissionNames
2026-08-19 12:23:53,927 [INFO] [547/1829] [PDB] 1N2R:A
2026-08-19 12:23:54,596 [WARNING] [UNIPROT] A0A140T913: used submissionNames
2026-08-19 12:23:54,596 [INFO] [548/1829] [PDB] 7Q99:A
2026-08-19 12:23:54,799 [INFO] [549/1829] [PDB] 8EMJ:A
2026-08-19 12:23:54,898 [INFO] [550/1829] [PDB] 5TEZ:A
2026-08-19 12:23:54,929 [INFO] [551/1829] [PDB] 3FQN:A
2026-08-19 12:23:55,540 [WARNING] [UNIPROT] F4NBQ8: used submissionNames
2026-08-19 12:23:55,540 [INFO] [552/1829] [PDB] 7SR0:A
2026-08-19 12:23:55,792 [INFO] [553/1829] [PDB] 3VFR:A
2026-08-19 12:23:55,988 [INFO] [554/1829] [PDB] 7N2S:A
2026-08-19 12:23:56,100 [INFO] [555/1829] [PDB] 2HN7:A
2026-08-19 12:23:56,535 [WARNING] [UNIPROT] A0A140T913: used submissionNames
2026-08-19 12:23:56,536 [INFO] [556/1829] [PDB] 3OXS:A
2026-08-19 12:23:56,652 [WARNING] [UNIPROT] F4NBT2: used submissionNames
2026-08-19 12:23:56,652 [INFO] [557/1829] [PDB] 3O3A:A
2026-08-19 12:23:56,742 [INFO] [558/1829] [PDB] 6OPD:A
2026-08-19 12:23:56,907 [INFO] [559/1829] [PDB] 9NW7:A
2026-08-19 12:23:57,747 [INFO] [560/1829] [PDB] 6AMU:A
2026-08-19 12:23:57,863 [INFO] [561/1829] [PDB] 6EWO:A
2026-08-19 12:23:57,913 [INFO] [562/1829] [PDB] 4I48:A
2026-08-19 12:23:58,543 [WARNING] [UNIPROT] A3F718: used submissionNames
2026-08-19 12:23:58,544 [INFO] [563/1829] [PDB] 5IND:A
2026-08-19 12:23:58,662 [WARNING] [UNIPROT] Q861F6: used submissionNames
2026-08-19 12:23:58,663 [INFO] [564/1829] [PDB] 3KLA:A
2026-08-19 12:23:58,781 [INFO] [565/1829] [PDB] 3BWA:A
2026-08-19 12:23:58,955 [INFO] [566/1829] [PDB] 6BXQ:B
2026-08-19 12:23:59,841 [INFO] [567/1829] [PDB] 6O9B:A
2026-08-19 12:23:59,883 [INFO] [568/1829] [PDB] 4WJ5:A
2026-08-19 12:23:59,920 [INFO] [569/1829] [PDB] 7SR3:A
2026-08-19 12:24:00,047 [INFO] [570/1829] [PDB] 4QRP:A
2026-08-19 12:24:00,753 [INFO] [571/1829] [PDB] 5EU6:A
2026-08-19 12:24:00,763 [INFO] [572/1829] [PDB] 5INC:A
2026-08-19 12:24:00,942 [INFO] [573/1829] [PDB] 9BL2:A
2026-08-19 12:24:01,102 [INFO] [574/1829] [PDB] 7X1C:A
2026-08-19 12:24:01,542 [WARNING] [UNIPROT] C5MK56: used submissionNames
2026-08-19 12:24:01,543 [INFO] [575/1829] [PDB] 9EJD:A
2026-08-19 12:24:01,878 [INFO] [576/1829] [PDB] 3MRK:A
2026-08-19 12:24:02,022 [INFO] [577/1829] [PDB] 8ESH:A
2026-08-19 12:24:02,025 [INFO] [578/1829] [PDB] 5VWJ:A
2026-08-19 12:24:02,737 [WARNING] [UNIPROT] A0A678ZMW1: used submissionNames
2026-08-19 12:24:02,737 [INFO] [579/1829] [PDB] 4PR5:A
2026-08-19 12:24:02,997 [INFO] [580/1829] [PDB] 1X7Q:A
2026-08-19 12:24:03,095 [INFO] [581/1829] [PDB] 3LKP:A
2026-08-19 12:24:03,835 [INFO] [582/1829] [PDB] 6SS8:A
2026-08-19 12:24:03,851 [INFO] [583/1829] [PDB] 8Z06:A
2026-08-19 12:24:03,868 [INFO] [584/1829] [PDB] 3VXO:A
2026-08-19 12:24:04,018 [INFO] [585/1829] [PDB] 6VIU:A
2026-08-19 12:24:04,641 [WARNING] [UNIPROT] A0A6S7XV52: used submissionNames
2026-08-19 12:24:04,642 [INFO] [586/1829] [PDB] 8RNE:A
2026-08-19 12:24:04,800 [INFO] [587/1829] [PDB] 6VB4:A
2026-08-19 12:24:05,067 [INFO] [588/1829] [PDB] 3MRE:A
2026-08-19 12:24:05,610 [WARNING] [UNIPROT] A0A143Y4R2: used submissionNames
2026-08-19 12:24:05,610 [INFO] [589/1829] [PDB] 9DL1:F
2026-08-19 12:24:05,675 [WARNING] [UNIPROT] D2KZ37: used submissionNames
2026-08-19 12:24:05,675 [INFO] [590/1829] [PDB] 9SL0:A
2026-08-19 12:24:05,751 [INFO] [591/1829] [PDB] 2AXG:A
2026-08-19 12:24:05,875 [INFO] [592/1829] [PDB] 3QZW:A
2026-08-19 12:24:06,582 [WARNING] [UNIPROT] I3ZN84: used submissionNames
2026-08-19 12:24:06,583 [INFO] [593/1829] [PDB] 6AT5:A
2026-08-19 12:24:06,769 [INFO] [594/1829] [PDB] 3TO2:A
2026-08-19 12:24:06,782 [INFO] [595/1829] [PDB] 1MI5:A
2026-08-19 12:24:06,918 [INFO] [596/1829] [PDB] 3FQR:A
2026-08-19 12:24:07,611 [WARNING] [UNIPROT] Q59EE1: used submissionNames
2026-08-19 12:24:07,611 [WARNING] [UNIPROT] Q59EE1: gene name missing
2026-08-19 12:24:07,612 [INFO] [597/1829] [PDB] 7YG3:A
2026-08-19 12:24:07,759 [INFO] [598/1829] [PDB] 8XKE:A
2026-08-19 12:24:07,819 [INFO] [599/1829] [PDB] 3KPQ:A
2026-08-19 12:24:07,835 [INFO] [600/1829] [PDB] 6VQZ:A
2026-08-19 12:24:08,856 [WARNING] [UNIPROT] A0A5B8RNS7: used submissionNames
2026-08-19 12:24:08,857 [INFO] [601/1829] [PDB] 7SR4:A
2026-08-19 12:24:08,925 [INFO] [602/1829] [PDB] 6MT5:A
2026-08-19 12:24:08,944 [INFO] [603/1829] [PDB] 1K5N:A
2026-08-19 12:24:09,604 [WARNING] [UNIPROT] F4NBQ8: used submissionNames
2026-08-19 12:24:09,604 [INFO] [604/1829] [PDB] 3KYO:A
2026-08-19 12:24:09,640 [WARNING] [UNIPROT] A0A0G2JL56: used submissionNames
2026-08-19 12:24:09,641 [INFO] [605/1829] [PDB] 4JFD:A
2026-08-19 12:24:09,700 [WARNING] [UNIPROT] A0A6S7XV52: used submissionNames
2026-08-19 12:24:09,701 [INFO] [606/1829] [PDB] 8V8Q:A
2026-08-19 12:24:09,743 [INFO] [607/1829] [PDB] 7MLE:A
2026-08-19 12:24:10,539 [WARNING] [UNIPROT] F4NBQ8: used submissionNames
2026-08-19 12:24:10,540 [INFO] [608/1829] [PDB] 7N2P:A
2026-08-19 12:24:10,589 [WARNING] [UNIPROT] O78189: used submissionNames
2026-08-19 12:24:10,590 [INFO] [609/1829] [PDB] 6EQA:A
2026-08-19 12:24:10,704 [WARNING] [UNIPROT] A5I8L1: used submissionNames
2026-08-19 12:24:10,704 [INFO] [610/1829] [PDB] 3MRF:A
2026-08-19 12:24:10,818 [INFO] [611/1829] [PDB] 8EMF:A
2026-08-19 12:24:21,597 [INFO] [612/1829] [PDB] 3DX6:A
2026-08-19 12:24:21,787 [INFO] [613/1829] [PDB] 3MRR:A
2026-08-19 12:24:21,835 [INFO] [614/1829] [PDB] 3VXR:A
2026-08-19 12:24:21,894 [INFO] [615/1829] [PDB] 3MYJ:A
2026-08-19 12:24:22,567 [WARNING] [UNIPROT] F4NBT2: used submissionNames
2026-08-19 12:24:22,568 [INFO] [616/1829] [PDB] 9MIN:A
2026-08-19 12:24:22,638 [WARNING] [UNIPROT] A3F718: used submissionNames
2026-08-19 12:24:22,639 [INFO] [617/1829] [PDB] 3MRD:A
2026-08-19 12:24:22,814 [INFO] [618/1829] [PDB] 5MEO:A
2026-08-19 12:24:22,895 [INFO] [619/1829] [PDB] 7XF3:A
2026-08-19 12:24:23,821 [INFO] [620/1829] [PDB] 5VUD:A
2026-08-19 12:24:23,892 [WARNING] [UNIPROT] F4NBP7: used submissionNames
2026-08-19 12:24:23,893 [INFO] [621/1829] [PDB] 5T6Z:A
2026-08-19 12:24:23,982 [INFO] [622/1829] [PDB] 1AGB:A
2026-08-19 12:24:24,058 [INFO] [623/1829] [PDB] 6O51:A
2026-08-19 12:24:24,563 [WARNING] [UNIPROT] Q53Z42: used submissionNames
2026-08-19 12:24:24,563 [INFO] [624/1829] [PDB] 7N1A:A
2026-08-19 12:24:24,749 [INFO] [625/1829] [PDB] 9NFB:A
2026-08-19 12:24:24,890 [INFO] [626/1829] [PDB] 3AM8:A
2026-08-19 12:24:25,686 [WARNING] [UNIPROT] A0A140T913: used submissionNames
2026-08-19 12:24:25,687 [INFO] [627/1829] [PDB] 9DY8:A
2026-08-19 12:24:25,890 [INFO] [628/1829] [PDB] 5EU5:A
2026-08-19 12:24:26,080 [INFO] [629/1829] [PDB] 6BJ3:A
2026-08-19 12:24:26,216 [INFO] [630/1829] [PDB] 5NMH:A
2026-08-19 12:24:26,596 [WARNING] [UNIPROT] A0A140T913: used submissionNames
2026-08-19 12:24:26,597 [INFO] [631/1829] [PDB] 9MDA:A
2026-08-19 12:24:26,711 [INFO] [632/1829] [PDB] 2FZ3:A
2026-08-19 12:24:26,740 [INFO] [633/1829] [PDB] 6VQY:A
2026-08-19 12:24:26,940 [INFO] [634/1829] [PDB] 6TDO:A
2026-08-19 12:24:27,784 [INFO] [635/1829] [PDB] 2V2X:A
2026-08-19 12:24:27,808 [INFO] [636/1829] [PDB] 6RPB:A
2026-08-19 12:24:27,928 [INFO] [637/1829] [PDB] 5EO0:A
2026-08-19 12:24:27,955 [INFO] [638/1829] [PDB] 3QDM:A
2026-08-19 12:24:28,594 [WARNING] [UNIPROT] O78189: used submissionNames
2026-08-19 12:24:28,595 [INFO] [639/1829] [PDB] 8RNF:A
2026-08-19 12:24:28,596 [WARNING] [UNIPROT] D9J307: used submissionNames
2026-08-19 12:24:28,597 [INFO] [640/1829] [PDB] 4L3E:A
2026-08-19 12:24:28,835 [INFO] [641/1829] [PDB] 8Z07:A
2026-08-19 12:24:28,990 [INFO] [642/1829] [PDB] 3MRN:A
2026-08-19 12:24:29,665 [WARNING] [UNIPROT] A0A3G6II09: used submissionNames
2026-08-19 12:24:29,665 [INFO] [643/1829] [PDB] 4HX1:A
2026-08-19 12:24:29,887 [INFO] [644/1829] [PDB] 6JTO:A
2026-08-19 12:24:30,016 [INFO] [645/1829] [PDB] 4NT6:A
2026-08-19 12:24:30,675 [WARNING] [UNIPROT] A0A6S7XV52: used submissionNames
2026-08-19 12:24:30,675 [INFO] [646/1829] [PDB] 3GIV:A
2026-08-19 12:24:30,755 [INFO] [647/1829] [PDB] 4WU7:A
2026-08-19 12:24:30,821 [INFO] [648/1829] [PDB] 6VMC:A
2026-08-19 12:24:30,899 [INFO] [649/1829] [PDB] 8ELH:A
2026-08-19 12:24:31,548 [WARNING] [UNIPROT] A0A6S7XV52: used submissionNames
2026-08-19 12:24:31,548 [INFO] [650/1829] [PDB] 6AVG:G
2026-08-19 12:24:31,710 [INFO] [651/1829] [PDB] 1AGC:A
2026-08-19 12:24:31,725 [WARNING] [UNIPROT] S6AU73: used submissionNames
2026-08-19 12:24:31,725 [INFO] [652/1829] [PDB] 3D25:A
2026-08-19 12:24:31,826 [INFO] [653/1829] [PDB] 3SPV:A
2026-08-19 12:24:32,410 [WARNING] [UNIPROT] O19626: used submissionNames
2026-08-19 12:24:32,411 [INFO] [654/1829] [PDB] 4U1M:A
2026-08-19 12:24:32,585 [WARNING] [UNIPROT] F6IQS1: used submissionNames
2026-08-19 12:24:32,585 [INFO] [655/1829] [PDB] 4PRI:A
2026-08-19 12:24:32,828 [INFO] [656/1829] [PDB] 5C0J:A
2026-08-19 12:24:32,863 [INFO] [657/1829] [PDB] 1DUZ:A
2026-08-19 12:24:32,957 [INFO] [658/1829] [PDB] 1A1O:A
2026-08-19 12:24:33,653 [WARNING] [UNIPROT] Q59EE1: used submissionNames
2026-08-19 12:24:33,653 [WARNING] [UNIPROT] Q59EE1: gene name missing
2026-08-19 12:24:33,654 [INFO] [659/1829] [PDB] 6V2Q:A
2026-08-19 12:24:33,799 [INFO] [660/1829] [PDB] 7OW3:A
2026-08-19 12:24:33,959 [INFO] [661/1829] [PDB] 5C0A:A
2026-08-19 12:24:34,005 [INFO] [662/1829] [PDB] 7TUC:A
2026-08-19 12:24:34,790 [INFO] [663/1829] [PDB] 8V51:A
2026-08-19 12:24:34,796 [INFO] [664/1829] [PDB] 8RJH:A
2026-08-19 12:24:34,913 [INFO] [665/1829] [PDB] 1TVB:A
2026-08-19 12:24:34,973 [INFO] [666/1829] [PDB] 9YTD:A
2026-08-19 12:24:35,591 [WARNING] [UNIPROT] A0A143Y4R2: used submissionNames
2026-08-19 12:24:35,593 [INFO] [667/1829] [PDB] 2GIT:A
2026-08-19 12:24:35,699 [WARNING] [UNIPROT] I3ZN84: used submissionNames
2026-08-19 12:24:35,700 [INFO] [668/1829] [PDB] 5F7D:A
2026-08-19 12:24:35,771 [INFO] [669/1829] [PDB] 5YXN:C
2026-08-19 12:24:35,781 [INFO] [670/1829] [PDB] 7TLT:A
2026-08-19 12:24:36,530 [WARNING] [UNIPROT] A0A411J078: used submissionNames
2026-08-19 12:24:36,531 [INFO] [671/1829] [PDB] 3VFW:A
2026-08-19 12:24:36,592 [WARNING] [UNIPROT] A5I8L1: used submissionNames
2026-08-19 12:24:36,593 [INFO] [672/1829] [PDB] 6D7G:A
2026-08-19 12:24:36,597 [WARNING] [UNIPROT] A0A583ZB34: used submissionNames
2026-08-19 12:24:36,598 [INFO] [673/1829] [PDB] 8FRT:A
2026-08-19 12:24:36,863 [INFO] [674/1829] [PDB] 3MRI:A
2026-08-19 12:24:37,668 [WARNING] [UNIPROT] B0UXQ0: used submissionNames
2026-08-19 12:24:37,669 [INFO] [675/1829] [PDB] 2GT9:A
2026-08-19 12:24:37,681 [WARNING] [UNIPROT] A0A140T913: used submissionNames
2026-08-19 12:24:37,682 [INFO] [676/1829] [PDB] 6ULN:A
2026-08-19 12:24:37,710 [INFO] [677/1829] [PDB] 5BS0:A
2026-08-19 12:24:37,849 [WARNING] [UNIPROT] C5MK56: used submissionNames
2026-08-19 12:24:37,849 [INFO] [678/1829] [PDB] 6PYJ:A
2026-08-19 12:24:38,755 [INFO] [679/1829] [PDB] 1IM3:A
2026-08-19 12:24:38,866 [INFO] [680/1829] [PDB] 3I6K:A
2026-08-19 12:24:39,085 [INFO] [681/1829] [PDB] 2H6P:A
2026-08-19 12:24:39,588 [WARNING] [UNIPROT] D5H3J5: used submissionNames
2026-08-19 12:24:39,589 [INFO] [682/1829] [PDB] 3VFT:A
2026-08-19 12:24:39,692 [WARNING] [UNIPROT] O19626: used submissionNames
2026-08-19 12:24:39,693 [INFO] [683/1829] [PDB] 7R7V:A
2026-08-19 12:24:39,786 [INFO] [684/1829] [PDB] 8FJA:A
2026-08-19 12:24:39,831 [INFO] [685/1829] [PDB] 7M8U:A
2026-08-19 12:24:40,779 [INFO] [686/1829] [PDB] 4PRP:A
2026-08-19 12:24:40,795 [INFO] [687/1829] [PDB] 7M8S:A
2026-08-19 12:24:40,898 [INFO] [688/1829] [PDB] 3SKO:A
2026-08-19 12:24:41,834 [INFO] [689/1829] [PDB] 3DX7:A
2026-08-19 12:24:41,880 [INFO] [690/1829] [PDB] 1XH3:A
2026-08-19 12:24:41,997 [INFO] [691/1829] [PDB] 3X14:A
2026-08-19 12:24:42,060 [INFO] [692/1829] [PDB] 3BW9:A
2026-08-19 12:24:42,644 [WARNING] [UNIPROT] A0A140T913: used submissionNames
2026-08-19 12:24:42,644 [INFO] [693/1829] [PDB] 5KNM:A
2026-08-19 12:24:42,656 [WARNING] [UNIPROT] Q546I9: used submissionNames
2026-08-19 12:24:42,657 [INFO] [694/1829] [PDB] 7SIG:A
2026-08-19 12:24:42,802 [WARNING] [UNIPROT] C1K0Y1: used submissionNames
2026-08-19 12:24:42,802 [INFO] [695/1829] [PDB] 5C0G:A
2026-08-19 12:24:43,552 [WARNING] [UNIPROT] O78126: used submissionNames
2026-08-19 12:24:43,552 [INFO] [696/1829] [PDB] 2YPL:A
2026-08-19 12:24:43,687 [WARNING] [UNIPROT] C5MK56: used submissionNames
2026-08-19 12:24:43,687 [INFO] [697/1829] [PDB] 5U98:A
2026-08-19 12:24:43,822 [INFO] [698/1829] [PDB] 2V2W:A
2026-08-19 12:24:43,852 [INFO] [699/1829] [PDB] 9J4U:A
2026-08-19 12:24:44,582 [INFO] [700/1829] [PDB] 5NQK:H
2026-08-19 12:24:44,752 [INFO] [701/1829] [PDB] 6PTB:A
2026-08-19 12:24:44,830 [INFO] [702/1829] [PDB] 2GTZ:A
2026-08-19 12:24:44,888 [INFO] [703/1829] [PDB] 5WXD:A
2026-08-19 12:24:45,590 [WARNING] [UNIPROT] S6BVK3: used submissionNames
2026-08-19 12:24:45,590 [INFO] [704/1829] [PDB] 4NNX:A
2026-08-19 12:24:45,601 [WARNING] [UNIPROT] Q8WLS4: used submissionNames
2026-08-19 12:24:45,602 [INFO] [705/1829] [PDB] 9BLA:A
2026-08-19 12:24:45,787 [INFO] [706/1829] [PDB] 8EMI:A
2026-08-19 12:24:45,896 [INFO] [707/1829] [PDB] 5WWI:A
2026-08-19 12:24:46,525 [WARNING] [UNIPROT] Q861F7: used submissionNames
2026-08-19 12:24:46,525 [INFO] [708/1829] [PDB] 7X00:A
2026-08-19 12:24:46,813 [INFO] [709/1829] [PDB] 5NHT:H
2026-08-19 12:24:46,884 [INFO] [710/1829] [PDB] 7UR1:A
2026-08-19 12:24:46,897 [INFO] [711/1829] [PDB] 3L3G:A
2026-08-19 12:24:47,652 [WARNING] [UNIPROT] F4NBT2: used submissionNames
2026-08-19 12:24:47,653 [INFO] [712/1829] [PDB] 3BGM:A
2026-08-19 12:24:47,679 [WARNING] [UNIPROT] A0A411J078: used submissionNames
2026-08-19 12:24:47,680 [INFO] [713/1829] [PDB] 4NO2:A
2026-08-19 12:24:47,758 [INFO] [714/1829] [PDB] 8YZW:D
2026-08-19 12:24:47,797 [INFO] [715/1829] [PDB] 7L1B:A
2026-08-19 12:24:48,838 [INFO] [716/1829] [PDB] 4U1N:A
2026-08-19 12:24:48,878 [INFO] [717/1829] [PDB] 1SYS:A
2026-08-19 12:24:48,918 [INFO] [718/1829] [PDB] 1EEZ:A
2026-08-19 12:24:48,958 [INFO] [719/1829] [PDB] 5C0I:A
2026-08-19 12:24:49,574 [WARNING] [UNIPROT] F4NC28: used submissionNames
2026-08-19 12:24:49,575 [INFO] [720/1829] [PDB] 7N2N:A
2026-08-19 12:24:49,633 [WARNING] [UNIPROT] Q546I9: used submissionNames
2026-08-19 12:24:49,634 [INFO] [721/1829] [PDB] 3W39:A
2026-08-19 12:24:49,718 [WARNING] [UNIPROT] Q53Z42: used submissionNames
2026-08-19 12:24:49,719 [INFO] [722/1829] [PDB] 2X4P:A
2026-08-19 12:24:49,922 [INFO] [723/1829] [PDB] 7S8R:A
2026-08-19 12:24:50,835 [INFO] [724/1829] [PDB] 4PRB:A
2026-08-19 12:24:50,867 [INFO] [725/1829] [PDB] 7STG:A
2026-08-19 12:24:50,892 [INFO] [726/1829] [PDB] 1SYV:A
2026-08-19 12:24:50,962 [INFO] [727/1829] [PDB] 9UV8:A
2026-08-19 12:24:51,815 [INFO] [728/1829] [PDB] 9GV6:A
2026-08-19 12:24:51,848 [INFO] [729/1829] [PDB] 9O5S:A
2026-08-19 12:24:51,866 [INFO] [730/1829] [PDB] 1A1M:A
2026-08-19 12:24:51,958 [INFO] [731/1829] [PDB] 9O55:A
2026-08-19 12:24:52,767 [INFO] [732/1829] [PDB] 3W0W:A
2026-08-19 12:24:52,768 [WARNING] [UNIPROT] A0A143Y4R2: used submissionNames
2026-08-19 12:24:52,770 [INFO] [733/1829] [PDB] 7DZM:A
2026-08-19 12:24:52,778 [INFO] [734/1829] [PDB] 4PRH:A
2026-08-19 12:24:52,868 [INFO] [735/1829] [PDB] 3KPL:A
2026-08-19 12:24:53,709 [WARNING] [UNIPROT] A0A5B8RNS7: used submissionNames
2026-08-19 12:24:53,710 [INFO] [736/1829] [PDB] 6ULR:A
2026-08-19 12:24:53,794 [INFO] [737/1829] [PDB] 6O53:A
2026-08-19 12:24:53,878 [WARNING] [UNIPROT] A0A7T8G1P3: used submissionNames
2026-08-19 12:24:53,878 [INFO] [738/1829] [PDB] 6UJQ:A
2026-08-19 12:24:54,072 [INFO] [739/1829] [PDB] 3BVN:A
2026-08-19 12:24:54,537 [WARNING] [UNIPROT] C5MK56: used submissionNames
2026-08-19 12:24:54,538 [INFO] [740/1829] [PDB] 6VRM:A
2026-08-19 12:24:54,702 [WARNING] [UNIPROT] A3F718: used submissionNames
2026-08-19 12:24:54,704 [INFO] [741/1829] [PDB] 2FYY:A
2026-08-19 12:24:54,752 [WARNING] [UNIPROT] I3ZN85: used submissionNames
2026-08-19 12:24:54,752 [INFO] [742/1829] [PDB] 6TDS:A
2026-08-19 12:24:54,812 [INFO] [743/1829] [PDB] 1JHT:A
2026-08-19 12:24:55,648 [WARNING] [UNIPROT] U5YJK1: used submissionNames
2026-08-19 12:24:55,648 [INFO] [744/1829] [PDB] 5VWH:A
2026-08-19 12:24:55,699 [WARNING] [UNIPROT] A0A140T913: used submissionNames
2026-08-19 12:24:55,699 [INFO] [745/1829] [PDB] 9EK4:A
2026-08-19 12:24:55,795 [WARNING] [UNIPROT] Q56H30: used submissionNames
2026-08-19 12:24:55,796 [INFO] [746/1829] [PDB] 2VLJ:A
2026-08-19 12:24:55,804 [INFO] [747/1829] [PDB] 1E28:A
2026-08-19 12:24:56,531 [WARNING] [UNIPROT] C5MK56: used submissionNames
2026-08-19 12:24:56,531 [INFO] [748/1829] [PDB] 7UC5:A
2026-08-19 12:24:56,675 [WARNING] [UNIPROT] O19626: used submissionNames
2026-08-19 12:24:56,676 [INFO] [749/1829] [PDB] 2X4Q:D
2026-08-19 12:24:56,777 [WARNING] [UNIPROT] F6IQS1: used submissionNames
2026-08-19 12:24:56,778 [INFO] [750/1829] [PDB] 5YXU:E
2026-08-19 12:24:56,927 [INFO] [751/1829] [PDB] 4NO3:A
2026-08-19 12:24:57,780 [WARNING] [UNIPROT] A5I8L1: used submissionNames
2026-08-19 12:24:57,782 [INFO] [752/1829] [PDB] 3CDG:A
2026-08-19 12:24:57,816 [INFO] [753/1829] [PDB] 3D18:A
2026-08-19 12:24:57,851 [INFO] [754/1829] [PDB] 4UQ2:C
2026-08-19 12:24:58,833 [INFO] [755/1829] [PDB] 1ZHK:A
2026-08-19 12:24:58,841 [INFO] [756/1829] [PDB] 8VCL:A
2026-08-19 12:24:58,943 [INFO] [757/1829] [PDB] 6D29:A
2026-08-19 12:24:59,006 [INFO] [758/1829] [PDB] 4U1J:A
2026-08-19 12:24:59,668 [WARNING] [UNIPROT] C1K0Y1: used submissionNames
2026-08-19 12:24:59,669 [INFO] [759/1829] [PDB] 7L1D:A
2026-08-19 12:24:59,755 [INFO] [760/1829] [PDB] 8CX4:A
2026-08-19 12:24:59,866 [WARNING] [UNIPROT] U5YJP1: used submissionNames
2026-08-19 12:24:59,866 [INFO] [761/1829] [PDB] 4U1S:A
2026-08-19 12:25:00,021 [WARNING] [UNIPROT] A0A140T913: used submissionNames
2026-08-19 12:25:00,022 [INFO] [762/1829] [PDB] 3LKQ:A
2026-08-19 12:25:00,813 [INFO] [763/1829] [PDB] 6RPA:A
2026-08-19 12:25:00,848 [INFO] [764/1829] [PDB] 8GOM:A
2026-08-19 12:25:00,870 [INFO] [765/1829] [PDB] 6E1I:A
2026-08-19 12:25:01,041 [INFO] [766/1829] [PDB] 5NME:A
2026-08-19 12:25:01,627 [WARNING] [UNIPROT] A3F718: used submissionNames
2026-08-19 12:25:01,627 [INFO] [767/1829] [PDB] 6VR5:A
2026-08-19 12:25:02,010 [INFO] [768/1829] [PDB] 3KPM:A
2026-08-19 12:25:02,034 [INFO] [769/1829] [PDB] 7TUE:A
2026-08-19 12:25:02,587 [WARNING] [UNIPROT] A0A140T913: used submissionNames
2026-08-19 12:25:02,588 [INFO] [770/1829] [PDB] 9NMW:A
2026-08-19 12:25:02,844 [INFO] [771/1829] [PDB] 3FFC:A
2026-08-19 12:25:02,898 [INFO] [772/1829] [PDB] 7PDW:CCC
2026-08-19 12:25:03,182 [INFO] [773/1829] [PDB] 6AT9:A
2026-08-19 12:25:03,643 [WARNING] [UNIPROT] D5H3J5: used submissionNames
2026-08-19 12:25:03,644 [INFO] [774/1829] [PDB] 4MJ5:A
2026-08-19 12:25:03,835 [INFO] [775/1829] [PDB] 9GV7:A
2026-08-19 12:25:04,010 [INFO] [776/1829] [PDB] 1XR8:A
2026-08-19 12:25:04,212 [INFO] [777/1829] [PDB] 9NW8:A
2026-08-19 12:25:04,579 [WARNING] [UNIPROT] A5I8L1: used submissionNames
2026-08-19 12:25:04,579 [INFO] [778/1829] [PDB] 4JFQ:A
2026-08-19 12:25:04,806 [INFO] [779/1829] [PDB] 7RE8:A
2026-08-19 12:25:04,978 [INFO] [780/1829] [PDB] 3DTX:A
2026-08-19 12:25:05,061 [INFO] [781/1829] [PDB] 5T70:A
2026-08-19 12:25:05,703 [WARNING] [UNIPROT] A0A5B8RNS7: used submissionNames
2026-08-19 12:25:05,703 [INFO] [782/1829] [PDB] 8RNI:A
2026-08-19 12:25:05,737 [WARNING] [UNIPROT] A0A678ZGP6: used submissionNames
2026-08-19 12:25:05,737 [INFO] [783/1829] [PDB] 7R7W:A
2026-08-19 12:25:05,799 [INFO] [784/1829] [PDB] 6VQ2:A
2026-08-19 12:25:05,823 [INFO] [785/1829] [PDB] 6DKP:A
2026-08-19 12:25:06,541 [WARNING] [UNIPROT] A0A140T913: used submissionNames
2026-08-19 12:25:06,542 [INFO] [786/1829] [PDB] 9ASF:A
2026-08-19 12:25:06,642 [WARNING] [UNIPROT] A0A140T913: used submissionNames
2026-08-19 12:25:06,643 [INFO] [787/1829] [PDB] 2X4T:D
2026-08-19 12:25:07,015 [INFO] [788/1829] [PDB] 7K81:A
2026-08-19 12:25:07,199 [INFO] [789/1829] [PDB] 5IEK:A
2026-08-19 12:25:07,532 [WARNING] [UNIPROT] O78189: used submissionNames
2026-08-19 12:25:07,533 [INFO] [790/1829] [PDB] 3DX8:A
2026-08-19 12:25:07,537 [WARNING] [UNIPROT] Q861F7: used submissionNames
2026-08-19 12:25:07,539 [INFO] [791/1829] [PDB] 5GSD:A
2026-08-19 12:25:07,541 [WARNING] [UNIPROT] S6BVK3: used submissionNames
2026-08-19 12:25:07,542 [INFO] [792/1829] [PDB] 9CX0:A
2026-08-19 12:25:07,891 [INFO] [793/1829] [PDB] 6VQO:A
2026-08-19 12:25:08,609 [WARNING] [UNIPROT] A0A5H2UYS3: used submissionNames
2026-08-19 12:25:08,610 [INFO] [794/1829] [PDB] 6V2O:A
2026-08-19 12:25:08,808 [INFO] [795/1829] [PDB] 28IL:F
2026-08-19 12:25:08,917 [INFO] [796/1829] [PDB] 6PZ5:A
2026-08-19 12:25:08,999 [INFO] [797/1829] [PDB] 5MEQ:A
2026-08-19 12:25:09,781 [INFO] [798/1829] [PDB] 4LNR:A
2026-08-19 12:25:09,800 [INFO] [799/1829] [PDB] 4JFO:A
2026-08-19 12:25:09,928 [INFO] [800/1829] [PDB] 6K60:A
2026-08-19 12:25:10,053 [INFO] [801/1829] [PDB] 4PRE:A
2026-08-19 12:25:10,553 [WARNING] [UNIPROT] A0A411J078: used submissionNames
2026-08-19 12:25:10,554 [INFO] [802/1829] [PDB] 8REF:A
2026-08-19 12:25:10,564 [WARNING] [UNIPROT] U6BR87: used submissionNames
2026-08-19 12:25:10,565 [INFO] [803/1829] [PDB] 6UZM:A
2026-08-19 12:25:10,740 [INFO] [804/1829] [PDB] 3LKS:A
2026-08-19 12:25:10,952 [INFO] [805/1829] [PDB] 6BJ8:A
2026-08-19 12:25:21,686 [WARNING] [UNIPROT] C5MK56: used submissionNames
2026-08-19 12:25:21,686 [INFO] [806/1829] [PDB] 3MRL:A
2026-08-19 12:25:21,798 [INFO] [807/1829] [PDB] 1ZSD:A
2026-08-19 12:25:21,899 [INFO] [808/1829] [PDB] 4QRQ:A
2026-08-19 12:25:22,003 [INFO] [809/1829] [PDB] 9NMY:A
2026-08-19 12:25:22,646 [INFO] [810/1829] [PDB] 3MV7:A
2026-08-19 12:25:22,743 [INFO] [811/1829] [PDB] 9CX1:A
2026-08-19 12:25:22,883 [INFO] [812/1829] [PDB] 1JGD:A
2026-08-19 12:25:22,918 [INFO] [813/1829] [PDB] 6TMO:A
2026-08-19 12:25:23,646 [WARNING] [UNIPROT] C5IYE8: used submissionNames
2026-08-19 12:25:23,647 [INFO] [814/1829] [PDB] 7R80:C
2026-08-19 12:25:23,756 [INFO] [815/1829] [PDB] 7K80:A
2026-08-19 12:25:23,776 [INFO] [816/1829] [PDB] 6Q3K:A
2026-08-19 12:25:23,934 [INFO] [817/1829] [PDB] 9K2I:A
2026-08-19 12:25:24,678 [WARNING] [UNIPROT] A0A140T913: used submissionNames
2026-08-19 12:25:24,678 [INFO] [818/1829] [PDB] 1ZHL:A
2026-08-19 12:25:24,726 [WARNING] [UNIPROT] A0A5B8RNS7: used submissionNames
2026-08-19 12:25:24,727 [INFO] [819/1829] [PDB] 2YPK:A
2026-08-19 12:25:24,763 [INFO] [820/1829] [PDB] 3VCL:A
2026-08-19 12:25:24,799 [INFO] [821/1829] [PDB] 7R7Y:A
2026-08-19 12:25:25,635 [WARNING] [UNIPROT] S6BVK3: used submissionNames
2026-08-19 12:25:25,636 [INFO] [822/1829] [PDB] 8F7M:A
2026-08-19 12:25:25,668 [WARNING] [UNIPROT] A5I8L1: used submissionNames
2026-08-19 12:25:25,669 [INFO] [823/1829] [PDB] 8K50:A
2026-08-19 12:25:25,792 [INFO] [824/1829] [PDB] 9CWY:A
2026-08-19 12:25:26,312 [INFO] [825/1829] [PDB] 8DNT:E
2026-08-19 12:25:26,541 [WARNING] [UNIPROT] U6BR87: used submissionNames
2026-08-19 12:25:26,542 [INFO] [826/1829] [PDB] 1W0W:A
2026-08-19 12:25:26,662 [WARNING] [UNIPROT] A0A5H2UYS3: used submissionNames
2026-08-19 12:25:26,663 [INFO] [827/1829] [PDB] 7PHR:H
2026-08-19 12:25:26,710 [WARNING] [UNIPROT] F4NBQ8: used submissionNames
2026-08-19 12:25:26,711 [INFO] [828/1829] [PDB] 5VGD:A
2026-08-19 12:25:26,832 [INFO] [829/1829] [PDB] 7STF:A
2026-08-19 12:25:27,813 [INFO] [830/1829] [PDB] 7EU2:A
2026-08-19 12:25:27,828 [WARNING] [UNIPROT] U6BR87: used submissionNames
2026-08-19 12:25:27,828 [INFO] [831/1829] [PDB] 9ASG:A
2026-08-19 12:25:27,858 [INFO] [832/1829] [PDB] 6VR1:A
2026-08-19 12:25:27,922 [INFO] [833/1829] [PDB] 9LLU:A
2026-08-19 12:25:28,674 [WARNING] [UNIPROT] C5IWY0: used submissionNames
2026-08-19 12:25:28,675 [INFO] [834/1829] [PDB] 1M6O:A
2026-08-19 12:25:28,806 [INFO] [835/1829] [PDB] 9BL3:A
2026-08-19 12:25:28,816 [INFO] [836/1829] [PDB] 6EWA:A
2026-08-19 12:25:28,960 [INFO] [837/1829] [PDB] 5XOS:A
2026-08-19 12:25:29,546 [WARNING] [UNIPROT] Q8WLS4: used submissionNames
2026-08-19 12:25:29,546 [INFO] [838/1829] [PDB] 6PYL:A
2026-08-19 12:25:29,564 [WARNING] [UNIPROT] A0A140T913: used submissionNames
2026-08-19 12:25:29,565 [INFO] [839/1829] [PDB] 6Y26:A
2026-08-19 12:25:29,897 [INFO] [840/1829] [PDB] 7ST3:A
2026-08-19 12:25:30,099 [INFO] [841/1829] [PDB] 5DEF:A
2026-08-19 12:25:30,693 [WARNING] [UNIPROT] U5YKE0: used submissionNames
2026-08-19 12:25:30,693 [INFO] [842/1829] [PDB] 2AK4:A
2026-08-19 12:25:30,754 [INFO] [843/1829] [PDB] 1I1Y:A
2026-08-19 12:25:30,855 [INFO] [844/1829] [PDB] 5WMQ:A
2026-08-19 12:25:31,103 [INFO] [845/1829] [PDB] 6NCA:I
2026-08-19 12:25:31,725 [INFO] [846/1829] [PDB] 4U1H:A
2026-08-19 12:25:31,845 [INFO] [847/1829] [PDB] 8K4T:A
2026-08-19 12:25:31,912 [INFO] [848/1829] [PDB] 9HKQ:B
2026-08-19 12:25:32,551 [WARNING] [UNIPROT] A0A5H2UU57: used submissionNames
2026-08-19 12:25:32,551 [INFO] [849/1829] [PDB] 3VH8:A
2026-08-19 12:25:32,807 [INFO] [850/1829] [PDB] 8Z05:A
2026-08-19 12:25:32,905 [INFO] [851/1829] [PDB] 9RCV:G
2026-08-19 12:25:33,528 [WARNING] [UNIPROT] Q8WLS4: used submissionNames
2026-08-19 12:25:33,529 [INFO] [852/1829] [PDB] 1W0V:A
2026-08-19 12:25:33,762 [INFO] [853/1829] [PDB] 5GRG:A
2026-08-19 12:25:33,891 [INFO] [854/1829] [PDB] 2HJK:A
2026-08-19 12:25:33,928 [INFO] [855/1829] [PDB] 3VFO:A
2026-08-19 12:25:34,530 [WARNING] [UNIPROT] Q8WLS4: used submissionNames
2026-08-19 12:25:34,531 [INFO] [856/1829] [PDB] 7SSH:A
2026-08-19 12:25:34,574 [WARNING] [UNIPROT] A0A140T955: used submissionNames
2026-08-19 12:25:34,574 [INFO] [857/1829] [PDB] 3L3I:A
2026-08-19 12:25:34,779 [WARNING] [UNIPROT] I3ZN84: used submissionNames
2026-08-19 12:25:34,780 [INFO] [858/1829] [PDB] 6PA1:A
2026-08-19 12:25:34,787 [WARNING] [UNIPROT] A0A678ZHF8: used submissionNames
2026-08-19 12:25:34,787 [INFO] [859/1829] [PDB] 3HLA:A
2026-08-19 12:25:35,584 [WARNING] [UNIPROT] C5MK56: used submissionNames
2026-08-19 12:25:35,585 [INFO] [860/1829] [PDB] 2X4O:D
2026-08-19 12:25:35,775 [WARNING] [UNIPROT] A0A6B7HFJ9: used submissionNames
2026-08-19 12:25:35,776 [INFO] [861/1829] [PDB] 9C6X:A
2026-08-19 12:25:35,796 [INFO] [862/1829] [PDB] 9NMU:A
2026-08-19 12:25:35,844 [INFO] [863/1829] [PDB] 1HHJ:A
2026-08-19 12:25:36,777 [INFO] [864/1829] [PDB] 7ALO:A
2026-08-19 12:25:36,892 [INFO] [865/1829] [PDB] 5B38:A
2026-08-19 12:25:36,894 [INFO] [866/1829] [PDB] 7SQP:A
2026-08-19 12:25:37,011 [INFO] [867/1829] [PDB] 2PYE:A
2026-08-19 12:25:37,596 [WARNING] [UNIPROT] A5I8L1: used submissionNames
2026-08-19 12:25:37,597 [INFO] [868/1829] [PDB] 3KPS:A
2026-08-19 12:25:37,831 [INFO] [869/1829] [PDB] 3LKR:A
2026-08-19 12:25:37,868 [INFO] [870/1829] [PDB] 9NW9:A
2026-08-19 12:25:37,910 [INFO] [871/1829] [PDB] 9XJD:B
2026-08-19 12:25:38,554 [WARNING] [UNIPROT] A0A2R7Z5J3: used submissionNames
2026-08-19 12:25:38,555 [INFO] [872/1829] [PDB] 6VQE:A
2026-08-19 12:25:38,612 [WARNING] [UNIPROT] A0A678ZGP6: used submissionNames
2026-08-19 12:25:38,612 [INFO] [873/1829] [PDB] 3B3I:A
2026-08-19 12:25:38,825 [INFO] [874/1829] [PDB] 5GRD:A
2026-08-19 12:25:38,883 [INFO] [875/1829] [PDB] 6G3K:A
2026-08-19 12:25:39,824 [INFO] [876/1829] [PDB] 2X4R:D
2026-08-19 12:25:39,854 [INFO] [877/1829] [PDB] 8GVB:H
2026-08-19 12:25:39,899 [INFO] [878/1829] [PDB] 8VJZ:A
2026-08-19 12:25:39,955 [INFO] [879/1829] [PDB] 4PRD:A
2026-08-19 12:25:40,608 [WARNING] [UNIPROT] Q9MYI6: used submissionNames
2026-08-19 12:25:40,609 [INFO] [880/1829] [PDB] 4L3C:A
2026-08-19 12:25:40,645 [WARNING] [UNIPROT] O78189: used submissionNames
2026-08-19 12:25:40,646 [INFO] [881/1829] [PDB] 6D78:A
2026-08-19 12:25:40,979 [INFO] [882/1829] [PDB] 8V4Z:A
2026-08-19 12:25:41,753 [INFO] [883/1829] [PDB] 6VRN:A
2026-08-19 12:25:41,930 [INFO] [884/1829] [PDB] 8TNJ:A
2026-08-19 12:25:42,618 [WARNING] [UNIPROT] F4NBT2: used submissionNames
2026-08-19 12:25:42,618 [INFO] [885/1829] [PDB] 5NMG:A
2026-08-19 12:25:42,852 [WARNING] [UNIPROT] A0A143Y239: used submissionNames
2026-08-19 12:25:42,852 [INFO] [886/1829] [PDB] 4QRU:A
2026-08-19 12:25:42,889 [INFO] [887/1829] [PDB] 9BL9:A
2026-08-19 12:25:43,212 [INFO] [888/1829] [PDB] 3KPR:A
2026-08-19 12:25:43,718 [WARNING] [UNIPROT] A0A140T913: used submissionNames
2026-08-19 12:25:43,718 [INFO] [889/1829] [PDB] 2CIK:A
2026-08-19 12:25:43,832 [INFO] [890/1829] [PDB] 4K7F:A
2026-08-19 12:25:44,033 [INFO] [891/1829] [PDB] 7T0L:A
2026-08-19 12:25:44,538 [WARNING] [UNIPROT] F6IQZ4: used submissionNames
2026-08-19 12:25:44,538 [INFO] [892/1829] [PDB] 3KWW:A
2026-08-19 12:25:44,787 [INFO] [893/1829] [PDB] 2BVQ:A
2026-08-19 12:25:44,813 [INFO] [894/1829] [PDB] 3VFM:A
2026-08-19 12:25:44,855 [INFO] [895/1829] [PDB] 2BSS:A
2026-08-19 12:25:45,565 [WARNING] [UNIPROT] C5MK56: used submissionNames
2026-08-19 12:25:45,566 [INFO] [896/1829] [PDB] 3L3D:A
2026-08-19 12:25:45,615 [WARNING] [UNIPROT] O19626: used submissionNames
2026-08-19 12:25:45,615 [INFO] [897/1829] [PDB] 2NW3:A
2026-08-19 12:25:46,044 [INFO] [898/1829] [PDB] 7X1B:A
2026-08-19 12:25:46,753 [INFO] [899/1829] [PDB] 3QDG:A
2026-08-19 12:25:46,834 [INFO] [900/1829] [PDB] 4JQX:A
2026-08-19 12:25:46,874 [INFO] [901/1829] [PDB] 5MER:A
2026-08-19 12:25:46,945 [INFO] [902/1829] [PDB] 9J4T:A
2026-08-19 12:25:47,901 [WARNING] [UNIPROT] A0A411J078: used submissionNames
2026-08-19 12:25:47,901 [INFO] [903/1829] [PDB] 9NMV:A
2026-08-19 12:25:48,078 [WARNING] [UNIPROT] A0A858LJX3: used submissionNames
2026-08-19 12:25:48,078 [INFO] [904/1829] [PDB] 3DXA:A
2026-08-19 12:25:48,682 [WARNING] [UNIPROT] A3F718: used submissionNames
2026-08-19 12:25:48,683 [INFO] [905/1829] [PDB] 2BST:A
2026-08-19 12:25:48,787 [INFO] [906/1829] [PDB] 4QRT:A
2026-08-19 12:25:48,795 [INFO] [907/1829] [PDB] 9BL4:A
2026-08-19 12:25:48,845 [INFO] [908/1829] [PDB] 8RJ5:A
2026-08-19 12:25:49,545 [WARNING] [UNIPROT] A0A6S7XV52: used submissionNames
2026-08-19 12:25:49,546 [INFO] [909/1829] [PDB] 6VB3:A
2026-08-19 12:25:49,791 [WARNING] [UNIPROT] A0A678ZGP6: used submissionNames
2026-08-19 12:25:49,791 [INFO] [910/1829] [PDB] 8FJB:A
2026-08-19 12:25:49,814 [INFO] [911/1829] [PDB] 5D2L:A
2026-08-19 12:25:49,956 [INFO] [912/1829] [PDB] 9WVF:A
2026-08-19 12:25:50,686 [WARNING] [UNIPROT] I3ZN84: used submissionNames
2026-08-19 12:25:50,686 [INFO] [913/1829] [PDB] 6EQB:A
2026-08-19 12:25:50,771 [INFO] [914/1829] [PDB] 9NW6:A
2026-08-19 12:25:50,860 [WARNING] [UNIPROT] C5MK56: used submissionNames
2026-08-19 12:25:50,860 [INFO] [915/1829] [PDB] 6PYW:A
2026-08-19 12:25:50,912 [INFO] [916/1829] [PDB] 3QEQ:A
2026-08-19 12:25:51,584 [WARNING] [UNIPROT] F4NBQ1: used submissionNames
2026-08-19 12:25:51,585 [INFO] [917/1829] [PDB] 7CIR:A
2026-08-19 12:25:51,853 [WARNING] [UNIPROT] R5AK10: used submissionNames
2026-08-19 12:25:51,854 [INFO] [918/1829] [PDB] 5IB5:A
2026-08-19 12:25:51,871 [INFO] [919/1829] [PDB] 2P5W:A
2026-08-19 12:25:52,027 [INFO] [920/1829] [PDB] 9CX2:A
2026-08-19 12:25:52,606 [WARNING] [UNIPROT] A0A678ZMW1: used submissionNames
2026-08-19 12:25:52,607 [INFO] [921/1829] [PDB] 3MV8:A
2026-08-19 12:25:52,709 [WARNING] [UNIPROT] A5I8L1: used submissionNames
2026-08-19 12:25:52,709 [INFO] [922/1829] [PDB] 9NMX:A
2026-08-19 12:25:52,774 [INFO] [923/1829] [PDB] 3WUW:A
2026-08-19 12:25:52,863 [INFO] [924/1829] [PDB] 9WBD:C
2026-08-19 12:25:53,869 [INFO] [925/1829] [PDB] 5B39:A
2026-08-19 12:25:53,937 [INFO] [926/1829] [PDB] 3UPR:A
2026-08-19 12:25:54,004 [INFO] [927/1829] [PDB] 3O3D:A
2026-08-19 12:25:54,094 [INFO] [928/1829] [PDB] 8GVG:H
2026-08-19 12:25:54,742 [WARNING] [UNIPROT] A0A5H2UYS3: used submissionNames
2026-08-19 12:25:54,743 [INFO] [929/1829] [PDB] 9CWZ:A
2026-08-19 12:25:54,780 [INFO] [930/1829] [PDB] 2C7U:A
2026-08-19 12:25:54,799 [INFO] [931/1829] [PDB] 4GKN:A
2026-08-19 12:25:54,811 [INFO] [932/1829] [PDB] 1KTL:A
2026-08-19 12:25:55,615 [WARNING] [UNIPROT] Q861F7: used submissionNames
2026-08-19 12:25:55,615 [INFO] [933/1829] [PDB] 6Y2B:A
2026-08-19 12:25:55,725 [WARNING] [UNIPROT] F6IQZ4: used submissionNames
2026-08-19 12:25:55,726 [INFO] [934/1829] [PDB] 2X4U:D
2026-08-19 12:25:55,813 [INFO] [935/1829] [PDB] 9NFC:A
2026-08-19 12:25:55,996 [INFO] [936/1829] [PDB] 3SKM:A
2026-08-19 12:25:56,638 [WARNING] [UNIPROT] C5IWY0: used submissionNames
2026-08-19 12:25:56,639 [INFO] [937/1829] [PDB] 8RCV:A
2026-08-19 12:25:56,672 [WARNING] [UNIPROT] O78189: used submissionNames
2026-08-19 12:25:56,673 [INFO] [938/1829] [PDB] 6Y29:A
2026-08-19 12:25:56,777 [INFO] [939/1829] [PDB] 4EUP:D
2026-08-19 12:25:56,901 [INFO] [940/1829] [PDB] 3LV3:A
2026-08-19 12:25:57,529 [WARNING] [UNIPROT] A0A2R7Z5J3: used submissionNames
2026-08-19 12:25:57,530 [INFO] [941/1829] [PDB] 9D95:A
2026-08-19 12:25:57,857 [INFO] [942/1829] [PDB] 2AXF:A
2026-08-19 12:25:57,887 [WARNING] [UNIPROT] A5I8L1: used submissionNames
2026-08-19 12:25:57,888 [INFO] [943/1829] [PDB] 3BP7:A
2026-08-19 12:25:58,052 [INFO] [944/1829] [PDB] 3KPN:A
2026-08-19 12:25:58,900 [INFO] [945/1829] [PDB] 1TMC:A
2026-08-19 12:25:59,061 [INFO] [946/1829] [PDB] 3QDJ:A
2026-08-19 12:25:59,254 [INFO] [947/1829] [PDB] 5WMR:A
2026-08-19 12:25:59,381 [INFO] [948/1829] [PDB] 8K4V:A
2026-08-19 12:25:59,730 [INFO] [949/1829] [PDB] 7RE7:D
2026-08-19 12:25:59,967 [INFO] [950/1829] [PDB] 5DEG:A
2026-08-19 12:26:00,105 [INFO] [951/1829] [PDB] 5IB1:A
2026-08-19 12:26:00,268 [INFO] [952/1829] [PDB] 4G9D:A
2026-08-19 12:26:00,644 [WARNING] [UNIPROT] C5IYE8: used submissionNames
2026-08-19 12:26:00,644 [INFO] [953/1829] [PDB] 8VRA:A
2026-08-19 12:26:00,755 [WARNING] [UNIPROT] A0A2R7Z5J3: used submissionNames
2026-08-19 12:26:00,756 [INFO] [954/1829] [PDB] 2VLR:A
2026-08-19 12:26:01,265 [INFO] [955/1829] [PDB] 9PBH:A
2026-08-19 12:26:01,297 [INFO] [956/1829] [PDB] 3BP4:A
2026-08-19 12:26:01,566 [WARNING] [UNIPROT] E5FQ58: used submissionNames
2026-08-19 12:26:01,567 [INFO] [957/1829] [PDB] 9WC2:C
2026-08-19 12:26:01,663 [WARNING] [UNIPROT] A0A140T913: used submissionNames
2026-08-19 12:26:01,663 [INFO] [958/1829] [PDB] 6VQD:A
2026-08-19 12:26:01,928 [INFO] [959/1829] [PDB] 8HN4:A
2026-08-19 12:26:02,091 [INFO] [960/1829] [PDB] 1M05:A
2026-08-19 12:26:02,383 [INFO] [961/1829] [PDB] 7DYN:A
2026-08-19 12:26:02,766 [INFO] [962/1829] [PDB] 9XMR:A
2026-08-19 12:26:02,776 [INFO] [963/1829] [PDB] 6Y28:A
2026-08-19 12:26:02,842 [INFO] [964/1829] [PDB] 9FE1:A
2026-08-19 12:26:02,977 [INFO] [965/1829] [PDB] 7CIS:A
2026-08-19 12:26:03,531 [WARNING] [UNIPROT] O78189: used submissionNames
2026-08-19 12:26:03,532 [INFO] [966/1829] [PDB] 9WVE:A
2026-08-19 12:26:03,929 [INFO] [967/1829] [PDB] 1KPR:A
2026-08-19 12:26:03,935 [INFO] [968/1829] [PDB] 4G9F:A
2026-08-19 12:26:04,054 [INFO] [969/1829] [PDB] 5D2N:H
2026-08-19 12:26:04,903 [INFO] [970/1829] [PDB] 3BO8:A
2026-08-19 12:26:05,028 [INFO] [971/1829] [PDB] 9C6W:A
2026-08-19 12:26:05,181 [INFO] [972/1829] [PDB] 6EI2:A
2026-08-19 12:26:05,440 [INFO] [973/1829] [PDB] 6Y27:A
2026-08-19 12:26:05,716 [WARNING] [UNIPROT] A3F718: used submissionNames
2026-08-19 12:26:05,716 [INFO] [974/1829] [PDB] 4G8I:A
2026-08-19 12:26:05,760 [INFO] [975/1829] [PDB] 8ESB:A
2026-08-19 12:26:06,007 [INFO] [976/1829] [PDB] 8RRO:C
2026-08-19 12:26:06,114 [INFO] [977/1829] [PDB] 6VPZ:A
2026-08-19 12:26:06,683 [WARNING] [UNIPROT] F6IR24: used submissionNames
2026-08-19 12:26:06,684 [INFO] [978/1829] [PDB] 9ZCL:C
2026-08-19 12:26:06,803 [WARNING] [UNIPROT] O78189: used submissionNames
2026-08-19 12:26:06,804 [INFO] [979/1829] [PDB] 6APN:A
2026-08-19 12:26:06,873 [INFO] [980/1829] [PDB] 1UXW:A
2026-08-19 12:26:07,533 [WARNING] [UNIPROT] A0A6B7HFJ9: used submissionNames
2026-08-19 12:26:07,533 [INFO] [981/1829] [PDB] 8YIV:A
2026-08-19 12:26:07,630 [WARNING] [UNIPROT] A0A2R7Z5J3: used submissionNames
2026-08-19 12:26:07,630 [INFO] [982/1829] [PDB] 9C6V:A
2026-08-19 12:26:07,711 [WARNING] [UNIPROT] A0A143Y239: used submissionNames
2026-08-19 12:26:07,712 [INFO] [983/1829] [PDB] 3CZF:A
2026-08-19 12:26:07,834 [INFO] [984/1829] [PDB] 1HSA:A
2026-08-19 12:26:08,668 [WARNING] [UNIPROT] Q8WLS4: used submissionNames
2026-08-19 12:26:08,669 [INFO] [985/1829] [PDB] 9YW4:D
2026-08-19 12:26:08,850 [WARNING] [UNIPROT] O78189: used submissionNames
2026-08-19 12:26:08,851 [INFO] [986/1829] [PDB] 5IB4:A
2026-08-19 12:26:09,244 [INFO] [987/1829] [PDB] 2A83:A
2026-08-19 12:26:09,723 [WARNING] [UNIPROT] I3ZN83: used submissionNames
2026-08-19 12:26:09,724 [INFO] [988/1829] [PDB] 2BSR:A
2026-08-19 12:26:09,778 [INFO] [989/1829] [PDB] 9WJ6:E
2026-08-19 12:26:09,869 [INFO] [990/1829] [PDB] 8T7R:i
2026-08-19 12:26:10,009 [INFO] [991/1829] [PDB] 24ST:C
2026-08-19 12:26:10,790 [WARNING] [UNIPROT] Q53Z42: used submissionNames
2026-08-19 12:26:10,791 [INFO] [992/1829] [PDB] 9L48:A
2026-08-19 12:26:10,828 [INFO] [993/1829] [PDB] 1OF2:A
2026-08-19 12:26:10,829 [INFO] [994/1829] [PDB] 8VR9:A
2026-08-19 12:26:10,932 [WARNING] [UNIPROT] O78189: used submissionNames
2026-08-19 12:26:10,933 [INFO] [995/1829] [PDB] 8T6M:E
2026-08-19 12:26:11,042 [INFO] [996/1829] [PDB] 7CIQ:A
2026-08-19 12:26:21,597 [WARNING] [UNIPROT] C1K0Y1: used submissionNames
2026-08-19 12:26:21,598 [INFO] [997/1829] [PDB] 5VGE:A
2026-08-19 12:26:21,754 [WARNING] [UNIPROT] F6IQR9: used submissionNames
2026-08-19 12:26:21,754 [INFO] [998/1829] [PDB] 8TQ5:A
2026-08-19 12:26:22,032 [INFO] [999/1829] [PDB] 6UON:D
2026-08-19 12:26:22,618 [WARNING] [UNIPROT] F6IQR9: used submissionNames
2026-08-19 12:26:22,618 [INFO] [1000/1829] [PDB] 8YJ2:A
2026-08-19 12:26:23,109 [INFO] [1001/1829] [PDB] 9WC3:C
2026-08-19 12:26:23,747 [INFO] [1002/1829] [PDB] 5IB2:A
2026-08-19 12:26:23,929 [INFO] [1003/1829] [PDB] 3B6S:A
2026-08-19 12:26:23,993 [INFO] [1004/1829] [PDB] 9NDS:A
2026-08-19 12:26:24,725 [WARNING] [UNIPROT] S5DHS4: used submissionNames
2026-08-19 12:26:24,726 [INFO] [1005/1829] [PDB] 9NNF:B
2026-08-19 12:26:24,932 [INFO] [1006/1829] [PDB] 1OGT:A
2026-08-19 12:26:25,053 [INFO] [1007/1829] [PDB] 7N2Q:A
2026-08-19 12:26:25,695 [WARNING] [UNIPROT] Q9TPS0: used submissionNames
2026-08-19 12:26:25,696 [INFO] [1008/1829] [PDB] 6Y2A:A
2026-08-19 12:26:25,756 [WARNING] [UNIPROT] I3QHR3: used submissionNames
2026-08-19 12:26:25,757 [INFO] [1009/1829] [PDB] 8V50:A
2026-08-19 12:26:25,764 [INFO] [1010/1829] [PDB] 8GVI:H
2026-08-19 12:26:25,858 [INFO] [1011/1829] [PDB] 3CII:A
2026-08-19 12:26:26,577 [WARNING] [UNIPROT] O78189: used submissionNames
2026-08-19 12:26:26,578 [INFO] [1012/1829] [PDB] 7QPD:M
2026-08-19 12:26:26,653 [WARNING] [UNIPROT] Q861F7: used submissionNames
2026-08-19 12:26:26,654 [INFO] [1013/1829] [PDB] 9D73:A
2026-08-19 12:26:26,991 [INFO] [1014/1829] [PDB] 4U1K:A
2026-08-19 12:26:27,682 [WARNING] [UNIPROT] O19626: used submissionNames
2026-08-19 12:26:27,683 [INFO] [1015/1829] [PDB] 9L4I:A
2026-08-19 12:26:27,687 [WARNING] [UNIPROT] C1K0Y1: used submissionNames
2026-08-19 12:26:27,687 [INFO] [1016/1829] [PDB] 9J4S:F
2026-08-19 12:26:27,883 [WARNING] [UNIPROT] F6IQR9: used submissionNames
2026-08-19 12:26:27,884 [INFO] [1017/1829] [PDB] 1JGE:A
2026-08-19 12:26:28,276 [INFO] [1018/1829] [PDB] 8ESA:A
2026-08-19 12:26:28,301 [WARNING] [UNIPROT] Q860B7: used submissionNames
2026-08-19 12:26:28,302 [INFO] [1019/1829] [PDB] 9D97:A
2026-08-19 12:26:28,306 [WARNING] [UNIPROT] Q59GJ2: used submissionNames
2026-08-19 12:26:28,306 [WARNING] [UNIPROT] Q59GJ2: gene name missing
2026-08-19 12:26:28,306 [INFO] [1020/1829] [PDB] 9YTF:A
2026-08-19 12:26:28,309 [WARNING] [UNIPROT] Q59GJ2: used submissionNames
2026-08-19 12:26:28,309 [WARNING] [UNIPROT] Q59GJ2: gene name missing
2026-08-19 12:26:28,309 [INFO] [1021/1829] [PDB] 9L4A:A
2026-08-19 12:26:28,587 [WARNING] [UNIPROT] I3ZN83: used submissionNames
2026-08-19 12:26:28,588 [INFO] [1022/1829] [PDB] 9K2T:A
2026-08-19 12:26:28,735 [WARNING] [UNIPROT] A3F718: used submissionNames
2026-08-19 12:26:28,735 [INFO] [1023/1829] [PDB] 9D74:A
2026-08-19 12:26:28,909 [WARNING] [UNIPROT] A0A6B7HFJ9: used submissionNames
2026-08-19 12:26:28,909 [INFO] [1024/1829] [PDB] 9HLJ:A
2026-08-19 12:26:29,055 [WARNING] [UNIPROT] F6IQZ4: used submissionNames
2026-08-19 12:26:29,056 [INFO] [1025/1829] [PDB] 5IB3:A
2026-08-19 12:26:29,800 [INFO] [1026/1829] [PDB] 1UXS:A
2026-08-19 12:26:29,827 [INFO] [1027/1829] [PDB] 9F13:A
2026-08-19 12:26:29,858 [INFO] [1028/1829] [PDB] 9L4H:A
2026-08-19 12:26:30,036 [INFO] [1029/1829] [PDB] 9QQF:A
2026-08-19 12:26:30,582 [WARNING] [UNIPROT] A0A165EYK7: used submissionNames
2026-08-19 12:26:30,583 [INFO] [1030/1829] [PDB] 2HLA:A
2026-08-19 12:26:30,739 [WARNING] [UNIPROT] E5FQ58: used submissionNames
2026-08-19 12:26:30,740 [INFO] [1031/1829] [PDB] 9L4G:A
2026-08-19 12:26:30,907 [INFO] [1032/1829] [PDB] 8VRB:A
2026-08-19 12:26:31,618 [WARNING] [UNIPROT] A0A5H2UF23: used submissionNames
2026-08-19 12:26:31,619 [INFO] [1033/1829] [PDB] 9MEF:A
2026-08-19 12:26:31,656 [WARNING] [UNIPROT] Q860B7: used submissionNames
2026-08-19 12:26:31,656 [INFO] [1034/1829] [PDB] 1QQD:A
2026-08-19 12:26:31,964 [INFO] [1035/1829] [PDB] 9D96:A
2026-08-19 12:26:31,985 [INFO] [1036/1829] [PDB] 7DUU:A
2026-08-19 12:26:32,556 [WARNING] [UNIPROT] G9MDC7: used submissionNames
2026-08-19 12:26:32,557 [INFO] [1037/1829] [PDB] 1EFX:A
2026-08-19 12:26:32,704 [WARNING] [UNIPROT] A0A1D3TZM3: used submissionNames
2026-08-19 12:26:32,705 [INFO] [1038/1829] [PDB] 9QQE:A
2026-08-19 12:26:32,787 [WARNING] [UNIPROT] A0A6F8VJ76: used submissionNames
2026-08-19 12:26:32,787 [INFO] [1039/1829] [PDB] 8TMU:A
2026-08-19 12:26:32,824 [WARNING] [UNIPROT] S5DHS4: used submissionNames
2026-08-19 12:26:32,824 [INFO] [1040/1829] [PDB] 3RWC:A
2026-08-19 12:26:33,531 [WARNING] [UNIPROT] E5FQ58: used submissionNames
2026-08-19 12:26:33,533 [INFO] [1041/1829] [PDB] 9L49:A
2026-08-19 12:26:33,597 [WARNING] [UNIPROT] Q860B7: used submissionNames
2026-08-19 12:26:33,598 [INFO] [1042/1829] [PDB] 4ZUS:A
2026-08-19 12:26:33,673 [WARNING] [UNIPROT] F6IQA6: used submissionNames
2026-08-19 12:26:33,673 [INFO] [1043/1829] [PDB] 5XS3:A
2026-08-19 12:26:33,741 [WARNING] [UNIPROT] A0A3S6RG30: used submissionNames
2026-08-19 12:26:33,742 [INFO] [1044/1829] [PDB] 9MEG:A
2026-08-19 12:26:34,482 [WARNING] [REQUEST] SIFTS:5XS3: attempt=1/3; 404 Client Error: Not Found for url: https://www.ebi.ac.uk/pdbe/api/mappings/uniprot/5xs3
2026-08-19 12:26:34,552 [WARNING] [UNIPROT] A0A583ZBV1: used submissionNames
2026-08-19 12:26:34,552 [INFO] [1045/1829] [PDB] 1IM9:A
2026-08-19 12:26:34,784 [WARNING] [UNIPROT] A0A6F8VJ76: used submissionNames
2026-08-19 12:26:34,784 [INFO] [1046/1829] [PDB] 3RWI:A
2026-08-19 12:26:34,799 [INFO] [1047/1829] [PDB] 3RWH:A
2026-08-19 12:26:34,876 [INFO] [1048/1829] [PDB] 3RWD:A
2026-08-19 12:26:35,622 [WARNING] [UNIPROT] Q546I6: used submissionNames
2026-08-19 12:26:35,622 [INFO] [1049/1829] [PDB] 1ZVS:A
2026-08-19 12:26:35,722 [WARNING] [UNIPROT] Q2UV93: used submissionNames
2026-08-19 12:26:35,722 [INFO] [1050/1829] [PDB] 9L47:A
2026-08-19 12:26:35,784 [WARNING] [UNIPROT] Q53Z42: used submissionNames
2026-08-19 12:26:35,784 [INFO] [1051/1829] [PDB] 3RWE:A
2026-08-19 12:26:36,143 [INFO] [1052/1829] [PDB] 4ZUW:A
2026-08-19 12:26:36,441 [INFO] [1053/1829] [PDB] 9RXM:E
2026-08-19 12:26:36,614 [WARNING] [UNIPROT] Q9GJ77: used submissionNames
2026-08-19 12:26:36,615 [INFO] [1054/1829] [PDB] 9NYN:A
2026-08-19 12:26:36,665 [WARNING] [UNIPROT] Q9GJ77: used submissionNames
2026-08-19 12:26:36,665 [INFO] [1055/1829] [PDB] 9K2S:A
2026-08-19 12:26:36,670 [WARNING] [UNIPROT] A0A3G8GE10: used submissionNames
2026-08-19 12:26:36,671 [WARNING] [UNIPROT] A0A3G8GE10: gene name missing
2026-08-19 12:26:36,671 [INFO] [1056/1829] [PDB] 3RWF:A
2026-08-19 12:26:36,692 [INFO] [1057/1829] [PDB] 5E6I:I
2026-08-19 12:26:37,263 [WARNING] [REQUEST] SIFTS:5XS3: attempt=2/3; 404 Client Error: Not Found for url: https://www.ebi.ac.uk/pdbe/api/mappings/uniprot/5xs3
2026-08-19 12:26:37,590 [WARNING] [UNIPROT] Q2UV93: used submissionNames
2026-08-19 12:26:37,591 [INFO] [1058/1829] [PDB] 4ZUU:A
2026-08-19 12:26:37,675 [WARNING] [UNIPROT] A0A3G6II09: used submissionNames
2026-08-19 12:26:37,676 [INFO] [1059/1829] [PDB] 3RWJ:A
2026-08-19 12:26:37,697 [WARNING] [UNIPROT] Q9GJ77: used submissionNames
2026-08-19 12:26:37,697 [INFO] [1060/1829] [PDB] 6IWG:A
2026-08-19 12:26:37,753 [WARNING] [UNIPROT] Q860N6: used submissionNames
2026-08-19 12:26:37,754 [WARNING] [UNIPROT] Q860N6: gene name missing
2026-08-19 12:26:37,754 [INFO] [1061/1829] [PDB] 5XMF:A
2026-08-19 12:26:38,555 [WARNING] [UNIPROT] A0A3G6II09: used submissionNames
2026-08-19 12:26:38,555 [INFO] [1062/1829] [PDB] 4ZUV:A
2026-08-19 12:26:38,614 [WARNING] [UNIPROT] A0A165EYK7: used submissionNames
2026-08-19 12:26:38,615 [INFO] [1063/1829] [PDB] 3JTS:A
2026-08-19 12:26:38,672 [WARNING] [UNIPROT] Q9GJ77: used submissionNames
2026-08-19 12:26:38,673 [INFO] [1064/1829] [PDB] 8HT1:A
2026-08-19 12:26:38,699 [INFO] [1065/1829] [PDB] 7CJQ:A
2026-08-19 12:26:39,581 [WARNING] [UNIPROT] Q9GJ77: used submissionNames
2026-08-19 12:26:39,581 [INFO] [1066/1829] [PDB] 9WJD:A
2026-08-19 12:26:39,714 [WARNING] [UNIPROT] U5YJM1: used submissionNames
2026-08-19 12:26:39,715 [INFO] [1067/1829] [PDB] 9WJC:A
2026-08-19 12:26:39,756 [WARNING] [UNIPROT] B2ZHY7: used submissionNames
2026-08-19 12:26:39,757 [INFO] [1068/1829] [PDB] 6L9K:A
2026-08-19 12:26:39,830 [WARNING] [UNIPROT] Q9GJ77: used submissionNames
2026-08-19 12:26:39,831 [INFO] [1069/1829] [PDB] 9WJB:A
2026-08-19 12:26:40,630 [WARNING] [UNIPROT] Q860N6: used submissionNames
2026-08-19 12:26:40,631 [WARNING] [UNIPROT] Q860N6: gene name missing
2026-08-19 12:26:40,631 [INFO] [1070/1829] [PDB] 6JQ2:A
2026-08-19 12:26:40,659 [WARNING] [UNIPROT] C6ZK72: used submissionNames
2026-08-19 12:26:40,660 [INFO] [1071/1829] [PDB] 5XMM:A
2026-08-19 12:26:40,661 [WARNING] [UNIPROT] Q30597: used submissionNames
2026-08-19 12:26:40,668 [WARNING] [UNIPROT] Q30597: gene name missing
2026-08-19 12:26:40,668 [INFO] [1072/1829] [PDB] 9K2U:A
2026-08-19 12:26:40,803 [WARNING] [UNIPROT] A0A3G6II09: used submissionNames
2026-08-19 12:26:40,803 [INFO] [1073/1829] [PDB] 6L9N:A
2026-08-19 12:26:41,562 [WARNING] [UNIPROT] Q9GJ77: used submissionNames
2026-08-19 12:26:41,563 [INFO] [1074/1829] [PDB] 4ZUT:A
2026-08-19 12:26:41,565 [INFO] [1075/1829] [PDB] 9WJ4:A
2026-08-19 12:26:41,583 [WARNING] [UNIPROT] Q860N6: used submissionNames
2026-08-19 12:26:41,584 [WARNING] [UNIPROT] Q860N6: gene name missing
2026-08-19 12:26:41,584 [INFO] [1076/1829] [PDB] 6LT6:A
2026-08-19 12:26:41,606 [WARNING] [UNIPROT] B2ZHY7: used submissionNames
2026-08-19 12:26:41,607 [INFO] [1077/1829] [PDB] 9K2R:A
2026-08-19 12:26:42,064 [WARNING] [REQUEST] SIFTS:5XS3: attempt=3/3; 404 Client Error: Not Found for url: https://www.ebi.ac.uk/pdbe/api/mappings/uniprot/5xs3
2026-08-19 12:26:42,546 [WARNING] [UNIPROT] C6ZK72: used submissionNames
2026-08-19 12:26:42,547 [INFO] [1078/1829] [PDB] 4ZFZ:A
2026-08-19 12:26:42,581 [WARNING] [UNIPROT] A7WPI8: used submissionNames
2026-08-19 12:26:42,581 [INFO] [1079/1829] [PDB] 3JTT:A
2026-08-19 12:26:42,643 [WARNING] [UNIPROT] A0A165EYK7: used submissionNames
2026-08-19 12:26:42,644 [INFO] [1080/1829] [PDB] 8HSO:A
2026-08-19 12:26:42,854 [INFO] [1081/1829] [PDB] 3RWG:A
2026-08-19 12:26:43,605 [WARNING] [UNIPROT] Q860N6: used submissionNames
2026-08-19 12:26:43,606 [WARNING] [UNIPROT] Q860N6: gene name missing
2026-08-19 12:26:43,606 [INFO] [1082/1829] [PDB] 9WJ2:A
2026-08-19 12:26:43,657 [WARNING] [UNIPROT] B2ZHY7: used submissionNames
2026-08-19 12:26:43,658 [INFO] [1083/1829] [PDB] 2E7L:E
2026-08-19 12:26:43,697 [WARNING] [UNIPROT] A0A165EYK7: used submissionNames
2026-08-19 12:26:43,698 [INFO] [1084/1829] [PDB] 6LB2:A
2026-08-19 12:26:43,878 [INFO] [1085/1829] [PDB] 9WJ5:A
2026-08-19 12:26:44,580 [WARNING] [UNIPROT] Q30597: used submissionNames
2026-08-19 12:26:44,581 [WARNING] [UNIPROT] Q30597: gene name missing
2026-08-19 12:26:44,581 [INFO] [1086/1829] [PDB] 5F1N:A
2026-08-19 12:26:44,690 [WARNING] [UNIPROT] K4MU32: used submissionNames
2026-08-19 12:26:44,692 [INFO] [1087/1829] [PDB] 1KPV:A
2026-08-19 12:26:44,696 [WARNING] [UNIPROT] Q860N6: used submissionNames
2026-08-19 12:26:44,697 [WARNING] [UNIPROT] Q860N6: gene name missing
2026-08-19 12:26:44,697 [INFO] [1088/1829] [PDB] 6IWH:A
2026-08-19 12:26:44,708 [WARNING] [UNIPROT] Q9GJ77: used submissionNames
2026-08-19 12:26:44,708 [INFO] [1089/1829] [PDB] 4HUV:A
2026-08-19 12:26:45,832 [WARNING] [UNIPROT] O46882: used submissionNames
2026-08-19 12:26:45,832 [WARNING] [UNIPROT] O46882: gene name missing
2026-08-19 12:26:45,833 [INFO] [1090/1829] [PDB] 7BYD:A
2026-08-19 12:26:45,920 [WARNING] [UNIPROT] B2ZHY7: used submissionNames
2026-08-19 12:26:45,921 [INFO] [1091/1829] [PDB] 5J6H:A
2026-08-19 12:26:46,544 [WARNING] [UNIPROT] B2ZHY7: used submissionNames
2026-08-19 12:26:46,545 [INFO] [1092/1829] [PDB] 1S7Q:A
2026-08-19 12:26:46,557 [WARNING] [UNIPROT] B2ZHY7: used submissionNames
2026-08-19 12:26:46,557 [INFO] [1093/1829] [PDB] 1S7S:A
2026-08-19 12:26:46,595 [INFO] [1094/1829] [PDB] 4PGD:A
2026-08-19 12:26:46,671 [INFO] [1095/1829] [PDB] 5GR7:A
2026-08-19 12:26:47,564 [WARNING] [UNIPROT] B2ZHY7: used submissionNames
2026-08-19 12:26:47,565 [INFO] [1096/1829] [PDB] 7WCY:A
2026-08-19 12:26:47,577 [INFO] [1097/1829] [PDB] 1S7R:A
2026-08-19 12:26:47,579 [INFO] [1098/1829] [PDB] 1RJY:A
2026-08-19 12:26:47,591 [WARNING] [UNIPROT] B2ZHY7: used submissionNames
2026-08-19 12:26:47,592 [INFO] [1099/1829] [PDB] 7DC6:A
2026-08-19 12:26:47,951 [INFO] [1100/1829] [PDB] 7XQU:A
2026-08-19 12:26:48,103 [WARNING] [UNIPROT] B2ZHY7: used submissionNames
2026-08-19 12:26:48,104 [INFO] [1101/1829] [PDB] 6J2G:A
2026-08-19 12:26:48,591 [INFO] [1102/1829] [PDB] 5J6G:A
2026-08-19 12:26:48,623 [WARNING] [UNIPROT] A0A1E1GJG5: used submissionNames
2026-08-19 12:26:48,624 [INFO] [1103/1829] [PDB] 2CLV:A
2026-08-19 12:26:48,760 [WARNING] [UNIPROT] B2ZHY7: used submissionNames
2026-08-19 12:26:48,761 [INFO] [1104/1829] [PDB] 5F1I:A
2026-08-19 12:26:48,764 [INFO] [1105/1829] [PDB] 3PWU:A
2026-08-19 12:26:49,588 [WARNING] [UNIPROT] B2KT53: used submissionNames
2026-08-19 12:26:49,588 [INFO] [1106/1829] [PDB] 6M24:A
2026-08-19 12:26:49,656 [WARNING] [UNIPROT] J9UGS3: used submissionNames
2026-08-19 12:26:49,656 [INFO] [1107/1829] [PDB] 1FZJ:A
2026-08-19 12:26:49,687 [WARNING] [UNIPROT] A0A125R585: used submissionNames
2026-08-19 12:26:49,688 [INFO] [1108/1829] [PDB] 2OI9:A
2026-08-19 12:26:49,845 [INFO] [1109/1829] [PDB] 7XQS:A
2026-08-19 12:26:50,064 [ERROR] [REQUEST_FAILED] SIFTS:5XS3
2026-08-19 12:26:50,065 [ERROR] [SIFTS_FAILED] 5XS3: no UniProt mapping
2026-08-19 12:26:50,065 [INFO] [1110/1829] [PDB] 1VGK:A
2026-08-19 12:26:50,586 [WARNING] [UNIPROT] Q95477: used submissionNames
2026-08-19 12:26:50,587 [INFO] [1111/1829] [PDB] 6J2H:A
2026-08-19 12:26:50,645 [INFO] [1112/1829] [PDB] 2FWO:A
2026-08-19 12:26:50,712 [INFO] [1113/1829] [PDB] 1RK0:A
2026-08-19 12:26:50,813 [INFO] [1114/1829] [PDB] 1ED3:A
2026-08-19 12:26:51,672 [INFO] [1115/1829] [PDB] 6J2J:A
2026-08-19 12:26:51,680 [INFO] [1116/1829] [PDB] 4HKJ:A
2026-08-19 12:26:51,799 [INFO] [1117/1829] [PDB] 5IVX:A
2026-08-19 12:26:51,969 [INFO] [1118/1829] [PDB] 2XFX:A
2026-08-19 12:26:52,639 [INFO] [1119/1829] [PDB] 6LAH:A
2026-08-19 12:26:52,652 [INFO] [1120/1829] [PDB] 3E3Q:A
2026-08-19 12:26:52,823 [WARNING] [UNIPROT] Q95482: used submissionNames
2026-08-19 12:26:52,824 [INFO] [1121/1829] [PDB] 1FZO:A
2026-08-19 12:26:53,024 [INFO] [1122/1829] [PDB] 3ERY:A
2026-08-19 12:26:53,593 [WARNING] [UNIPROT] Q30291: used submissionNames
2026-08-19 12:26:53,593 [INFO] [1123/1829] [PDB] 6L9L:A
2026-08-19 12:26:53,615 [INFO] [1124/1829] [PDB] 1BII:A
2026-08-19 12:26:53,698 [WARNING] [UNIPROT] J9UGS3: used submissionNames
2026-08-19 12:26:53,699 [INFO] [1125/1829] [PDB] 8HSM:A
2026-08-19 12:26:53,828 [WARNING] [UNIPROT] P06140: gene name missing
2026-08-19 12:26:53,829 [INFO] [1126/1829] [PDB] 1G7P:A
2026-08-19 12:26:54,636 [INFO] [1127/1829] [PDB] 5M00:A
2026-08-19 12:26:54,794 [INFO] [1128/1829] [PDB] 3TJH:A
2026-08-19 12:26:54,889 [WARNING] [UNIPROT] C6ZK69: used submissionNames
2026-08-19 12:26:54,890 [INFO] [1129/1829] [PDB] 4L8D:A
2026-08-19 12:26:55,019 [WARNING] [UNIPROT] A0A125R585: used submissionNames
2026-08-19 12:26:55,020 [INFO] [1130/1829] [PDB] 7JWI:A
2026-08-19 12:26:55,558 [INFO] [1131/1829] [PDB] 8D5E:A
2026-08-19 12:26:55,589 [INFO] [1132/1829] [PDB] 5GSX:A
2026-08-19 12:26:55,712 [INFO] [1133/1829] [PDB] 6LAM:A
2026-08-19 12:26:55,728 [INFO] [1134/1829] [PDB] 6ILG:A
2026-08-19 12:26:56,557 [WARNING] [UNIPROT] P16391: gene name missing
2026-08-19 12:26:56,558 [INFO] [1135/1829] [PDB] 3PWV:A
2026-08-19 12:26:56,588 [INFO] [1136/1829] [PDB] 1KJM:A
2026-08-19 12:26:56,638 [WARNING] [UNIPROT] A0A125R585: used submissionNames
2026-08-19 12:26:56,639 [INFO] [1137/1829] [PDB] 2CLZ:A
2026-08-19 12:26:56,732 [INFO] [1138/1829] [PDB] 4PGB:A
2026-08-19 12:26:57,576 [INFO] [1139/1829] [PDB] 5JWD:A
2026-08-19 12:26:57,586 [INFO] [1140/1829] [PDB] 5M02:A
2026-08-19 12:26:57,641 [INFO] [1141/1829] [PDB] 5GSR:C
2026-08-19 12:26:57,675 [WARNING] [UNIPROT] A0A1E1GJG5: used submissionNames
2026-08-19 12:26:57,675 [INFO] [1142/1829] [PDB] 4NHU:G
2026-08-19 12:26:58,597 [WARNING] [UNIPROT] A0A125R585: used submissionNames
2026-08-19 12:26:58,598 [INFO] [1143/1829] [PDB] 1OSZ:A
2026-08-19 12:26:58,644 [WARNING] [UNIPROT] A0A1E1GJG5: used submissionNames
2026-08-19 12:26:58,644 [INFO] [1144/1829] [PDB] 1T0M:A
2026-08-19 12:26:58,746 [WARNING] [UNIPROT] Q95477: used submissionNames
2026-08-19 12:26:58,747 [INFO] [1145/1829] [PDB] 6JQ3:A
2026-08-19 12:26:58,785 [INFO] [1146/1829] [PDB] 1N59:A
2026-08-19 12:26:59,555 [INFO] [1147/1829] [PDB] 2VAA:A
2026-08-19 12:26:59,576 [INFO] [1148/1829] [PDB] 1S7T:A
2026-08-19 12:26:59,658 [INFO] [1149/1829] [PDB] 6G9Q:A
2026-08-19 12:26:59,714 [INFO] [1150/1829] [PDB] 8D5K:A
2026-08-19 12:27:00,551 [INFO] [1151/1829] [PDB] 1T0N:A
2026-08-19 12:27:00,638 [INFO] [1152/1829] [PDB] 1FZM:A
2026-08-19 12:27:00,656 [INFO] [1153/1829] [PDB] 1RK1:A
2026-08-19 12:27:00,677 [INFO] [1154/1829] [PDB] 5TRZ:C
2026-08-19 12:27:01,549 [INFO] [1155/1829] [PDB] 4PG9:A
2026-08-19 12:27:01,569 [INFO] [1156/1829] [PDB] 3FOM:A
2026-08-19 12:27:01,699 [INFO] [1157/1829] [PDB] 6M2K:A
2026-08-19 12:27:01,733 [WARNING] [UNIPROT] P16391: gene name missing
2026-08-19 12:27:01,733 [INFO] [1158/1829] [PDB] 4N5E:A
2026-08-19 12:27:02,606 [INFO] [1159/1829] [PDB] 1LEG:A
2026-08-19 12:27:02,677 [INFO] [1160/1829] [PDB] 5MZM:A
2026-08-19 12:27:02,787 [INFO] [1161/1829] [PDB] 5TIL:A
2026-08-19 12:27:02,849 [INFO] [1162/1829] [PDB] 4HUW:A
2026-08-19 12:27:03,574 [INFO] [1163/1829] [PDB] 5M01:A
2026-08-19 12:27:03,577 [INFO] [1164/1829] [PDB] 3TID:A
2026-08-19 12:27:03,756 [INFO] [1165/1829] [PDB] 8HT9:A
2026-08-19 12:27:03,772 [INFO] [1166/1829] [PDB] 1JUF:A
2026-08-19 12:27:04,567 [INFO] [1167/1829] [PDB] 4Z77:A
2026-08-19 12:27:04,593 [INFO] [1168/1829] [PDB] 7JI2:A
2026-08-19 12:27:04,696 [INFO] [1169/1829] [PDB] 8D5J:A
2026-08-19 12:27:04,786 [INFO] [1170/1829] [PDB] 1KPU:A
2026-08-19 12:27:05,608 [INFO] [1171/1829] [PDB] 1G6R:H
2026-08-19 12:27:05,659 [INFO] [1172/1829] [PDB] 6M2J:A
2026-08-19 12:27:05,818 [INFO] [1173/1829] [PDB] 5GSB:A
2026-08-19 12:27:05,946 [INFO] [1174/1829] [PDB] 4PV8:A
2026-08-19 12:27:06,604 [INFO] [1175/1829] [PDB] 4PGE:A
2026-08-19 12:27:06,689 [WARNING] [UNIPROT] D2YW38: used submissionNames
2026-08-19 12:27:06,689 [WARNING] [UNIPROT] D2YW38: gene name missing
2026-08-19 12:27:06,689 [INFO] [1176/1829] [PDB] 6NF7:A
2026-08-19 12:27:06,796 [INFO] [1177/1829] [PDB] 7XQT:A
2026-08-19 12:27:06,828 [WARNING] [UNIPROT] P06140: gene name missing
2026-08-19 12:27:06,828 [INFO] [1178/1829] [PDB] 1WBX:A
2026-08-19 12:27:07,570 [INFO] [1179/1829] [PDB] 3TIE:A
2026-08-19 12:27:07,676 [INFO] [1180/1829] [PDB] 1WBZ:A
2026-08-19 12:27:07,692 [WARNING] [UNIPROT] P06140: gene name missing
2026-08-19 12:27:07,693 [INFO] [1181/1829] [PDB] 1LK2:A
2026-08-19 12:27:07,853 [INFO] [1182/1829] [PDB] 4PG2:A
2026-08-19 12:27:08,595 [INFO] [1183/1829] [PDB] 1RJZ:A
2026-08-19 12:27:08,637 [INFO] [1184/1829] [PDB] 9NV2:C
2026-08-19 12:27:08,659 [INFO] [1185/1829] [PDB] 1VAD:A
2026-08-19 12:27:08,728 [WARNING] [UNIPROT] C6ZK69: used submissionNames
2026-08-19 12:27:08,729 [INFO] [1186/1829] [PDB] 1INQ:A
2026-08-19 12:27:09,582 [INFO] [1187/1829] [PDB] 5VCL:A
2026-08-19 12:27:09,608 [INFO] [1188/1829] [PDB] 1QO3:A
2026-08-19 12:27:09,645 [INFO] [1189/1829] [PDB] 4NSK:A
2026-08-19 12:27:09,796 [INFO] [1190/1829] [PDB] 4MXQ:A
2026-08-19 12:27:10,591 [INFO] [1191/1829] [PDB] 1G7Q:A
2026-08-19 12:27:10,639 [INFO] [1192/1829] [PDB] 7P0T:A
2026-08-19 12:27:10,755 [INFO] [1193/1829] [PDB] 9NVA:C
2026-08-19 12:27:10,790 [INFO] [1194/1829] [PDB] 8JHW:A
2026-08-19 12:27:21,612 [WARNING] [UNIPROT] Q31153: used submissionNames
2026-08-19 12:27:21,613 [INFO] [1195/1829] [PDB] 1FZK:A
2026-08-19 12:27:21,652 [INFO] [1196/1829] [PDB] 6ILC:A
2026-08-19 12:27:21,706 [INFO] [1197/1829] [PDB] 8HSW:A
2026-08-19 12:27:21,775 [INFO] [1198/1829] [PDB] 3TBT:A
2026-08-19 12:27:22,553 [INFO] [1199/1829] [PDB] 9RWI:A
2026-08-19 12:27:22,637 [INFO] [1200/1829] [PDB] 3ECB:A
2026-08-19 12:27:22,729 [INFO] [1201/1829] [PDB] 7EMB:A
2026-08-19 12:27:22,883 [WARNING] [UNIPROT] P16391: gene name missing
2026-08-19 12:27:22,884 [INFO] [1202/1829] [PDB] 1NAN:H
2026-08-19 12:27:23,555 [INFO] [1203/1829] [PDB] 1K8D:A
2026-08-19 12:27:23,561 [INFO] [1204/1829] [PDB] 3TBV:A
2026-08-19 12:27:23,659 [INFO] [1205/1829] [PDB] 3C8K:A
2026-08-19 12:27:23,854 [INFO] [1206/1829] [PDB] 4Z76:A
2026-08-19 12:27:24,562 [INFO] [1207/1829] [PDB] 8TQ9:A
2026-08-19 12:27:24,612 [INFO] [1208/1829] [PDB] 3ROO:A
2026-08-19 12:27:24,669 [INFO] [1209/1829] [PDB] 5NPZ:A
2026-08-19 12:27:24,729 [INFO] [1210/1829] [PDB] 8D5Q:C
2026-08-19 12:27:25,560 [INFO] [1211/1829] [PDB] 6WL2:A
2026-08-19 12:27:25,640 [INFO] [1212/1829] [PDB] 3P9M:A
2026-08-19 12:27:25,665 [INFO] [1213/1829] [PDB] 9UL1:A
2026-08-19 12:27:25,713 [WARNING] [UNIPROT] O19075: used submissionNames
2026-08-19 12:27:25,714 [INFO] [1214/1829] [PDB] 9HY4:A
2026-08-19 12:27:26,648 [INFO] [1215/1829] [PDB] 1KBG:H
2026-08-19 12:27:26,695 [INFO] [1216/1829] [PDB] 2OL3:H
2026-08-19 12:27:26,833 [INFO] [1217/1829] [PDB] 6L9M:A
2026-08-19 12:27:27,018 [INFO] [1218/1829] [PDB] 6J2F:A
2026-08-19 12:27:27,561 [WARNING] [UNIPROT] A0A286S063: used submissionNames
2026-08-19 12:27:27,561 [INFO] [1219/1829] [PDB] 2ZOK:A
2026-08-19 12:27:27,630 [WARNING] [UNIPROT] A0A125R585: used submissionNames
2026-08-19 12:27:27,631 [INFO] [1220/1829] [PDB] 2VAB:A
2026-08-19 12:27:27,817 [INFO] [1221/1829] [PDB] 1VAC:A
2026-08-19 12:27:27,985 [INFO] [1222/1829] [PDB] 7P0A:A
2026-08-19 12:27:28,589 [INFO] [1223/1829] [PDB] 3CPL:A
2026-08-19 12:27:28,606 [WARNING] [UNIPROT] A0A125R585: used submissionNames
2026-08-19 12:27:28,607 [INFO] [1224/1829] [PDB] 3TBY:A
2026-08-19 12:27:28,703 [INFO] [1225/1829] [PDB] 3TFK:A
2026-08-19 12:27:28,822 [INFO] [1226/1829] [PDB] 9NV6:C
2026-08-19 12:27:29,579 [INFO] [1227/1829] [PDB] 6LF9:D
2026-08-19 12:27:29,620 [INFO] [1228/1829] [PDB] 1LEK:A
2026-08-19 12:27:29,716 [WARNING] [UNIPROT] B1PJV3: used submissionNames
2026-08-19 12:27:29,716 [INFO] [1229/1829] [PDB] 6A6H:A
2026-08-19 12:27:29,845 [INFO] [1230/1829] [PDB] 8D5N:C
2026-08-19 12:27:30,633 [INFO] [1231/1829] [PDB] 5WEU:A
2026-08-19 12:27:30,654 [INFO] [1232/1829] [PDB] 6X00:A
2026-08-19 12:27:30,806 [INFO] [1233/1829] [PDB] 2FO4:A
2026-08-19 12:27:30,832 [INFO] [1234/1829] [PDB] 5E8N:A
2026-08-19 12:27:31,624 [INFO] [1235/1829] [PDB] 4WDI:A
2026-08-19 12:27:31,664 [WARNING] [UNIPROT] B1PJU7: used submissionNames
2026-08-19 12:27:31,665 [INFO] [1236/1829] [PDB] 1N5A:A
2026-08-19 12:27:31,768 [INFO] [1237/1829] [PDB] 1ZT7:A
2026-08-19 12:27:31,890 [INFO] [1238/1829] [PDB] 6G9R:A
2026-08-19 12:27:32,565 [INFO] [1239/1829] [PDB] 5TS1:A
2026-08-19 12:27:32,656 [INFO] [1240/1829] [PDB] 2CKB:H
2026-08-19 12:27:32,738 [INFO] [1241/1829] [PDB] 43RZ:A
2026-08-19 12:27:32,837 [INFO] [1242/1829] [PDB] 3E6F:A
2026-08-19 12:27:33,593 [INFO] [1243/1829] [PDB] 8TQ8:A
2026-08-19 12:27:33,683 [INFO] [1244/1829] [PDB] 5JWE:A
2026-08-19 12:27:33,709 [INFO] [1245/1829] [PDB] 4HUX:A
2026-08-19 12:27:33,973 [INFO] [1246/1829] [PDB] 3CVH:A
2026-08-19 12:27:34,591 [INFO] [1247/1829] [PDB] 3TBS:A
2026-08-19 12:27:34,667 [INFO] [1248/1829] [PDB] 1QLF:A
2026-08-19 12:27:34,674 [INFO] [1249/1829] [PDB] 3TBW:A
2026-08-19 12:27:34,823 [INFO] [1250/1829] [PDB] 6NPR:A
2026-08-19 12:27:35,579 [INFO] [1251/1829] [PDB] 3QUK:A
2026-08-19 12:27:35,618 [INFO] [1252/1829] [PDB] 3ROL:A
2026-08-19 12:27:35,669 [INFO] [1253/1829] [PDB] 3QQ3:A
2026-08-19 12:27:35,905 [WARNING] [UNIPROT] Q8MHU4: used submissionNames
2026-08-19 12:27:35,905 [INFO] [1254/1829] [PDB] 43SR:A
2026-08-19 12:27:36,566 [INFO] [1255/1829] [PDB] 5NQ2:A
2026-08-19 12:27:36,571 [INFO] [1256/1829] [PDB] 8UMO:A
2026-08-19 12:27:36,682 [INFO] [1257/1829] [PDB] 5SWZ:A
2026-08-19 12:27:36,690 [INFO] [1258/1829] [PDB] 5GSV:A
2026-08-19 12:27:37,620 [INFO] [1259/1829] [PDB] 3BUY:A
2026-08-19 12:27:37,639 [INFO] [1260/1829] [PDB] 3DMM:A
2026-08-19 12:27:37,775 [WARNING] [UNIPROT] Q52PG7: used submissionNames
2026-08-19 12:27:37,776 [INFO] [1261/1829] [PDB] 8P43:A
2026-08-19 12:27:37,922 [INFO] [1262/1829] [PDB] 1S7X:A
2026-08-19 12:27:38,590 [INFO] [1263/1829] [PDB] 5NQ3:A
2026-08-19 12:27:38,602 [INFO] [1264/1829] [PDB] 1NAM:H
2026-08-19 12:27:38,646 [WARNING] [UNIPROT] B1A9P6: used submissionNames
2026-08-19 12:27:38,647 [INFO] [1265/1829] [PDB] 5KD7:A
2026-08-19 12:27:38,675 [INFO] [1266/1829] [PDB] 5YLX:A
2026-08-19 12:27:38,813 [INFO] [1267/1829] [PDB] 9M01:A
2026-08-19 12:27:39,595 [INFO] [1268/1829] [PDB] 3TF7:A
2026-08-19 12:27:39,626 [INFO] [1269/1829] [PDB] 6ILE:A
2026-08-19 12:27:39,790 [INFO] [1270/1829] [PDB] 43TE:A
2026-08-19 12:27:39,967 [INFO] [1271/1829] [PDB] 1MWA:H
2026-08-19 12:27:40,588 [WARNING] [UNIPROT] B1PJU3: used submissionNames
2026-08-19 12:27:40,589 [INFO] [1272/1829] [PDB] 5SWS:A
2026-08-19 12:27:40,639 [WARNING] [UNIPROT] O19244: used submissionNames
2026-08-19 12:27:40,639 [INFO] [1273/1829] [PDB] 1S7W:A
2026-08-19 12:27:40,777 [INFO] [1274/1829] [PDB] 3FON:A
2026-08-19 12:27:40,926 [WARNING] [UNIPROT] Q52PG7: used submissionNames
2026-08-19 12:27:40,927 [INFO] [1275/1829] [PDB] 2CII:A
2026-08-19 12:27:41,592 [INFO] [1276/1829] [PDB] 3CC5:A
2026-08-19 12:27:41,614 [WARNING] [UNIPROT] Q52PG7: used submissionNames
2026-08-19 12:27:41,615 [INFO] [1277/1829] [PDB] 5T7G:A
2026-08-19 12:27:41,706 [INFO] [1278/1829] [PDB] 3CH1:D
2026-08-19 12:27:41,749 [WARNING] [UNIPROT] A0A125R585: used submissionNames
2026-08-19 12:27:41,749 [INFO] [1279/1829] [PDB] 43SK:A
2026-08-19 12:27:42,598 [INFO] [1280/1829] [PDB] 6J2D:A
2026-08-19 12:27:42,686 [INFO] [1281/1829] [PDB] 8D5F:A
2026-08-19 12:27:42,739 [WARNING] [UNIPROT] D2YW38: used submissionNames
2026-08-19 12:27:42,740 [WARNING] [UNIPROT] D2YW38: gene name missing
2026-08-19 12:27:42,740 [INFO] [1282/1829] [PDB] 2ZSW:A
2026-08-19 12:27:42,819 [INFO] [1283/1829] [PDB] 6H6D:A
2026-08-19 12:27:43,621 [INFO] [1284/1829] [PDB] 6J2E:A
2026-08-19 12:27:43,638 [INFO] [1285/1829] [PDB] 4HUU:A
2026-08-19 12:27:43,799 [INFO] [1286/1829] [PDB] 1FFO:A
2026-08-19 12:27:43,949 [WARNING] [UNIPROT] B1PJV3: used submissionNames
2026-08-19 12:27:43,950 [INFO] [1287/1829] [PDB] 4L8B:A
2026-08-19 12:27:44,623 [WARNING] [UNIPROT] A0A125R585: used submissionNames
2026-08-19 12:27:44,624 [INFO] [1288/1829] [PDB] 9NVE:C
2026-08-19 12:27:44,662 [INFO] [1289/1829] [PDB] 4PV9:A
2026-08-19 12:27:44,735 [INFO] [1290/1829] [PDB] 1ZT1:A
2026-08-19 12:27:44,786 [WARNING] [UNIPROT] H6TIB1: used submissionNames
2026-08-19 12:27:44,787 [INFO] [1291/1829] [PDB] 4PGC:A
2026-08-19 12:27:45,595 [INFO] [1292/1829] [PDB] 7N9J:A
2026-08-19 12:27:45,711 [INFO] [1293/1829] [PDB] 1BZ9:A
2026-08-19 12:27:45,723 [INFO] [1294/1829] [PDB] 4HS3:A
2026-08-19 12:27:45,730 [INFO] [1295/1829] [PDB] 9C96:A
2026-08-19 12:27:46,561 [INFO] [1296/1829] [PDB] 4L8C:A
2026-08-19 12:27:46,697 [INFO] [1297/1829] [PDB] 3CCH:A
2026-08-19 12:27:46,746 [INFO] [1298/1829] [PDB] 1JPF:A
2026-08-19 12:27:46,907 [INFO] [1299/1829] [PDB] 6WZY:A
2026-08-19 12:27:47,649 [WARNING] [UNIPROT] Q52PG7: used submissionNames
2026-08-19 12:27:47,649 [INFO] [1300/1829] [PDB] 5WLI:A
2026-08-19 12:27:47,706 [INFO] [1301/1829] [PDB] 7N5C:A
2026-08-19 12:27:47,816 [INFO] [1302/1829] [PDB] 1S7V:A
2026-08-19 12:27:47,842 [INFO] [1303/1829] [PDB] 3WS6:A
2026-08-19 12:27:48,695 [WARNING] [UNIPROT] A0A125R585: used submissionNames
2026-08-19 12:27:48,695 [INFO] [1304/1829] [PDB] 3P4O:A
2026-08-19 12:27:48,743 [INFO] [1305/1829] [PDB] 6H6H:A
2026-08-19 12:27:48,840 [INFO] [1306/1829] [PDB] 6GB5:A
2026-08-19 12:27:48,853 [INFO] [1307/1829] [PDB] 6K7T:A
2026-08-19 12:27:49,677 [INFO] [1308/1829] [PDB] 1YN7:A
2026-08-19 12:27:49,730 [INFO] [1309/1829] [PDB] 7EMC:A
2026-08-19 12:27:49,905 [INFO] [1310/1829] [PDB] 7EM9:A
2026-08-19 12:27:50,051 [INFO] [1311/1829] [PDB] 3QQ4:A
2026-08-19 12:27:50,628 [INFO] [1312/1829] [PDB] 3QUL:A
2026-08-19 12:27:50,716 [INFO] [1313/1829] [PDB] 1FG2:A
2026-08-19 12:27:50,732 [INFO] [1314/1829] [PDB] 5NQ0:A
2026-08-19 12:27:50,803 [WARNING] [UNIPROT] Q8WLS4: used submissionNames
2026-08-19 12:27:50,803 [INFO] [1315/1829] [PDB] 5WET:A
2026-08-19 12:27:51,667 [WARNING] [UNIPROT] O19075: used submissionNames
2026-08-19 12:27:51,667 [INFO] [1316/1829] [PDB] 5WES:A
2026-08-19 12:27:51,675 [INFO] [1317/1829] [PDB] 5WLG:A
2026-08-19 12:27:51,770 [WARNING] [UNIPROT] O19075: used submissionNames
2026-08-19 12:27:51,771 [INFO] [1318/1829] [PDB] 4IHO:A
2026-08-19 12:27:51,843 [INFO] [1319/1829] [PDB] 3E6H:A
2026-08-19 12:27:52,632 [WARNING] [UNIPROT] O19244: used submissionNames
2026-08-19 12:27:52,633 [INFO] [1320/1829] [PDB] 5OQI:A
2026-08-19 12:27:52,635 [WARNING] [UNIPROT] B1PJV3: used submissionNames
2026-08-19 12:27:52,636 [INFO] [1321/1829] [PDB] 5H94:A
2026-08-19 12:27:52,700 [INFO] [1322/1829] [PDB] 7N5P:A
2026-08-19 12:27:52,774 [INFO] [1323/1829] [PDB] 6GB7:A
2026-08-19 12:27:53,579 [INFO] [1324/1829] [PDB] 6ILF:A
2026-08-19 12:27:53,618 [INFO] [1325/1829] [PDB] 6WL4:A
2026-08-19 12:27:53,690 [INFO] [1326/1829] [PDB] 1KJ3:H
2026-08-19 12:27:53,813 [INFO] [1327/1829] [PDB] 4HV8:A
2026-08-19 12:27:54,589 [INFO] [1328/1829] [PDB] 1BQH:A
2026-08-19 12:27:54,647 [INFO] [1329/1829] [PDB] 1S7U:A
2026-08-19 12:27:54,769 [WARNING] [UNIPROT] Q31167: used submissionNames
2026-08-19 12:27:54,770 [INFO] [1330/1829] [PDB] 6J2I:A
2026-08-19 12:27:55,591 [WARNING] [UNIPROT] A0A125R585: used submissionNames
2026-08-19 12:27:55,592 [INFO] [1331/1829] [PDB] 3L3H:A
2026-08-19 12:27:55,711 [INFO] [1332/1829] [PDB] 6GB6:A
2026-08-19 12:27:55,745 [INFO] [1333/1829] [PDB] 7EMD:A
2026-08-19 12:27:55,836 [INFO] [1334/1829] [PDB] 3FTG:A
2026-08-19 12:27:56,573 [INFO] [1335/1829] [PDB] 7EMA:A
2026-08-19 12:27:56,643 [INFO] [1336/1829] [PDB] 3VJ6:A
2026-08-19 12:27:56,686 [INFO] [1337/1829] [PDB] 1P4L:A
2026-08-19 12:27:56,820 [WARNING] [UNIPROT] A0A0N9JT91: used submissionNames
2026-08-19 12:27:56,820 [INFO] [1338/1829] [PDB] 2VE6:A
2026-08-19 12:27:57,628 [INFO] [1339/1829] [PDB] 1N3N:A
2026-08-19 12:27:57,663 [INFO] [1340/1829] [PDB] 43RH:A
2026-08-19 12:27:57,741 [INFO] [1341/1829] [PDB] 1FFN:A
2026-08-19 12:27:57,781 [INFO] [1342/1829] [PDB] 43SY:A
2026-08-19 12:27:58,561 [INFO] [1343/1829] [PDB] 7QNG:C
2026-08-19 12:27:58,669 [WARNING] [UNIPROT] A0A125R585: used submissionNames
2026-08-19 12:27:58,669 [INFO] [1344/1829] [PDB] 1KJ2:H
2026-08-19 12:27:58,869 [INFO] [1345/1829] [PDB] 9WNT:A
2026-08-19 12:27:59,022 [INFO] [1346/1829] [PDB] 6WL3:A
2026-08-19 12:27:59,581 [WARNING] [UNIPROT] Q52PG7: used submissionNames
2026-08-19 12:27:59,582 [INFO] [1347/1829] [PDB] 7JWJ:A
2026-08-19 12:27:59,741 [INFO] [1348/1829] [PDB] 5TJE:A
2026-08-19 12:27:59,837 [WARNING] [UNIPROT] A0A125R585: used submissionNames
2026-08-19 12:27:59,837 [INFO] [1349/1829] [PDB] 8W6L:A
2026-08-19 12:27:59,966 [INFO] [1350/1829] [PDB] 6MP0:A
2026-08-19 12:28:00,725 [INFO] [1351/1829] [PDB] 8TQ7:A
2026-08-19 12:28:00,822 [WARNING] [UNIPROT] O19075: used submissionNames
2026-08-19 12:28:00,823 [INFO] [1352/1829] [PDB] 7NA5:A
2026-08-19 12:28:00,985 [WARNING] [UNIPROT] O19075: used submissionNames
2026-08-19 12:28:00,985 [INFO] [1353/1829] [PDB] 3TPU:I
2026-08-19 12:28:01,183 [INFO] [1354/1829] [PDB] 6KWL:A
2026-08-19 12:28:01,586 [INFO] [1355/1829] [PDB] 2ZOL:A
2026-08-19 12:28:01,598 [INFO] [1356/1829] [PDB] 3P4N:A
2026-08-19 12:28:01,722 [INFO] [1357/1829] [PDB] 5OPI:A
2026-08-19 12:28:01,836 [INFO] [1358/1829] [PDB] 1JPG:A
2026-08-19 12:28:02,590 [WARNING] [UNIPROT] Q52PG7: used submissionNames
2026-08-19 12:28:02,590 [INFO] [1359/1829] [PDB] 1LDP:H
2026-08-19 12:28:02,805 [INFO] [1360/1829] [PDB] 6KWK:A
2026-08-19 12:28:02,991 [INFO] [1361/1829] [PDB] 5E8O:A
2026-08-19 12:28:03,117 [WARNING] [UNIPROT] B2ZHY7: used submissionNames
2026-08-19 12:28:03,117 [INFO] [1362/1829] [PDB] 3P9L:A
2026-08-19 12:28:03,562 [INFO] [1363/1829] [PDB] 2QRI:A
2026-08-19 12:28:03,577 [INFO] [1364/1829] [PDB] 1WBY:A
2026-08-19 12:28:03,620 [INFO] [1365/1829] [PDB] 5E8P:A
2026-08-19 12:28:03,719 [INFO] [1366/1829] [PDB] 9NW2:C
2026-08-19 12:28:04,556 [WARNING] [UNIPROT] B1A9P1: used submissionNames
2026-08-19 12:28:04,557 [INFO] [1367/1829] [PDB] 8FHU:A
2026-08-19 12:28:04,604 [INFO] [1368/1829] [PDB] 3P4M:A
2026-08-19 12:28:04,724 [INFO] [1369/1829] [PDB] 1YN6:A
2026-08-19 12:28:05,548 [INFO] [1370/1829] [PDB] 4Z78:A
2026-08-19 12:28:05,594 [INFO] [1371/1829] [PDB] 2ZSV:A
2026-08-19 12:28:06,580 [INFO] [1372/1829] [PDB] 8FHL:A
2026-08-19 12:28:06,582 [WARNING] [UNIPROT] A0A0F6N4U7: used submissionNames
2026-08-19 12:28:06,583 [WARNING] [UNIPROT] A0A0F6N4U7: gene name missing
2026-08-19 12:28:06,583 [INFO] [1373/1829] [PDB] 2F74:A
2026-08-19 12:28:06,652 [INFO] [1374/1829] [PDB] 1ZHB:A
2026-08-19 12:28:06,689 [INFO] [1375/1829] [PDB] 8TQ4:A
2026-08-19 12:28:07,613 [INFO] [1376/1829] [PDB] 3FOL:A
2026-08-19 12:28:07,643 [INFO] [1377/1829] [PDB] 6LF8:A
2026-08-19 12:28:07,663 [INFO] [1378/1829] [PDB] 1CE6:A
2026-08-19 12:28:07,784 [WARNING] [UNIPROT] A0A0F6N4U7: used submissionNames
2026-08-19 12:28:07,784 [WARNING] [UNIPROT] A0A0F6N4U7: gene name missing
2026-08-19 12:28:07,784 [INFO] [1379/1829] [PDB] 8JV0:A
2026-08-19 12:28:08,561 [INFO] [1380/1829] [PDB] 1FO0:H
2026-08-19 12:28:08,659 [INFO] [1381/1829] [PDB] 4MVB:A
2026-08-19 12:28:08,675 [INFO] [1382/1829] [PDB] 5OQH:A
2026-08-19 12:28:08,808 [INFO] [1383/1829] [PDB] 3RGV:C
2026-08-19 12:28:09,680 [INFO] [1384/1829] [PDB] 9NU7:C
2026-08-19 12:28:09,795 [INFO] [1385/1829] [PDB] 6KWO:A
2026-08-19 12:28:09,804 [INFO] [1386/1829] [PDB] 7N4K:A
2026-08-19 12:28:09,815 [INFO] [1387/1829] [PDB] 8GQV:A
2026-08-19 12:28:10,610 [INFO] [1388/1829] [PDB] 1FFP:A
2026-08-19 12:28:10,687 [INFO] [1389/1829] [PDB] 5NQ1:A
2026-08-19 12:28:10,847 [INFO] [1390/1829] [PDB] 3PQY:A
2026-08-19 12:28:11,022 [INFO] [1391/1829] [PDB] 3E2H:A
2026-08-19 12:28:21,558 [INFO] [1392/1829] [PDB] 1DDH:A
2026-08-19 12:28:21,601 [INFO] [1393/1829] [PDB] 5OQF:A
2026-08-19 12:28:21,633 [INFO] [1394/1829] [PDB] 5OQG:A
2026-08-19 12:28:21,707 [INFO] [1395/1829] [PDB] 6KWN:A
2026-08-19 12:28:22,590 [WARNING] [UNIPROT] B1PJV3: used submissionNames
2026-08-19 12:28:22,591 [INFO] [1396/1829] [PDB] 2QRT:A
2026-08-19 12:28:22,661 [INFO] [1397/1829] [PDB] 5KD4:A
2026-08-19 12:28:22,839 [WARNING] [UNIPROT] D2YW38: used submissionNames
2026-08-19 12:28:22,840 [WARNING] [UNIPROT] D2YW38: gene name missing
2026-08-19 12:28:22,840 [INFO] [1398/1829] [PDB] 9D72:A
2026-08-19 12:28:22,996 [WARNING] [UNIPROT] O19244: used submissionNames
2026-08-19 12:28:22,997 [INFO] [1399/1829] [PDB] 4N0C:A
2026-08-19 12:28:23,567 [INFO] [1400/1829] [PDB] 8GQW:A
2026-08-19 12:28:23,652 [INFO] [1401/1829] [PDB] 9RUP:C
2026-08-19 12:28:23,717 [WARNING] [UNIPROT] B1A9P1: used submissionNames
2026-08-19 12:28:23,717 [INFO] [1402/1829] [PDB] 3PAB:A
2026-08-19 12:28:24,544 [WARNING] [UNIPROT] B1PJU7: used submissionNames
2026-08-19 12:28:24,545 [INFO] [1403/1829] [PDB] 7N5Q:A
2026-08-19 12:28:24,559 [INFO] [1404/1829] [PDB] 2QRS:A
2026-08-19 12:28:24,627 [INFO] [1405/1829] [PDB] 8TQA:A
2026-08-19 12:28:24,779 [INFO] [1406/1829] [PDB] 1HOC:A
2026-08-19 12:28:25,723 [INFO] [1407/1829] [PDB] 9RU5:M
2026-08-19 12:28:25,852 [INFO] [1408/1829] [PDB] 3WS3:A
2026-08-19 12:28:25,901 [INFO] [1409/1829] [PDB] 5WER:A
2026-08-19 12:28:26,555 [WARNING] [UNIPROT] B1PJU7: used submissionNames
2026-08-19 12:28:26,556 [INFO] [1410/1829] [PDB] 2MHA:A
2026-08-19 12:28:26,656 [WARNING] [UNIPROT] E3WHS2: used submissionNames
2026-08-19 12:28:26,657 [INFO] [1411/1829] [PDB] 9C3E:H
2026-08-19 12:28:26,748 [INFO] [1412/1829] [PDB] 6MP1:A
2026-08-19 12:28:26,753 [WARNING] [UNIPROT] E3WHS2: used submissionNames
2026-08-19 12:28:26,754 [INFO] [1413/1829] [PDB] 3NWM:A
2026-08-19 12:28:27,592 [INFO] [1414/1829] [PDB] 1KJV:A
2026-08-19 12:28:27,694 [INFO] [1415/1829] [PDB] 1LD9:A
2026-08-19 12:28:27,743 [INFO] [1416/1829] [PDB] 7LFM:A
2026-08-19 12:28:27,831 [INFO] [1417/1829] [PDB] 7LFI:A
2026-08-19 12:28:28,829 [WARNING] [UNIPROT] A0A0D6K978: used submissionNames
2026-08-19 12:28:28,830 [INFO] [1418/1829] [PDB] 7LFL:A
2026-08-19 12:28:29,574 [INFO] [1419/1829] [PDB] 7EDO:A
2026-08-19 12:28:29,608 [WARNING] [UNIPROT] Q95565: used submissionNames
2026-08-19 12:28:29,609 [INFO] [1420/1829] [PDB] 7LFK:A
2026-08-19 12:28:29,720 [INFO] [1421/1829] [PDB] 4MS8:A
2026-08-19 12:28:30,581 [WARNING] [UNIPROT] Q31093: used submissionNames
2026-08-19 12:28:30,582 [INFO] [1422/1829] [PDB] 7LFJ:A
2026-08-19 12:28:30,682 [INFO] [1423/1829] [PDB] 1MHC:A
2026-08-19 12:28:30,706 [WARNING] [UNIPROT] Q31093: used submissionNames
2026-08-19 12:28:30,706 [INFO] [1424/1829] [PDB] 1NEZ:A
2026-08-19 12:28:30,844 [INFO] [1425/1829] [PDB] 9NKH:A
2026-08-19 12:28:31,546 [WARNING] [UNIPROT] F6IQR9: used submissionNames
2026-08-19 12:28:31,546 [INFO] [1426/1829] [PDB] 4G43:A
2026-08-19 12:28:31,608 [WARNING] [UNIPROT] Q95IT0: used submissionNames
2026-08-19 12:28:31,608 [INFO] [1427/1829] [PDB] 5YMW:A
2026-08-19 12:28:31,668 [INFO] [1428/1829] [PDB] 5GJY:A
2026-08-19 12:28:31,861 [INFO] [1429/1829] [PDB] 8Y74:A
2026-08-19 12:28:32,639 [WARNING] [UNIPROT] Q31093: used submissionNames
2026-08-19 12:28:32,639 [INFO] [1430/1829] [PDB] 5YMV:A
2026-08-19 12:28:32,655 [INFO] [1431/1829] [PDB] 8Z0H:A
2026-08-19 12:28:33,552 [WARNING] [UNIPROT] A0A3G6II09: used submissionNames
2026-08-19 12:28:33,552 [INFO] [1432/1829] [PDB] 8J4G:A
2026-08-19 12:28:33,642 [INFO] [1433/1829] [PDB] 4CVX:D
2026-08-19 12:28:33,704 [WARNING] [UNIPROT] O46790: used submissionNames
2026-08-19 12:28:33,705 [INFO] [1434/1829] [PDB] 8KB0:A
2026-08-19 12:28:34,576 [WARNING] [UNIPROT] P15979: gene name missing
2026-08-19 12:28:34,577 [INFO] [1435/1829] [PDB] 6LHG:A
2026-08-19 12:28:34,754 [WARNING] [UNIPROT] O46789: used submissionNames
2026-08-19 12:28:34,754 [INFO] [1436/1829] [PDB] 1P1Z:A
2026-08-19 12:28:34,854 [WARNING] [UNIPROT] Q31093: used submissionNames
2026-08-19 12:28:34,855 [INFO] [1437/1829] [PDB] 5GJX:A
2026-08-19 12:28:35,547 [WARNING] [UNIPROT] O46789: used submissionNames
2026-08-19 12:28:35,548 [INFO] [1438/1829] [PDB] 9M4L:A
2026-08-19 12:28:35,622 [INFO] [1439/1829] [PDB] 4E0R:A
2026-08-19 12:28:35,630 [INFO] [1440/1829] [PDB] 7WBG:A
2026-08-19 12:28:35,695 [INFO] [1441/1829] [PDB] 3BEW:A
2026-08-19 12:28:36,583 [WARNING] [UNIPROT] Q31093: used submissionNames
2026-08-19 12:28:36,585 [INFO] [1442/1829] [PDB] 8KCV:A
2026-08-19 12:28:36,589 [WARNING] [UNIPROT] A0A2Z4U0A8: used submissionNames
2026-08-19 12:28:36,590 [INFO] [1443/1829] [PDB] 6PUI:A
2026-08-19 12:28:36,634 [INFO] [1444/1829] [PDB] 5U1R:C
2026-08-19 12:28:36,663 [WARNING] [UNIPROT] P15979: gene name missing
2026-08-19 12:28:36,663 [INFO] [1445/1829] [PDB] 5U72:A
2026-08-19 12:28:37,560 [WARNING] [UNIPROT] O46789: used submissionNames
2026-08-19 12:28:37,560 [INFO] [1446/1829] [PDB] 6PUL:A
2026-08-19 12:28:37,664 [INFO] [1447/1829] [PDB] 3BEV:A
2026-08-19 12:28:37,694 [WARNING] [UNIPROT] Q6I7L2: used submissionNames
2026-08-19 12:28:37,694 [INFO] [1448/1829] [PDB] 5U16:A
2026-08-19 12:28:37,836 [WARNING] [UNIPROT] A0ZXM5: used submissionNames
2026-08-19 12:28:37,837 [INFO] [1449/1829] [PDB] 6PUD:A
2026-08-19 12:28:38,654 [WARNING] [UNIPROT] Q31093: used submissionNames
2026-08-19 12:28:38,655 [INFO] [1450/1829] [PDB] 5H5Z:A
2026-08-19 12:28:38,713 [INFO] [1451/1829] [PDB] 8KB1:A
2026-08-19 12:28:38,766 [WARNING] [UNIPROT] Q6I7L2: used submissionNames
2026-08-19 12:28:38,767 [INFO] [1452/1829] [PDB] 6XQP:A
2026-08-19 12:28:38,969 [WARNING] [UNIPROT] H9BNV4: used submissionNames
2026-08-19 12:28:38,970 [INFO] [1453/1829] [PDB] 6KYU:A
2026-08-19 12:28:39,672 [WARNING] [UNIPROT] Q95601: used submissionNames
2026-08-19 12:28:39,672 [INFO] [1454/1829] [PDB] 7ZT8:A
2026-08-19 12:28:39,737 [WARNING] [UNIPROT] A0A1L5SLS9: used submissionNames
2026-08-19 12:28:39,738 [INFO] [1455/1829] [PDB] 9EK6:A
2026-08-19 12:28:39,840 [WARNING] [UNIPROT] O46790: used submissionNames
2026-08-19 12:28:39,841 [INFO] [1456/1829] [PDB] 9BTX:A
2026-08-19 12:28:40,011 [WARNING] [UNIPROT] A0A6M3RI17: used submissionNames
2026-08-19 12:28:40,012 [INFO] [1457/1829] [PDB] 4G42:A
2026-08-19 12:28:40,569 [WARNING] [UNIPROT] A0A2Z4U0D0: used submissionNames
2026-08-19 12:28:40,570 [INFO] [1458/1829] [PDB] 8WO9:A
2026-08-19 12:28:40,606 [WARNING] [UNIPROT] O46790: used submissionNames
2026-08-19 12:28:40,606 [INFO] [1459/1829] [PDB] 5Y91:A
2026-08-19 12:28:40,721 [WARNING] [UNIPROT] Q95601: used submissionNames
2026-08-19 12:28:40,722 [INFO] [1460/1829] [PDB] 9O08:A
2026-08-19 12:28:40,792 [INFO] [1461/1829] [PDB] 9M63:A
2026-08-19 12:28:41,409 [INFO] [1462/1829] [PDB] 5U6Q:C
2026-08-19 12:28:41,577 [WARNING] [UNIPROT] Q6I7L1: used submissionNames
2026-08-19 12:28:41,578 [INFO] [1463/1829] [PDB] 9C42:A
2026-08-19 12:28:41,775 [INFO] [1464/1829] [PDB] 6PUM:A
2026-08-19 12:28:41,880 [INFO] [1465/1829] [PDB] 4L4V:A
2026-08-19 12:28:41,996 [INFO] [1466/1829] [PDB] 6PUC:A
2026-08-19 12:28:42,650 [WARNING] [UNIPROT] A0A6M3RI17: used submissionNames
2026-08-19 12:28:42,651 [INFO] [1467/1829] [PDB] 6PUJ:A
2026-08-19 12:28:42,711 [INFO] [1468/1829] [PDB] 6W9U:A
2026-08-19 12:28:42,744 [INFO] [1469/1829] [PDB] 6PUH:A
2026-08-19 12:28:42,899 [INFO] [1470/1829] [PDB] 6IRL:A
2026-08-19 12:28:43,690 [INFO] [1471/1829] [PDB] 8Y6X:A
2026-08-19 12:28:43,709 [INFO] [1472/1829] [PDB] 9CGR:A
2026-08-19 12:28:43,724 [INFO] [1473/1829] [PDB] 9O06:C
2026-08-19 12:28:43,795 [INFO] [1474/1829] [PDB] 5D7I:A
2026-08-19 12:28:44,670 [WARNING] [UNIPROT] Q9GIP6: used submissionNames
2026-08-19 12:28:44,670 [INFO] [1475/1829] [PDB] 4PJF:A
2026-08-19 12:28:44,708 [INFO] [1476/1829] [PDB] 6PVD:A
2026-08-19 12:28:44,765 [WARNING] [UNIPROT] Q65XY8: used submissionNames
2026-08-19 12:28:44,766 [INFO] [1477/1829] [PDB] 9LUD:A
2026-08-19 12:28:44,773 [INFO] [1478/1829] [PDB] 6KX9:A
2026-08-19 12:28:45,700 [WARNING] [UNIPROT] A0A2Z4U0R6: used submissionNames
2026-08-19 12:28:45,700 [INFO] [1479/1829] [PDB] 6PVC:A
2026-08-19 12:28:45,796 [WARNING] [UNIPROT] O46790: used submissionNames
2026-08-19 12:28:45,796 [INFO] [1480/1829] [PDB] 8JQT:A
2026-08-19 12:28:45,837 [INFO] [1481/1829] [PDB] 7WBI:A
2026-08-19 12:28:45,992 [WARNING] [UNIPROT] Q65XY8: used submissionNames
2026-08-19 12:28:45,993 [INFO] [1482/1829] [PDB] 6PUF:A
2026-08-19 12:28:46,751 [INFO] [1483/1829] [PDB] 9O05:A
2026-08-19 12:28:46,790 [INFO] [1484/1829] [PDB] 4PJI:A
2026-08-19 12:28:46,796 [WARNING] [UNIPROT] Q9GIP6: used submissionNames
2026-08-19 12:28:46,796 [INFO] [1485/1829] [PDB] 9O07:C
2026-08-19 12:28:46,892 [INFO] [1486/1829] [PDB] 4NQE:A
2026-08-19 12:28:47,744 [INFO] [1487/1829] [PDB] 5U2V:A
2026-08-19 12:28:47,824 [INFO] [1488/1829] [PDB] 4PJ5:A
2026-08-19 12:28:48,006 [INFO] [1489/1829] [PDB] 4CW1:A
2026-08-19 12:28:48,187 [INFO] [1490/1829] [PDB] 9BTY:A
2026-08-19 12:28:48,698 [INFO] [1491/1829] [PDB] 6PUG:A
2026-08-19 12:28:48,706 [INFO] [1492/1829] [PDB] 8VZ8:A
2026-08-19 12:28:48,739 [INFO] [1493/1829] [PDB] 6LBE:A
2026-08-19 12:28:48,839 [INFO] [1494/1829] [PDB] 6LUP:A
2026-08-19 12:28:49,590 [WARNING] [UNIPROT] A0ZXM3: used submissionNames
2026-08-19 12:28:49,590 [INFO] [1495/1829] [PDB] 6PUE:A
2026-08-19 12:28:49,861 [INFO] [1496/1829] [PDB] 9C9D:A
2026-08-19 12:28:50,045 [WARNING] [UNIPROT] A0A6M3RI17: used submissionNames
2026-08-19 12:28:50,045 [INFO] [1497/1829] [PDB] 5U17:A
2026-08-19 12:28:50,050 [INFO] [1498/1829] [PDB] 7ZT3:A
2026-08-19 12:28:50,685 [INFO] [1499/1829] [PDB] 4PJE:A
2026-08-19 12:28:50,714 [WARNING] [UNIPROT] Q6JWQ7: used submissionNames
2026-08-19 12:28:50,714 [INFO] [1500/1829] [PDB] 6PUK:A
2026-08-19 12:28:50,717 [WARNING] [UNIPROT] Q65XY8: used submissionNames
2026-08-19 12:28:50,717 [INFO] [1501/1829] [PDB] 6W9V:A
2026-08-19 12:28:50,740 [INFO] [1502/1829] [PDB] 9Y0V:A
2026-08-19 12:28:51,577 [WARNING] [UNIPROT] A0ZXM5: used submissionNames
2026-08-19 12:28:51,577 [INFO] [1503/1829] [PDB] 7ZT2:A
2026-08-19 12:28:51,674 [WARNING] [UNIPROT] Q9MX69: used submissionNames
2026-08-19 12:28:51,675 [INFO] [1504/1829] [PDB] 4PJ9:A
2026-08-19 12:28:51,912 [INFO] [1505/1829] [PDB] 9BTZ:A
2026-08-19 12:28:51,965 [INFO] [1506/1829] [PDB] 4PJG:A
2026-08-19 12:28:52,813 [INFO] [1507/1829] [PDB] 9Z4R:A
2026-08-19 12:28:52,924 [INFO] [1508/1829] [PDB] 6LHF:A
2026-08-19 12:28:53,110 [INFO] [1509/1829] [PDB] 9Y0W:C
2026-08-19 12:28:53,235 [INFO] [1510/1829] [PDB] 4D0B:A
2026-08-19 12:28:53,712 [INFO] [1511/1829] [PDB] 9Y0U:C
2026-08-19 12:28:53,757 [INFO] [1512/1829] [PDB] 4PJC:A
2026-08-19 12:28:53,885 [INFO] [1513/1829] [PDB] 7UFJ:A
2026-08-19 12:28:53,913 [INFO] [1514/1829] [PDB] 5D7J:E
2026-08-19 12:28:54,538 [WARNING] [UNIPROT] Q9GIP6: used submissionNames
2026-08-19 12:28:54,538 [INFO] [1515/1829] [PDB] 4PJ7:A
2026-08-19 12:28:54,702 [INFO] [1516/1829] [PDB] 9BU0:A
2026-08-19 12:28:54,831 [INFO] [1517/1829] [PDB] 9EK7:A
2026-08-19 12:28:54,841 [INFO] [1518/1829] [PDB] 4PJH:A
2026-08-19 12:28:55,756 [INFO] [1519/1829] [PDB] 9MS0:A
2026-08-19 12:28:55,772 [INFO] [1520/1829] [PDB] 4D0D:A
2026-08-19 12:28:55,776 [INFO] [1521/1829] [PDB] 8VZ9:A
2026-08-19 12:28:55,906 [INFO] [1522/1829] [PDB] 6LHH:A
2026-08-19 12:28:56,709 [INFO] [1523/1829] [PDB] 8BP6:A
2026-08-19 12:28:56,770 [INFO] [1524/1829] [PDB] 5ACZ:A
2026-08-19 12:28:56,846 [INFO] [1525/1829] [PDB] 4L8S:C
2026-08-19 12:28:56,951 [INFO] [1526/1829] [PDB] 7ZT5:A
2026-08-19 12:28:57,811 [INFO] [1527/1829] [PDB] 4PJD:A
2026-08-19 12:28:57,823 [INFO] [1528/1829] [PDB] 4D0C:A
2026-08-19 12:28:57,845 [INFO] [1529/1829] [PDB] 4PJX:A
2026-08-19 12:28:58,012 [INFO] [1530/1829] [PDB] 7ZT7:A
2026-08-19 12:28:58,689 [WARNING] [UNIPROT] Q95601: used submissionNames
2026-08-19 12:28:58,689 [INFO] [1531/1829] [PDB] 7ZT4:A
2026-08-19 12:28:58,778 [INFO] [1532/1829] [PDB] 9BYS:A
2026-08-19 12:28:58,886 [INFO] [1533/1829] [PDB] 4PJA:A
2026-08-19 12:28:59,557 [WARNING] [UNIPROT] Q95601: used submissionNames
2026-08-19 12:28:59,558 [INFO] [1534/1829] [PDB] 9HI7:A
2026-08-19 12:28:59,777 [INFO] [1535/1829] [PDB] 7LLI:C
2026-08-19 12:28:59,855 [INFO] [1536/1829] [PDB] 4LCW:A
2026-08-19 12:28:59,910 [INFO] [1537/1829] [PDB] 5AD0:A
2026-08-19 12:29:00,733 [INFO] [1538/1829] [PDB] 7CPO:A
2026-08-19 12:29:00,761 [INFO] [1539/1829] [PDB] 9EB5:A
2026-08-19 12:29:00,770 [INFO] [1540/1829] [PDB] 4L4T:A
2026-08-19 12:29:00,897 [WARNING] [UNIPROT] O46789: used submissionNames
2026-08-19 12:29:00,897 [INFO] [1541/1829] [PDB] 9EB3:A
2026-08-19 12:29:01,552 [WARNING] [UNIPROT] Q9GIP6: used submissionNames
2026-08-19 12:29:01,552 [INFO] [1542/1829] [PDB] 9EB2:A
2026-08-19 12:29:01,630 [WARNING] [UNIPROT] Q95601: used submissionNames
2026-08-19 12:29:01,630 [INFO] [1543/1829] [PDB] 9EB4:A
2026-08-19 12:29:01,772 [INFO] [1544/1829] [PDB] 2YEZ:A
2026-08-19 12:29:01,801 [INFO] [1545/1829] [PDB] 3P73:A
2026-08-19 12:29:02,911 [INFO] [1546/1829] [PDB] 7UMG:A
2026-08-19 12:29:03,054 [WARNING] [UNIPROT] Q95601: used submissionNames
2026-08-19 12:29:03,055 [INFO] [1547/1829] [PDB] 4CVZ:A
2026-08-19 12:29:03,059 [INFO] [1548/1829] [PDB] 3P77:A
2026-08-19 12:29:03,619 [INFO] [1549/1829] [PDB] 4IIQ:C
2026-08-19 12:29:03,651 [WARNING] [UNIPROT] Q9BCW3: used submissionNames
2026-08-19 12:29:03,651 [INFO] [1550/1829] [PDB] 4GUP:A
2026-08-19 12:29:03,659 [WARNING] [UNIPROT] Q9BCW3: used submissionNames
2026-08-19 12:29:03,660 [WARNING] [UNIPROT] Q9BCW3: used submissionNames
2026-08-19 12:29:03,661 [INFO] [1551/1829] [PDB] 4L9L:C
2026-08-19 12:29:03,661 [INFO] [1552/1829] [PDB] 7ZT9:A
2026-08-19 12:29:04,630 [WARNING] [UNIPROT] Q9BCW3: used submissionNames
2026-08-19 12:29:04,630 [INFO] [1553/1829] [PDB] 9QG8:A
2026-08-19 12:29:04,693 [INFO] [1554/1829] [PDB] 4PJB:A
2026-08-19 12:29:04,824 [INFO] [1555/1829] [PDB] 7LLJ:C
2026-08-19 12:29:04,848 [INFO] [1556/1829] [PDB] 1T7X:A
2026-08-19 12:29:05,569 [WARNING] [UNIPROT] Q95601: used submissionNames
2026-08-19 12:29:05,570 [INFO] [1557/1829] [PDB] 9EB6:A
2026-08-19 12:29:05,649 [WARNING] [UNIPROT] Q95601: used submissionNames
2026-08-19 12:29:05,650 [INFO] [1558/1829] [PDB] 6MWR:A
2026-08-19 12:29:06,548 [WARNING] [UNIPROT] Q9BCW3: used submissionNames
2026-08-19 12:29:06,548 [INFO] [1559/1829] [PDB] 1T7Y:A
2026-08-19 12:29:06,561 [INFO] [1560/1829] [PDB] 6A2B:A
2026-08-19 12:29:06,626 [WARNING] [UNIPROT] O98187: used submissionNames
2026-08-19 12:29:06,627 [WARNING] [UNIPROT] O98187: gene name missing
2026-08-19 12:29:06,627 [INFO] [1561/1829] [PDB] 1T7Z:A
2026-08-19 12:29:06,838 [INFO] [1562/1829] [PDB] 1T80:A
2026-08-19 12:29:07,619 [WARNING] [UNIPROT] G1KTN1: gene name missing
2026-08-19 12:29:07,620 [INFO] [1563/1829] [PDB] 7ZQI:A
2026-08-19 12:29:07,823 [INFO] [1564/1829] [PDB] 7ZQJ:A
2026-08-19 12:29:07,928 [INFO] [1565/1829] [PDB] 1DE4:A
2026-08-19 12:29:07,951 [WARNING] [UNIPROT] Q9BCW3: used submissionNames
2026-08-19 12:29:07,952 [INFO] [1566/1829] [PDB] 1T7V:A
2026-08-19 12:29:08,726 [INFO] [1567/1829] [PDB] 1ZS8:A
2026-08-19 12:29:08,814 [INFO] [1568/1829] [PDB] 1T7W:A
2026-08-19 12:29:08,849 [INFO] [1569/1829] [PDB] 6R2U:A
2026-08-19 12:29:08,923 [INFO] [1570/1829] [PDB] 4LCC:C
2026-08-19 12:29:09,684 [INFO] [1571/1829] [PDB] 1A6Z:A
2026-08-19 12:29:09,710 [INFO] [1572/1829] [PDB] 1ZAG:A
2026-08-19 12:29:09,731 [INFO] [1573/1829] [PDB] 1C16:A
2026-08-19 12:29:09,844 [INFO] [1574/1829] [PDB] 1R3H:A
2026-08-19 12:29:10,555 [INFO] [1575/1829] [PDB] 1YPZ:A
2026-08-19 12:29:10,627 [WARNING] [UNIPROT] O98187: used submissionNames
2026-08-19 12:29:10,628 [WARNING] [UNIPROT] O98187: gene name missing
2026-08-19 12:29:10,628 [INFO] [1576/1829] [PDB] 6NHA:A
2026-08-19 12:29:10,796 [INFO] [1577/1829] [PDB] 1FRT:A
2026-08-19 12:29:10,808 [INFO] [1578/1829] [PDB] 13BR:A
2026-08-19 12:29:21,591 [INFO] [1579/1829] [PDB] 6C98:A
2026-08-19 12:29:21,689 [WARNING] [UNIPROT] Q860W6: used submissionNames
2026-08-19 12:29:21,689 [INFO] [1580/1829] [PDB] 9WYD:A
2026-08-19 12:29:21,696 [INFO] [1581/1829] [PDB] 7Q15:A
2026-08-19 12:29:21,717 [INFO] [1582/1829] [PDB] 6WNA:A
2026-08-19 12:29:22,612 [INFO] [1583/1829] [PDB] 9OC7:Y
2026-08-19 12:29:22,717 [WARNING] [UNIPROT] Q9BCW3: used submissionNames
2026-08-19 12:29:22,717 [INFO] [1584/1829] [PDB] 6C97:A
2026-08-19 12:29:22,784 [INFO] [1585/1829] [PDB] 3FRU:A
2026-08-19 12:29:22,870 [WARNING] [UNIPROT] Q9TPA7: used submissionNames
2026-08-19 12:29:22,871 [WARNING] [UNIPROT] Q9TPA7: gene name missing
2026-08-19 12:29:22,871 [INFO] [1586/1829] [PDB] 9CH4:A
2026-08-19 12:29:23,633 [WARNING] [UNIPROT] Q9BCZ1: used submissionNames
2026-08-19 12:29:23,634 [INFO] [1587/1829] [PDB] 6WOL:A
2026-08-19 12:29:23,640 [WARNING] [UNIPROT] O98187: used submissionNames
2026-08-19 12:29:23,641 [WARNING] [UNIPROT] O98187: gene name missing
2026-08-19 12:29:23,641 [INFO] [1588/1829] [PDB] 9DBT:F
2026-08-19 12:29:23,685 [INFO] [1589/1829] [PDB] 1I1A:A
2026-08-19 12:29:23,795 [INFO] [1590/1829] [PDB] 2WY3:A
2026-08-19 12:29:24,598 [INFO] [1591/1829] [PDB] 9OC6:C
2026-08-19 12:29:24,743 [INFO] [1592/1829] [PDB] 6QIO:B
2026-08-19 12:29:24,780 [INFO] [1593/1829] [PDB] 6C99:A
2026-08-19 12:29:25,667 [INFO] [1594/1829] [PDB] 4N0F:A
2026-08-19 12:29:26,595 [INFO] [1595/1829] [PDB] 9MI6:A
2026-08-19 12:29:26,599 [INFO] [1596/1829] [PDB] 9OHU:A
2026-08-19 12:29:26,701 [INFO] [1597/1829] [PDB] 4N0U:A
2026-08-19 12:29:26,735 [INFO] [1598/1829] [PDB] 9NAV:I
2026-08-19 12:29:27,412 [INFO] [1599/1829] [PDB] 6FGB:A
2026-08-19 12:29:27,575 [INFO] [1600/1829] [PDB] 6LA6:E
2026-08-19 12:29:27,590 [INFO] [1601/1829] [PDB] 3QUY:A
2026-08-19 12:29:27,593 [INFO] [1602/1829] [PDB] 6QIP:B
2026-08-19 12:29:27,595 [INFO] [1603/1829] [PDB] 6XNG:A
2026-08-19 12:29:27,605 [INFO] [1604/1829] [PDB] 6ILM:E
2026-08-19 12:29:27,749 [INFO] [1605/1829] [PDB] 7M72:A
2026-08-19 12:29:27,860 [INFO] [1606/1829] [PDB] 6BNL:A
2026-08-19 12:29:28,059 [INFO] [1607/1829] [PDB] 6C6A:A
2026-08-19 12:29:28,596 [INFO] [1608/1829] [PDB] 6MIY:A
2026-08-19 12:29:28,609 [INFO] [1609/1829] [PDB] 4WO4:A
2026-08-19 12:29:28,625 [INFO] [1610/1829] [PDB] 9OHX:A
2026-08-19 12:29:28,755 [INFO] [1611/1829] [PDB] 3JVG:A
2026-08-19 12:29:29,443 [INFO] [1612/1829] [PDB] 1JE6:A
2026-08-19 12:29:29,565 [INFO] [1613/1829] [PDB] 8TM0:C
2026-08-19 12:29:29,665 [INFO] [1614/1829] [PDB] 5WHK:A
2026-08-19 12:29:29,831 [INFO] [1615/1829] [PDB] 6A97:A
2026-08-19 12:29:29,834 [INFO] [1616/1829] [PDB] 6V7Y:A
2026-08-19 12:29:30,638 [INFO] [1617/1829] [PDB] 6MJI:A
2026-08-19 12:29:30,785 [INFO] [1618/1829] [PDB] 6CYW:A
2026-08-19 12:29:30,958 [INFO] [1619/1829] [PDB] 6CW9:A
2026-08-19 12:29:31,159 [INFO] [1620/1829] [PDB] 4Y16:A
2026-08-19 12:29:31,653 [INFO] [1621/1829] [PDB] 9OHV:A
2026-08-19 12:29:31,695 [INFO] [1622/1829] [PDB] 8TM2:C
2026-08-19 12:29:31,780 [INFO] [1623/1829] [PDB] 6MJA:A
2026-08-19 12:29:31,790 [INFO] [1624/1829] [PDB] 5BXF:A
2026-08-19 12:29:32,470 [INFO] [1625/1829] [PDB] 8SOS:E
2026-08-19 12:29:32,569 [INFO] [1626/1829] [PDB] 3ARB:A
2026-08-19 12:29:32,655 [INFO] [1627/1829] [PDB] 4Y2D:A
2026-08-19 12:29:32,674 [INFO] [1628/1829] [PDB] 3ARD:A
2026-08-19 12:29:32,752 [INFO] [1629/1829] [PDB] 4K71:B
2026-08-19 12:29:33,570 [INFO] [1630/1829] [PDB] 3SDX:A
2026-08-19 12:29:33,655 [INFO] [1631/1829] [PDB] 1ONQ:A
2026-08-19 12:29:33,733 [INFO] [1632/1829] [PDB] 1EXU:A
2026-08-19 12:29:33,891 [INFO] [1633/1829] [PDB] 6LA7:E
2026-08-19 12:29:34,584 [INFO] [1634/1829] [PDB] 7MXF:A
2026-08-19 12:29:34,586 [INFO] [1635/1829] [PDB] 4IRS:A
2026-08-19 12:29:34,593 [INFO] [1636/1829] [PDB] 8TLZ:A
2026-08-19 12:29:35,621 [INFO] [1637/1829] [PDB] 9OHW:A
2026-08-19 12:29:35,668 [WARNING] [UNIPROT] A5HUM9: used submissionNames
2026-08-19 12:29:35,669 [INFO] [1638/1829] [PDB] 3GMO:A
2026-08-19 12:29:35,790 [INFO] [1639/1829] [PDB] 3GMN:A
2026-08-19 12:29:35,877 [INFO] [1640/1829] [PDB] 7MX4:A
2026-08-19 12:29:36,414 [INFO] [1641/1829] [PDB] 4MX7:A
2026-08-19 12:29:36,630 [INFO] [1642/1829] [PDB] 6OJP:A
2026-08-19 12:29:36,717 [INFO] [1643/1829] [PDB] 6OMG:A
2026-08-19 12:29:36,808 [INFO] [1644/1829] [PDB] 7C9V:E
2026-08-19 12:29:36,845 [INFO] [1645/1829] [PDB] 5VCJ:A
2026-08-19 12:29:37,642 [INFO] [1646/1829] [PDB] 6CXA:A
2026-08-19 12:29:37,676 [INFO] [1647/1829] [PDB] 4S0U:C
2026-08-19 12:29:37,747 [INFO] [1648/1829] [PDB] 3GMQ:A
2026-08-19 12:29:38,615 [INFO] [1649/1829] [PDB] 1KCG:C
2026-08-19 12:29:38,661 [INFO] [1650/1829] [PDB] 3SDA:A
2026-08-19 12:29:38,813 [INFO] [1651/1829] [PDB] 3RUG:A
2026-08-19 12:29:38,881 [INFO] [1652/1829] [PDB] 2Q7Y:A
2026-08-19 12:29:39,620 [INFO] [1653/1829] [PDB] 5FKP:A
2026-08-19 12:29:39,723 [INFO] [1654/1829] [PDB] 3AU1:A
2026-08-19 12:29:39,727 [INFO] [1655/1829] [PDB] 3TVM:A
2026-08-19 12:29:39,889 [INFO] [1656/1829] [PDB] 9OHY:A
2026-08-19 12:29:40,651 [INFO] [1657/1829] [PDB] 9RSF:A
2026-08-19 12:29:40,705 [INFO] [1658/1829] [PDB] 4Y4K:A
2026-08-19 12:29:40,807 [INFO] [1659/1829] [PDB] 3QI9:A
2026-08-19 12:29:40,969 [INFO] [1660/1829] [PDB] 3U0P:A
2026-08-19 12:29:41,595 [INFO] [1661/1829] [PDB] 6C69:A
2026-08-19 12:29:41,606 [INFO] [1662/1829] [PDB] 3GML:A
2026-08-19 12:29:41,647 [INFO] [1663/1829] [PDB] 9TJX:A
2026-08-19 12:29:41,718 [INFO] [1664/1829] [PDB] 6CWB:A
2026-08-19 12:29:42,561 [INFO] [1665/1829] [PDB] 9RSE:A
2026-08-19 12:29:42,571 [INFO] [1666/1829] [PDB] 6CXE:A
2026-08-19 12:29:42,637 [INFO] [1667/1829] [PDB] 9OHT:A
2026-08-19 12:29:42,724 [WARNING] [UNIPROT] F6TR81: used submissionNames
2026-08-19 12:29:42,725 [INFO] [1668/1829] [PDB] 3RZC:A
2026-08-19 12:29:43,437 [INFO] [1669/1829] [PDB] 6BMH:A
2026-08-19 12:29:43,603 [INFO] [1670/1829] [PDB] 1XZ0:A
2026-08-19 12:29:43,648 [INFO] [1671/1829] [PDB] 4WW2:C
2026-08-19 12:29:43,781 [INFO] [1672/1829] [PDB] 3UBX:A
2026-08-19 12:29:43,938 [INFO] [1673/1829] [PDB] 6V7Z:A
2026-08-19 12:29:44,581 [INFO] [1674/1829] [PDB] 6CWE:A
2026-08-19 12:29:44,626 [INFO] [1675/1829] [PDB] 4EI5:A
2026-08-19 12:29:44,672 [INFO] [1676/1829] [PDB] 4LHU:A
2026-08-19 12:29:44,740 [INFO] [1677/1829] [PDB] 3SDD:A
2026-08-19 12:29:45,662 [INFO] [1678/1829] [PDB] 8SGM:A
2026-08-19 12:29:45,681 [INFO] [1679/1829] [PDB] 3HUJ:A
2026-08-19 12:29:45,706 [INFO] [1680/1829] [PDB] 6SNY:B
2026-08-19 12:29:45,857 [INFO] [1681/1829] [PDB] 6MSS:C
2026-08-19 12:29:46,641 [INFO] [1682/1829] [PDB] 8DV3:A
2026-08-19 12:29:46,648 [INFO] [1683/1829] [PDB] 6CX9:A
2026-08-19 12:29:46,703 [INFO] [1684/1829] [PDB] 2GAZ:A
2026-08-19 12:29:46,860 [INFO] [1685/1829] [PDB] 3GMP:A
2026-08-19 12:29:47,614 [INFO] [1686/1829] [PDB] 4Y4H:A
2026-08-19 12:29:47,637 [INFO] [1687/1829] [PDB] 3D2U:A
2026-08-19 12:29:47,665 [INFO] [1688/1829] [PDB] 3O8X:A
2026-08-19 12:29:47,978 [INFO] [1689/1829] [PDB] 3VWK:A
2026-08-19 12:29:48,621 [INFO] [1690/1829] [PDB] 5EFI:A
2026-08-19 12:29:48,781 [INFO] [1691/1829] [PDB] 6MJ6:A
2026-08-19 12:29:48,927 [INFO] [1692/1829] [PDB] 6MJQ:A
2026-08-19 12:29:48,978 [INFO] [1693/1829] [PDB] 4IRJ:A
2026-08-19 12:29:49,814 [INFO] [1694/1829] [PDB] 7RYO:A
2026-08-19 12:29:49,863 [INFO] [1695/1829] [PDB] 3GMR:A
2026-08-19 12:29:50,046 [INFO] [1696/1829] [PDB] 9OI0:A
2026-08-19 12:29:50,175 [INFO] [1697/1829] [PDB] 6MJJ:A
2026-08-19 12:29:50,595 [INFO] [1698/1829] [PDB] 3TZV:C
2026-08-19 12:29:50,629 [INFO] [1699/1829] [PDB] 1L8J:A
2026-08-19 12:29:50,731 [INFO] [1700/1829] [PDB] 7FI9:C
2026-08-19 12:29:50,828 [INFO] [1701/1829] [PDB] 6CX7:A
2026-08-19 12:29:51,605 [INFO] [1702/1829] [PDB] 6CXF:A
2026-08-19 12:29:51,662 [INFO] [1703/1829] [PDB] 7RYN:A
2026-08-19 12:29:51,759 [INFO] [1704/1829] [PDB] 8GLE:A
2026-08-19 12:29:51,894 [INFO] [1705/1829] [PDB] 4MNG:A
2026-08-19 12:29:52,640 [INFO] [1706/1829] [PDB] 3MA7:C
2026-08-19 12:29:52,808 [INFO] [1707/1829] [PDB] 3SCM:A
2026-08-19 12:29:52,974 [INFO] [1708/1829] [PDB] 7MXH:A
2026-08-19 12:29:53,111 [INFO] [1709/1829] [PDB] 3GMM:A
2026-08-19 12:29:53,625 [INFO] [1710/1829] [PDB] 4F7C:A
2026-08-19 12:29:53,660 [INFO] [1711/1829] [PDB] 6C6C:A
2026-08-19 12:29:53,739 [INFO] [1712/1829] [PDB] 5TW5:A
2026-08-19 12:29:53,813 [INFO] [1713/1829] [PDB] 6OOR:A
2026-08-19 12:29:54,566 [INFO] [1714/1829] [PDB] 7FI6:C
2026-08-19 12:29:54,585 [INFO] [1715/1829] [PDB] 8GLF:A
2026-08-19 12:29:54,674 [INFO] [1716/1829] [PDB] 6MIV:A
2026-08-19 12:29:54,700 [INFO] [1717/1829] [PDB] 4Y4F:A
2026-08-19 12:29:55,671 [INFO] [1718/1829] [PDB] 3ILQ:C
2026-08-19 12:29:55,693 [INFO] [1719/1829] [PDB] 3TN0:A
2026-08-19 12:29:55,702 [INFO] [1720/1829] [PDB] 2AKR:A
2026-08-19 12:29:56,574 [INFO] [1721/1829] [PDB] 3O9W:A
2026-08-19 12:29:56,576 [INFO] [1722/1829] [PDB] 5L2J:A
2026-08-19 12:29:56,677 [INFO] [1723/1829] [PDB] 3G08:A
2026-08-19 12:29:56,747 [INFO] [1724/1829] [PDB] 4EN3:C
2026-08-19 12:29:57,564 [INFO] [1725/1829] [PDB] 6C6H:A
2026-08-19 12:29:57,831 [INFO] [1726/1829] [PDB] 3ARE:A
2026-08-19 12:29:57,838 [INFO] [1727/1829] [PDB] 7KP1:A
2026-08-19 12:29:58,004 [INFO] [1728/1829] [PDB] 6MJ4:A
2026-08-19 12:29:58,571 [INFO] [1729/1829] [PDB] 1Z5L:A
2026-08-19 12:29:58,687 [INFO] [1730/1829] [PDB] 3QUZ:A
2026-08-19 12:29:58,816 [WARNING] [UNIPROT] A1L565: used submissionNames
2026-08-19 12:29:58,816 [INFO] [1731/1829] [PDB] 4ZAK:A
2026-08-19 12:29:59,593 [INFO] [1732/1829] [PDB] 7OKS:A
2026-08-19 12:29:59,656 [INFO] [1733/1829] [PDB] 3ARF:A
2026-08-19 12:29:59,664 [INFO] [1734/1829] [PDB] 8SGB:A
2026-08-19 12:29:59,890 [INFO] [1735/1829] [PDB] 1CD1:A
2026-08-19 12:30:00,609 [INFO] [1736/1829] [PDB] 6NUX:A
2026-08-19 12:30:00,807 [INFO] [1737/1829] [PDB] 1GZP:A
2026-08-19 12:30:01,064 [INFO] [1738/1829] [PDB] 1HYR:C
2026-08-19 12:30:01,121 [INFO] [1739/1829] [PDB] 8GLH:A
2026-08-19 12:30:01,569 [INFO] [1740/1829] [PDB] 2FIK:A
2026-08-19 12:30:01,678 [INFO] [1741/1829] [PDB] 7FI5:C
2026-08-19 12:30:01,744 [INFO] [1742/1829] [PDB] 7KP0:A
2026-08-19 12:30:01,853 [INFO] [1743/1829] [PDB] 5C9J:A
2026-08-19 12:30:02,670 [INFO] [1744/1829] [PDB] 4X6D:A
2026-08-19 12:30:02,713 [INFO] [1745/1829] [PDB] 4V3E:B
2026-08-19 12:30:02,780 [INFO] [1746/1829] [PDB] 6C6F:A
2026-08-19 12:30:02,797 [INFO] [1747/1829] [PDB] 3QUX:A
2026-08-19 12:30:03,594 [INFO] [1748/1829] [PDB] 5WL1:A
2026-08-19 12:30:03,679 [INFO] [1749/1829] [PDB] 6C6J:A
2026-08-19 12:30:03,720 [INFO] [1750/1829] [PDB] 3RTQ:A
2026-08-19 12:30:03,815 [INFO] [1751/1829] [PDB] 3OV6:A
2026-08-19 12:30:04,602 [INFO] [1752/1829] [PDB] 3T1F:A
2026-08-19 12:30:04,713 [INFO] [1753/1829] [PDB] 3TA3:A
2026-08-19 12:30:04,890 [INFO] [1754/1829] [PDB] 7OKU:A
2026-08-19 12:30:05,047 [INFO] [1755/1829] [PDB] 5TW2:A
2026-08-19 12:30:05,601 [INFO] [1756/1829] [PDB] 6CW6:A
2026-08-19 12:30:05,615 [INFO] [1757/1829] [PDB] 8RWB:P
2026-08-19 12:30:05,676 [INFO] [1758/1829] [PDB] 7RYM:A
2026-08-19 12:30:06,591 [INFO] [1759/1829] [PDB] 8GLI:A
2026-08-19 12:30:06,636 [INFO] [1760/1829] [PDB] 4ELM:A
2026-08-19 12:30:06,749 [INFO] [1761/1829] [PDB] 3T8X:A
2026-08-19 12:30:07,266 [INFO] [1762/1829] [PDB] 9QWK:A
2026-08-19 12:30:07,581 [INFO] [1763/1829] [PDB] 6CX5:A
2026-08-19 12:30:07,638 [INFO] [1764/1829] [PDB] 6C6E:A
2026-08-19 12:30:07,648 [INFO] [1765/1829] [PDB] 4APQ:A
2026-08-19 12:30:07,718 [INFO] [1766/1829] [PDB] 6D64:A
2026-08-19 12:30:08,689 [INFO] [1767/1829] [PDB] 7SH4:A
2026-08-19 12:30:08,759 [INFO] [1768/1829] [PDB] 4V3D:D
2026-08-19 12:30:08,867 [INFO] [1769/1829] [PDB] 6BMK:A
2026-08-19 12:30:09,668 [INFO] [1770/1829] [PDB] 6C5M:A
2026-08-19 12:30:09,748 [INFO] [1771/1829] [PDB] 9OHZ:A
2026-08-19 12:30:09,801 [INFO] [1772/1829] [PDB] 6C09:A
2026-08-19 12:30:10,585 [INFO] [1773/1829] [PDB] 8GLG:A
2026-08-19 12:30:10,783 [INFO] [1774/1829] [PDB] 2PO6:A
2026-08-19 12:30:10,817 [INFO] [1775/1829] [PDB] 4X6E:A
2026-08-19 12:30:10,910 [INFO] [1776/1829] [PDB] 7OKV:A
2026-08-19 12:30:21,591 [INFO] [1777/1829] [PDB] 4ONO:A
2026-08-19 12:30:21,747 [INFO] [1778/1829] [PDB] 7FI7:C
2026-08-19 12:30:21,803 [INFO] [1779/1829] [PDB] 6CUG:A
2026-08-19 12:30:22,697 [INFO] [1780/1829] [PDB] 1GZQ:A
2026-08-19 12:30:22,772 [INFO] [1781/1829] [PDB] 7Q5D:A
2026-08-19 12:30:22,831 [INFO] [1782/1829] [PDB] 2H26:A
2026-08-19 12:30:22,942 [INFO] [1783/1829] [PDB] 1ZHN:A
2026-08-19 12:30:23,669 [INFO] [1784/1829] [PDB] 3TO4:A
2026-08-19 12:30:23,817 [INFO] [1785/1829] [PDB] 4WWK:C
2026-08-19 12:30:23,831 [INFO] [1786/1829] [PDB] 5L2K:A
2026-08-19 12:30:23,952 [INFO] [1787/1829] [PDB] 7OKT:A
2026-08-19 12:30:24,601 [INFO] [1788/1829] [PDB] 3SDC:A
2026-08-19 12:30:24,666 [INFO] [1789/1829] [PDB] 8GM8:A
2026-08-19 12:30:24,672 [INFO] [1790/1829] [PDB] 3VWJ:A
2026-08-19 12:30:24,838 [INFO] [1791/1829] [PDB] 5J1A:A
2026-08-19 12:30:25,576 [INFO] [1792/1829] [PDB] 5WKE:A
2026-08-19 12:30:25,588 [INFO] [1793/1829] [PDB] 6BNK:A
2026-08-19 12:30:25,599 [INFO] [1794/1829] [PDB] 5WKG:A
2026-08-19 12:30:25,757 [INFO] [1795/1829] [PDB] 9QWJ:B
2026-08-19 12:30:26,654 [INFO] [1796/1829] [PDB] 1ZT4:A
2026-08-19 12:30:26,668 [INFO] [1797/1829] [PDB] 6V80:A
2026-08-19 12:30:26,815 [INFO] [1798/1829] [PDB] 8T4Z:A
2026-08-19 12:30:26,846 [INFO] [1799/1829] [PDB] 3ARG:A
2026-08-19 12:30:27,651 [INFO] [1800/1829] [PDB] 4MQ7:A
2026-08-19 12:30:27,664 [INFO] [1801/1829] [PDB] 3ILP:A
2026-08-19 12:30:27,687 [INFO] [1802/1829] [PDB] 3HE6:A
2026-08-19 12:30:28,651 [INFO] [1803/1829] [PDB] 3HE7:A
2026-08-19 12:30:28,774 [INFO] [1804/1829] [PDB] 7FI8:C
2026-08-19 12:30:28,829 [INFO] [1805/1829] [PDB] 4F7E:A
2026-08-19 12:30:29,589 [INFO] [1806/1829] [PDB] 5WKI:A
2026-08-19 12:30:29,716 [INFO] [1807/1829] [PDB] 8ZOX:A
2026-08-19 12:30:29,782 [INFO] [1808/1829] [PDB] 7KOZ:A
2026-08-19 12:30:29,827 [INFO] [1809/1829] [PDB] 8C44:C
2026-08-19 12:30:30,598 [INFO] [1810/1829] [PDB] 1UQS:A
2026-08-19 12:30:30,719 [WARNING] [UNIPROT] A1L565: used submissionNames
2026-08-19 12:30:30,719 [INFO] [1811/1829] [PDB] 3L9R:A
2026-08-19 12:30:30,759 [INFO] [1812/1829] [PDB] 4X6F:A
2026-08-19 12:30:31,580 [INFO] [1813/1829] [PDB] 3DBX:A
2026-08-19 12:30:31,627 [WARNING] [UNIPROT] A0ABF7PPZ1: used submissionNames
2026-08-19 12:30:31,628 [INFO] [1814/1829] [PDB] 4X6C:A
2026-08-19 12:30:31,712 [INFO] [1815/1829] [PDB] 4FFE:X
2026-08-19 12:30:31,753 [INFO] [1816/1829] [PDB] 6C15:A
2026-08-19 12:30:32,612 [WARNING] [UNIPROT] Q1L1H6: used submissionNames
2026-08-19 12:30:32,612 [INFO] [1817/1829] [PDB] 9VVN:A
2026-08-19 12:30:32,630 [INFO] [1818/1829] [PDB] 7XXA:E
2026-08-19 12:30:32,675 [INFO] [1819/1829] [PDB] 3S6C:A
2026-08-19 12:30:32,753 [INFO] [1820/1829] [PDB] 4PDC:E
2026-08-19 12:30:33,398 [WARNING] [REQUEST] SIFTS:9VVN: attempt=1/3; 404 Client Error: Not Found for url: https://www.ebi.ac.uk/pdbe/api/mappings/uniprot/9vvn
2026-08-19 12:30:33,604 [INFO] [1821/1829] [PDB] 3IT8:D
2026-08-19 12:30:33,638 [WARNING] [UNIPROT] Q5GL29: used submissionNames
2026-08-19 12:30:33,638 [WARNING] [UNIPROT] Q5GL29: gene name missing
2026-08-19 12:30:33,638 [INFO] [1822/1829] [PDB] 1JFM:A
2026-08-19 12:30:33,770 [INFO] [1823/1829] [PDB] 1PQZ:A
2026-08-19 12:30:34,574 [INFO] [1824/1829] [PDB] 4G59:A
2026-08-19 12:30:34,599 [INFO] [1825/1829] [PDB] 2O5N:B
2026-08-19 12:30:34,693 [INFO] [1826/1829] [PDB] 1U58:A
2026-08-19 12:30:34,828 [INFO] [1827/1829] [PDB] 4PP8:C
2026-08-19 12:30:35,487 [WARNING] [REQUEST] SIFTS:2O5N: attempt=1/3; 404 Client Error: Not Found for url: https://www.ebi.ac.uk/pdbe/api/mappings/uniprot/2o5n
2026-08-19 12:30:35,595 [INFO] [1828/1829] [PDB] 2NYK:A
2026-08-19 12:30:35,680 [WARNING] [UNIPROT] Q9DHW0: used submissionNames
2026-08-19 12:30:35,680 [INFO] [1829/1829] [PDB] 4JO8:A
2026-08-19 12:30:36,188 [WARNING] [REQUEST] SIFTS:9VVN: attempt=2/3; 404 Client Error: Not Found for url: https://www.ebi.ac.uk/pdbe/api/mappings/uniprot/9vvn
2026-08-19 12:30:36,599 [WARNING] [UNIPROT] A2Q6L5: used submissionNames
2026-08-19 12:30:37,156 [WARNING] [UNIPROT] Q8QN43: used submissionNames
2026-08-19 12:30:37,893 [WARNING] [UNIPROT] Q8QN43: used submissionNames
2026-08-19 12:30:38,268 [WARNING] [REQUEST] SIFTS:2O5N: attempt=2/3; 404 Client Error: Not Found for url: https://www.ebi.ac.uk/pdbe/api/mappings/uniprot/2o5n
2026-08-19 12:30:40,985 [WARNING] [REQUEST] SIFTS:9VVN: attempt=3/3; 404 Client Error: Not Found for url: https://www.ebi.ac.uk/pdbe/api/mappings/uniprot/9vvn
2026-08-19 12:30:43,064 [WARNING] [REQUEST] SIFTS:2O5N: attempt=3/3; 404 Client Error: Not Found for url: https://www.ebi.ac.uk/pdbe/api/mappings/uniprot/2o5n
2026-08-19 12:30:48,986 [ERROR] [REQUEST_FAILED] SIFTS:9VVN
2026-08-19 12:30:48,987 [ERROR] [SIFTS_FAILED] 9VVN: no UniProt mapping
2026-08-19 12:30:51,065 [ERROR] [REQUEST_FAILED] SIFTS:2O5N
2026-08-19 12:30:51,066 [ERROR] [SIFTS_FAILED] 2O5N: no UniProt mapping
2026-08-19 12:30:51,099 [INFO] [CSV] /home/rocio.maidana/Documents/pMHCfold/version6/pdb_data/filter/step2-1/pdb/pdb_mhc_annotations.csv
2026-08-19 12:30:51,099 [INFO] [CSV] /home/rocio.maidana/Documents/pMHCfold/version6/pdb_data/filter/step2-1/pdb/pdb_mhc_annotation_errors.csv
2026-08-19 12:30:51,099 [INFO] [DONE] PDB annotations
